base_lf1, lf1_lf2, lf2_lf3, base_rf1, rf1_rf2, rf2_rf3, base_rb1, rb1_rb2, rb2_rb3, base_lb1, lb1_lb2, lb2_lb3
-0.11466, 0.90601, -1.46458, 0.19980, 0.92521, -1.42776, 0.07635, 1.17858, -1.49320, 0.04868, 0.99173, -1.59297
-0.11334, 0.90651, -1.46487, 0.20083, 0.92587, -1.42809, 0.07931, 1.17598, -1.50133, 0.04918, 0.99205, -1.59310
-0.11205, 0.90701, -1.46513, 0.20178, 0.92660, -1.42836, 0.08250, 1.17297, -1.50969, 0.04965, 0.99237, -1.59326
-0.11078, 0.90747, -1.46554, 0.20278, 0.92727, -1.42871, 0.08593, 1.16945, -1.51823, 0.05020, 0.99265, -1.59334
-0.10969, 0.90784, -1.46614, 0.20361, 0.92784, -1.42926, 0.08953, 1.16521, -1.52676, 0.05068, 0.99281, -1.59308
-0.10871, 0.90817, -1.46691, 0.20435, 0.92830, -1.42998, 0.09327, 1.16046, -1.53517, 0.05113, 0.99289, -1.59273
-0.10780, 0.90848, -1.46762, 0.20511, 0.92867, -1.43065, 0.09710, 1.15538, -1.54314, 0.05157, 0.99305, -1.59233
-0.10694, 0.90877, -1.46821, 0.20589, 0.92886, -1.43116, 0.10087, 1.15000, -1.55022, 0.05191, 0.99329, -1.59204
-0.10611, 0.90903, -1.46872, 0.20674, 0.92887, -1.43159, 0.10468, 1.14442, -1.55647, 0.05220, 0.99360, -1.59181
-0.10526, 0.90931, -1.46903, 0.20763, 0.92884, -1.43181, 0.10864, 1.13875, -1.56209, 0.05252, 0.99403, -1.59157
-0.10441, 0.90961, -1.46922, 0.20851, 0.92878, -1.43178, 0.11286, 1.13312, -1.56718, 0.05289, 0.99453, -1.59125
-0.10351, 0.90994, -1.46920, 0.20936, 0.92871, -1.43156, 0.11746, 1.12760, -1.57171, 0.05335, 0.99512, -1.59082
-0.10256, 0.91029, -1.46910, 0.21015, 0.92872, -1.43119, 0.12193, 1.12198, -1.57584, 0.05391, 0.99575, -1.59033
-0.10169, 0.91068, -1.46898, 0.21071, 0.92879, -1.43084, 0.12599, 1.11601, -1.57964, 0.05464, 0.99631, -1.58981
-0.10096, 0.91108, -1.46898, 0.21087, 0.92907, -1.43072, 0.12901, 1.10941, -1.58320, 0.05556, 0.99673, -1.58928
-0.10031, 0.91149, -1.46906, 0.21075, 0.92948, -1.43067, 0.13127, 1.10244, -1.58643, 0.05656, 0.99705, -1.58872
-0.09980, 0.91191, -1.46910, 0.21045, 0.92996, -1.43069, 0.13286, 1.09518, -1.58934, 0.05758, 0.99730, -1.58815
-0.09955, 0.91227, -1.46925, 0.20987, 0.93050, -1.43090, 0.13342, 1.08753, -1.59192, 0.05839, 0.99738, -1.58743
-0.09952, 0.91259, -1.46942, 0.20913, 0.93106, -1.43122, 0.13323, 1.07969, -1.59422, 0.05902, 0.99736, -1.58664
-0.09960, 0.91289, -1.46960, 0.20847, 0.93160, -1.43161, 0.13280, 1.07198, -1.59621, 0.05959, 0.99730, -1.58580
-0.09971, 0.91313, -1.46974, 0.20809, 0.93211, -1.43183, 0.13271, 1.06482, -1.59802, 0.06006, 0.99735, -1.58500
-0.09989, 0.91341, -1.46984, 0.20812, 0.93256, -1.43193, 0.13316, 1.05845, -1.59972, 0.06050, 0.99756, -1.58420
-0.09999, 0.91361, -1.46988, 0.20840, 0.93296, -1.43190, 0.13381, 1.05264, -1.60126, 0.06105, 0.99782, -1.58339
-0.10007, 0.91376, -1.46970, 0.20873, 0.93326, -1.43181, 0.13433, 1.04748, -1.60257, 0.06169, 0.99810, -1.58258
-0.09988, 0.91382, -1.46912, 0.20908, 0.93346, -1.43158, 0.13463, 1.04305, -1.60360, 0.06270, 0.99842, -1.58172
-0.09969, 0.91381, -1.46836, 0.20938, 0.93358, -1.43130, 0.13471, 1.03930, -1.60442, 0.06384, 0.99871, -1.58085
-0.09947, 0.91374, -1.46747, 0.20950, 0.93367, -1.43089, 0.13455, 1.03628, -1.60498, 0.06502, 0.99898, -1.57993
-0.09956, 0.91370, -1.46651, 0.20911, 0.93378, -1.43046, 0.13388, 1.03429, -1.60537, 0.06590, 0.99925, -1.57898
-0.09974, 0.91364, -1.46559, 0.20848, 0.93392, -1.42992, 0.13297, 1.03316, -1.60550, 0.06674, 0.99949, -1.57802
-0.10019, 0.91358, -1.46474, 0.20755, 0.93404, -1.42946, 0.13173, 1.03275, -1.60553, 0.06736, 0.99972, -1.57706
-0.10079, 0.91349, -1.46401, 0.20659, 0.93416, -1.42909, 0.13048, 1.03304, -1.60541, 0.06777, 0.99996, -1.57623
-0.10157, 0.91343, -1.46353, 0.20567, 0.93429, -1.42880, 0.12928, 1.03404, -1.60518, 0.06807, 1.00026, -1.57560
-0.10253, 0.91333, -1.46320, 0.20466, 0.93438, -1.42873, 0.12807, 1.03542, -1.60481, 0.06819, 1.00056, -1.57508
-0.10349, 0.91318, -1.46297, 0.20373, 0.93436, -1.42878, 0.12702, 1.03699, -1.60421, 0.06838, 1.00082, -1.57449
-0.10446, 0.91292, -1.46283, 0.20283, 0.93421, -1.42909, 0.12624, 1.03856, -1.60344, 0.06861, 1.00097, -1.57384
-0.10539, 0.91265, -1.46279, 0.20203, 0.93399, -1.42947, 0.12566, 1.04010, -1.60244, 0.06896, 1.00112, -1.57317
-0.10620, 0.91230, -1.46278, 0.20134, 0.93372, -1.42990, 0.12510, 1.04143, -1.60117, 0.06936, 1.00120, -1.57246
-0.10681, 0.91189, -1.46283, 0.20077, 0.93349, -1.43021, 0.12444, 1.04237, -1.59959, 0.06976, 1.00128, -1.57170
-0.10725, 0.91142, -1.46287, 0.20040, 0.93329, -1.43040, 0.12377, 1.04290, -1.59767, 0.07026, 1.00130, -1.57087
-0.10764, 0.91096, -1.46291, 0.20000, 0.93313, -1.43052, 0.12303, 1.04311, -1.59570, 0.07077, 1.00129, -1.57000
-0.10801, 0.91049, -1.46301, 0.19960, 0.93304, -1.43054, 0.12221, 1.04289, -1.59370, 0.07137, 1.00126, -1.56920
-0.10851, 0.91007, -1.46306, 0.19891, 0.93302, -1.43055, 0.12115, 1.04227, -1.59189, 0.07189, 1.00114, -1.56840
-0.10900, 0.90971, -1.46315, 0.19830, 0.93308, -1.43052, 0.12024, 1.04142, -1.59018, 0.07247, 1.00103, -1.56761
-0.10949, 0.90940, -1.46318, 0.19769, 0.93318, -1.43048, 0.11939, 1.04048, -1.58862, 0.07292, 1.00090, -1.56688
-0.10997, 0.90923, -1.46313, 0.19725, 0.93337, -1.43041, 0.11891, 1.03957, -1.58741, 0.07328, 1.00078, -1.56617
-0.11035, 0.90913, -1.46307, 0.19696, 0.93361, -1.43031, 0.11871, 1.03870, -1.58630, 0.07359, 1.00070, -1.56550
-0.11057, 0.90904, -1.46303, 0.19684, 0.93385, -1.43017, 0.11875, 1.03786, -1.58537, 0.07390, 1.00066, -1.56490
-0.11067, 0.90890, -1.46311, 0.19692, 0.93405, -1.43006, 0.11892, 1.03715, -1.58448, 0.07409, 1.00077, -1.56436
-0.11054, 0.90877, -1.46326, 0.19724, 0.93422, -1.42988, 0.11931, 1.03653, -1.58370, 0.07432, 1.00097, -1.56393
-0.11033, 0.90864, -1.46349, 0.19760, 0.93442, -1.42973, 0.11974, 1.03600, -1.58310, 0.07456, 1.00123, -1.56352
-0.10998, 0.90853, -1.46377, 0.19805, 0.93470, -1.42953, 0.12023, 1.03561, -1.58298, 0.07500, 1.00156, -1.56324
-0.10950, 0.90853, -1.46396, 0.19854, 0.93513, -1.42913, 0.12081, 1.03543, -1.58342, 0.07584, 1.00198, -1.56296
-0.10894, 0.90858, -1.46424, 0.19905, 0.93562, -1.42872, 0.12129, 1.03527, -1.58412, 0.07676, 1.00246, -1.56283
-0.10835, 0.90862, -1.46443, 0.19956, 0.93615, -1.42824, 0.12158, 1.03502, -1.58482, 0.07765, 1.00295, -1.56272
-0.10764, 0.90862, -1.46469, 0.20015, 0.93664, -1.42786, 0.12161, 1.03448, -1.58533, 0.07843, 1.00345, -1.56270
-0.10690, 0.90860, -1.46502, 0.20074, 0.93711, -1.42749, 0.12146, 1.03374, -1.58576, 0.07909, 1.00394, -1.56274
-0.10620, 0.90859, -1.46528, 0.20125, 0.93759, -1.42711, 0.12127, 1.03295, -1.58606, 0.07974, 1.00443, -1.56279
-0.10567, 0.90856, -1.46554, 0.20164, 0.93802, -1.42685, 0.12116, 1.03209, -1.58621, 0.08029, 1.00487, -1.56276
-0.10523, 0.90855, -1.46577, 0.20193, 0.93843, -1.42654, 0.12117, 1.03125, -1.58628, 0.08079, 1.00530, -1.56269
-0.10496, 0.90850, -1.46600, 0.20208, 0.93877, -1.42633, 0.12130, 1.03043, -1.58633, 0.08132, 1.00568, -1.56254
-0.10473, 0.90850, -1.46626, 0.20222, 0.93906, -1.42607, 0.12171, 1.02984, -1.58654, 0.08218, 1.00609, -1.56234
-0.10449, 0.90853, -1.46655, 0.20239, 0.93927, -1.42581, 0.12249, 1.02948, -1.58696, 0.08338, 1.00650, -1.56214
-0.10443, 0.90852, -1.46694, 0.20244, 0.93942, -1.42559, 0.12335, 1.02918, -1.58747, 0.08453, 1.00685, -1.56188
-0.10443, 0.90851, -1.46734, 0.20247, 0.93955, -1.42531, 0.12421, 1.02896, -1.58797, 0.08579, 1.00722, -1.56161
-0.10466, 0.90838, -1.46779, 0.20228, 0.93957, -1.42511, 0.12481, 1.02865, -1.58838, 0.08682, 1.00755, -1.56128
-0.10491, 0.90824, -1.46821, 0.20203, 0.93958, -1.42476, 0.12533, 1.02834, -1.58871, 0.08781, 1.00791, -1.56097
-0.10528, 0.90802, -1.46867, 0.20169, 0.93959, -1.42444, 0.12577, 1.02798, -1.58897, 0.08863, 1.00824, -1.56056
-0.10559, 0.90779, -1.46903, 0.20135, 0.93964, -1.42400, 0.12630, 1.02754, -1.58916, 0.08940, 1.00852, -1.56006
-0.10600, 0.90752, -1.46936, 0.20091, 0.93975, -1.42358, 0.12672, 1.02702, -1.58934, 0.09002, 1.00877, -1.55942
-0.10639, 0.90728, -1.46962, 0.20044, 0.93989, -1.42312, 0.12715, 1.02650, -1.58947, 0.09059, 1.00903, -1.55879
-0.10693, 0.90705, -1.46991, 0.19984, 0.94003, -1.42273, 0.12758, 1.02605, -1.58967, 0.09102, 1.00933, -1.55816
-0.10763, 0.90689, -1.47014, 0.19910, 0.94019, -1.42239, 0.12789, 1.02567, -1.58999, 0.09128, 1.00965, -1.55757
-0.10836, 0.90677, -1.47030, 0.19830, 0.94040, -1.42203, 0.12818, 1.02540, -1.59032, 0.09157, 1.01008, -1.55700
-0.10915, 0.90665, -1.47046, 0.19748, 0.94058, -1.42166, 0.12839, 1.02521, -1.59068, 0.09179, 1.01053, -1.55654
-0.10997, 0.90662, -1.47038, 0.19664, 0.94080, -1.42119, 0.12843, 1.02525, -1.59112, 0.09196, 1.01119, -1.55615
-0.11070, 0.90661, -1.47032, 0.19595, 0.94098, -1.42067, 0.12851, 1.02535, -1.59147, 0.09217, 1.01190, -1.55584
-0.11137, 0.90657, -1.47016, 0.19534, 0.94117, -1.42005, 0.12859, 1.02550, -1.59177, 0.09252, 1.01263, -1.55555
-0.11186, 0.90644, -1.47004, 0.19499, 0.94130, -1.41942, 0.12872, 1.02555, -1.59183, 0.09299, 1.01328, -1.55518
-0.11221, 0.90625, -1.46990, 0.19487, 0.94138, -1.41868, 0.12890, 1.02556, -1.59176, 0.09358, 1.01389, -1.55480
-0.11244, 0.90605, -1.46981, 0.19489, 0.94145, -1.41790, 0.12919, 1.02555, -1.59154, 0.09430, 1.01448, -1.55440
-0.11264, 0.90584, -1.46990, 0.19493, 0.94149, -1.41721, 0.12954, 1.02547, -1.59130, 0.09503, 1.01495, -1.55402
-0.11287, 0.90566, -1.47005, 0.19490, 0.94147, -1.41649, 0.13003, 1.02535, -1.59104, 0.09574, 1.01532, -1.55373
-0.11308, 0.90549, -1.47030, 0.19496, 0.94144, -1.41582, 0.13055, 1.02520, -1.59078, 0.09645, 1.01568, -1.55346
-0.11328, 0.90534, -1.47054, 0.19499, 0.94144, -1.41523, 0.13109, 1.02505, -1.59055, 0.09711, 1.01598, -1.55330
-0.11351, 0.90521, -1.47078, 0.19498, 0.94141, -1.41478, 0.13160, 1.02490, -1.59038, 0.09761, 1.01627, -1.55325
-0.11373, 0.90505, -1.47096, 0.19496, 0.94141, -1.41435, 0.13209, 1.02477, -1.59019, 0.09808, 1.01655, -1.55326
-0.11397, 0.90488, -1.47114, 0.19493, 0.94140, -1.41403, 0.13243, 1.02460, -1.59007, 0.09846, 1.01683, -1.55325
-0.11409, 0.90467, -1.47136, 0.19508, 0.94138, -1.41375, 0.13281, 1.02448, -1.58998, 0.09886, 1.01710, -1.55330
-0.11418, 0.90442, -1.47151, 0.19526, 0.94135, -1.41347, 0.13303, 1.02440, -1.58988, 0.09928, 1.01738, -1.55323
-0.11426, 0.90412, -1.47164, 0.19550, 0.94128, -1.41321, 0.13322, 1.02430, -1.58983, 0.09965, 1.01766, -1.55318
-0.11423, 0.90378, -1.47188, 0.19582, 0.94115, -1.41297, 0.13340, 1.02420, -1.58976, 0.10008, 1.01790, -1.55308
-0.11408, 0.90342, -1.47208, 0.19622, 0.94095, -1.41267, 0.13359, 1.02415, -1.58968, 0.10060, 1.01813, -1.55289
-0.11394, 0.90307, -1.47233, 0.19657, 0.94076, -1.41234, 0.13381, 1.02411, -1.58961, 0.10112, 1.01835, -1.55273
-0.11379, 0.90271, -1.47265, 0.19692, 0.94051, -1.41210, 0.13406, 1.02398, -1.58948, 0.10162, 1.01847, -1.55259
-0.11371, 0.90245, -1.47298, 0.19709, 0.94032, -1.41180, 0.13440, 1.02385, -1.58932, 0.10208, 1.01857, -1.55258
-0.11361, 0.90222, -1.47331, 0.19718, 0.94015, -1.41149, 0.13480, 1.02370, -1.58905, 0.10249, 1.01861, -1.55264
-0.11357, 0.90204, -1.47370, 0.19728, 0.93997, -1.41130, 0.13525, 1.02351, -1.58889, 0.10284, 1.01860, -1.55282
-0.11346, 0.90185, -1.47415, 0.19744, 0.93981, -1.41107, 0.13579, 1.02331, -1.58870, 0.10327, 1.01860, -1.55309
-0.11335, 0.90173, -1.47455, 0.19764, 0.93970, -1.41087, 0.13640, 1.02315, -1.58853, 0.10369, 1.01862, -1.55348
-0.11319, 0.90159, -1.47504, 0.19793, 0.93957, -1.41078, 0.13696, 1.02295, -1.58841, 0.10411, 1.01861, -1.55390
-0.11302, 0.90142, -1.47555, 0.19835, 0.93942, -1.41079, 0.13755, 1.02278, -1.58830, 0.10449, 1.01861, -1.55431
-0.11281, 0.90123, -1.47610, 0.19887, 0.93925, -1.41092, 0.13803, 1.02262, -1.58826, 0.10494, 1.01861, -1.55468
-0.11253, 0.90103, -1.47667, 0.19945, 0.93909, -1.41111, 0.13850, 1.02246, -1.58821, 0.10531, 1.01859, -1.55506
-0.11223, 0.90084, -1.47715, 0.20001, 0.93892, -1.41129, 0.13892, 1.02235, -1.58813, 0.10571, 1.01858, -1.55538
-0.11191, 0.90070, -1.47761, 0.20046, 0.93878, -1.41139, 0.13927, 1.02231, -1.58802, 0.10609, 1.01862, -1.55563
-0.11157, 0.90062, -1.47801, 0.20081, 0.93864, -1.41142, 0.13954, 1.02235, -1.58793, 0.10647, 1.01868, -1.55584
-0.11120, 0.90052, -1.47837, 0.20114, 0.93845, -1.41140, 0.13980, 1.02239, -1.58781, 0.10682, 1.01872, -1.55607
-0.11083, 0.90043, -1.47866, 0.20141, 0.93816, -1.41136, 0.14005, 1.02244, -1.58763, 0.10715, 1.01876, -1.55635
-0.11046, 0.90033, -1.47885, 0.20169, 0.93778, -1.41125, 0.14026, 1.02249, -1.58745, 0.10743, 1.01877, -1.55667
-0.11010, 0.90022, -1.47900, 0.20191, 0.93739, -1.41108, 0.14043, 1.02251, -1.58726, 0.10766, 1.01879, -1.55701
-0.10977, 0.90006, -1.47915, 0.20217, 0.93705, -1.41084, 0.14056, 1.02253, -1.58703, 0.10788, 1.01872, -1.55733
-0.10951, 0.89989, -1.47928, 0.20242, 0.93678, -1.41052, 0.14063, 1.02246, -1.58678, 0.10810, 1.01859, -1.55760
-0.10939, 0.89968, -1.47938, 0.20260, 0.93655, -1.41024, 0.14059, 1.02238, -1.58653, 0.10819, 1.01841, -1.55790
-0.10917, 0.89948, -1.47954, 0.20285, 0.93636, -1.41001, 0.14065, 1.02225, -1.58623, 0.10838, 1.01826, -1.55820
-0.10909, 0.89932, -1.47964, 0.20304, 0.93624, -1.40994, 0.14064, 1.02214, -1.58586, 0.10855, 1.01816, -1.55847
-0.10894, 0.89918, -1.47972, 0.20324, 0.93616, -1.40997, 0.14067, 1.02201, -1.58547, 0.10874, 1.01809, -1.55872
-0.10883, 0.89904, -1.47980, 0.20346, 0.93605, -1.40999, 0.14068, 1.02193, -1.58504, 0.10898, 1.01804, -1.55895
-0.10885, 0.89888, -1.47990, 0.20362, 0.93592, -1.40998, 0.14067, 1.02193, -1.58464, 0.10912, 1.01803, -1.55919
-0.10884, 0.89870, -1.47998, 0.20380, 0.93574, -1.40991, 0.14067, 1.02199, -1.58423, 0.10925, 1.01805, -1.55939
-0.10883, 0.89850, -1.48010, 0.20398, 0.93560, -1.40983, 0.14068, 1.02207, -1.58384, 0.10940, 1.01804, -1.55961
-0.10888, 0.89829, -1.48023, 0.20403, 0.93553, -1.40982, 0.14057, 1.02218, -1.58347, 0.10948, 1.01797, -1.55976
-0.10897, 0.89811, -1.48028, 0.20394, 0.93562, -1.40972, 0.14038, 1.02233, -1.58321, 0.10953, 1.01791, -1.55991
-0.10906, 0.89790, -1.48031, 0.20382, 0.93573, -1.40968, 0.14014, 1.02246, -1.58293, 0.10955, 1.01780, -1.56002
-0.10915, 0.89767, -1.48034, 0.20369, 0.93591, -1.40979, 0.13984, 1.02253, -1.58274, 0.10959, 1.01767, -1.56015
-0.10928, 0.89741, -1.48039, 0.20351, 0.93610, -1.41012, 0.13946, 1.02244, -1.58259, 0.10950, 1.01750, -1.56033
-0.10934, 0.89714, -1.48045, 0.20343, 0.93629, -1.41053, 0.13912, 1.02229, -1.58253, 0.10945, 1.01730, -1.56056
-0.10943, 0.89681, -1.48044, 0.20330, 0.93643, -1.41103, 0.13868, 1.02214, -1.58246, 0.10933, 1.01712, -1.56073
-0.10944, 0.89650, -1.48041, 0.20330, 0.93653, -1.41140, 0.13831, 1.02207, -1.58241, 0.10916, 1.01701, -1.56090
-0.10938, 0.89614, -1.48040, 0.20335, 0.93657, -1.41177, 0.13794, 1.02208, -1.58237, 0.10894, 1.01692, -1.56105
-0.10927, 0.89576, -1.48035, 0.20348, 0.93653, -1.41204, 0.13765, 1.02211, -1.58230, 0.10868, 1.01685, -1.56114
-0.10904, 0.89538, -1.48039, 0.20386, 0.93639, -1.41240, 0.13741, 1.02215, -1.58225, 0.10845, 1.01679, -1.56120
-0.10869, 0.89500, -1.48046, 0.20440, 0.93616, -1.41276, 0.13722, 1.02220, -1.58220, 0.10814, 1.01674, -1.56126
-0.10822, 0.89460, -1.48067, 0.20512, 0.93591, -1.41318, 0.13714, 1.02220, -1.58214, 0.10791, 1.01664, -1.56129
-0.10779, 0.89422, -1.48089, 0.20582, 0.93565, -1.41355, 0.13699, 1.02210, -1.58209, 0.10764, 1.01651, -1.56132
-0.10741, 0.89386, -1.48133, 0.20647, 0.93551, -1.41399, 0.13680, 1.02184, -1.58215, 0.10733, 1.01624, -1.56142
-0.10701, 0.89347, -1.48182, 0.20706, 0.93540, -1.41443, 0.13661, 1.02148, -1.58219, 0.10705, 1.01591, -1.56152
-0.10663, 0.89311, -1.48247, 0.20760, 0.93532, -1.41495, 0.13637, 1.02103, -1.58231, 0.10673, 1.01547, -1.56168
-0.10624, 0.89274, -1.48310, 0.20791, 0.93530, -1.41554, 0.13596, 1.02059, -1.58248, 0.10637, 1.01502, -1.56190
-0.10587, 0.89235, -1.48374, 0.20808, 0.93531, -1.41623, 0.13543, 1.02012, -1.58274, 0.10587, 1.01449, -1.56218
-0.10547, 0.89199, -1.48444, 0.20825, 0.93531, -1.41697, 0.13491, 1.01967, -1.58298, 0.10550, 1.01397, -1.56247
-0.10510, 0.89158, -1.48501, 0.20839, 0.93523, -1.41768, 0.13441, 1.01925, -1.58326, 0.10502, 1.01349, -1.56277
-0.10461, 0.89119, -1.48545, 0.20877, 0.93505, -1.41827, 0.13404, 1.01892, -1.58343, 0.10467, 1.01308, -1.56304
-0.10413, 0.89080, -1.48585, 0.20912, 0.93482, -1.41883, 0.13372, 1.01860, -1.58364, 0.10430, 1.01270, -1.56332
-0.10365, 0.89044, -1.48625, 0.20950, 0.93459, -1.41938, 0.13338, 1.01831, -1.58382, 0.10394, 1.01239, -1.56360
-0.10316, 0.89015, -1.48673, 0.20993, 0.93434, -1.41987, 0.13315, 1.01800, -1.58398, 0.10359, 1.01209, -1.56390
-0.10267, 0.88993, -1.48718, 0.21032, 0.93413, -1.42031, 0.13296, 1.01769, -1.58415, 0.10326, 1.01183, -1.56420
-0.10220, 0.88975, -1.48773, 0.21065, 0.93391, -1.42082, 0.13268, 1.01734, -1.58429, 0.10284, 1.01151, -1.56454
-0.10178, 0.88964, -1.48838, 0.21095, 0.93370, -1.42145, 0.13239, 1.01691, -1.58446, 0.10244, 1.01111, -1.56492
-0.10139, 0.88956, -1.48911, 0.21123, 0.93349, -1.42214, 0.13203, 1.01641, -1.58464, 0.10194, 1.01064, -1.56532
-0.10099, 0.88954, -1.48973, 0.21150, 0.93332, -1.42281, 0.13167, 1.01594, -1.58484, 0.10150, 1.01017, -1.56577
-0.10059, 0.88953, -1.49023, 0.21168, 0.93318, -1.42344, 0.13120, 1.01553, -1.58498, 0.10095, 1.00969, -1.56624
-0.10016, 0.88952, -1.49060, 0.21191, 0.93308, -1.42390, 0.13076, 1.01518, -1.58508, 0.10044, 1.00922, -1.56671
-0.09974, 0.88953, -1.49081, 0.21213, 0.93298, -1.42431, 0.13032, 1.01490, -1.58515, 0.09995, 1.00880, -1.56716
-0.09931, 0.88952, -1.49098, 0.21234, 0.93287, -1.42467, 0.12989, 1.01464, -1.58520, 0.09940, 1.00837, -1.56766
-0.09876, 0.88955, -1.49107, 0.21276, 0.93277, -1.42498, 0.12973, 1.01448, -1.58523, 0.09899, 1.00800, -1.56820
-0.09829, 0.88956, -1.49118, 0.21309, 0.93265, -1.42530, 0.12953, 1.01430, -1.58521, 0.09852, 1.00761, -1.56872
-0.09786, 0.88960, -1.49120, 0.21347, 0.93250, -1.42557, 0.12938, 1.01417, -1.58519, 0.09806, 1.00725, -1.56919
-0.09752, 0.88963, -1.49126, 0.21382, 0.93230, -1.42593, 0.12924, 1.01403, -1.58511, 0.09756, 1.00688, -1.56964
-0.09735, 0.88967, -1.49135, 0.21414, 0.93206, -1.42633, 0.12909, 1.01384, -1.58503, 0.09700, 1.00644, -1.57000
-0.09721, 0.88971, -1.49147, 0.21444, 0.93182, -1.42673, 0.12885, 1.01364, -1.58490, 0.09640, 1.00600, -1.57038
-0.09706, 0.88977, -1.49167, 0.21477, 0.93161, -1.42708, 0.12864, 1.01338, -1.58473, 0.09590, 1.00553, -1.57081
-0.09699, 0.88983, -1.49197, 0.21495, 0.93143, -1.42743, 0.12826, 1.01308, -1.58457, 0.09534, 1.00504, -1.57125
-0.09688, 0.88992, -1.49229, 0.21514, 0.93133, -1.42775, 0.12785, 1.01280, -1.58438, 0.09484, 1.00455, -1.57173
-0.09668, 0.89004, -1.49259, 0.21537, 0.93127, -1.42805, 0.12750, 1.01253, -1.58421, 0.09436, 1.00412, -1.57229
-0.09629, 0.89016, -1.49294, 0.21561, 0.93127, -1.42836, 0.12728, 1.01232, -1.58403, 0.09405, 1.00373, -1.57295
-0.09590, 0.89029, -1.49325, 0.21587, 0.93131, -1.42868, 0.12704, 1.01213, -1.58385, 0.09367, 1.00335, -1.57360
-0.09545, 0.89043, -1.49354, 0.21614, 0.93134, -1.42902, 0.12680, 1.01201, -1.58371, 0.09327, 1.00300, -1.57427
-0.09498, 0.89058, -1.49374, 0.21652, 0.93129, -1.42927, 0.12663, 1.01200, -1.58362, 0.09282, 1.00270, -1.57491
-0.09459, 0.89075, -1.49386, 0.21698, 0.93118, -1.42949, 0.12640, 1.01204, -1.58362, 0.09230, 1.00242, -1.57548
-0.09415, 0.89091, -1.49394, 0.21750, 0.93099, -1.42976, 0.12624, 1.01208, -1.58359, 0.09174, 1.00211, -1.57608
-0.09381, 0.89104, -1.49408, 0.21803, 0.93073, -1.43013, 0.12600, 1.01201, -1.58352, 0.09114, 1.00178, -1.57656
-0.09341, 0.89115, -1.49424, 0.21862, 0.93039, -1.43055, 0.12579, 1.01187, -1.58340, 0.09059, 1.00145, -1.57704
-0.09300, 0.89124, -1.49443, 0.21930, 0.93003, -1.43111, 0.12563, 1.01162, -1.58320, 0.09004, 1.00106, -1.57752
-0.09255, 0.89135, -1.49466, 0.21991, 0.92974, -1.43162, 0.12541, 1.01133, -1.58303, 0.08960, 1.00070, -1.57797
-0.09216, 0.89150, -1.49483, 0.22034, 0.92958, -1.43212, 0.12506, 1.01098, -1.58281, 0.08918, 1.00029, -1.57848
-0.09164, 0.89168, -1.49506, 0.22082, 0.92948, -1.43264, 0.12477, 1.01065, -1.58258, 0.08894, 0.99990, -1.57904
-0.09110, 0.89185, -1.49533, 0.22128, 0.92941, -1.43316, 0.12446, 1.01026, -1.58240, 0.08868, 0.99950, -1.57961
-0.09053, 0.89199, -1.49571, 0.22171, 0.92930, -1.43383, 0.12402, 1.00988, -1.58232, 0.08833, 0.99908, -1.58022
-0.08985, 0.89208, -1.49621, 0.22224, 0.92911, -1.43457, 0.12366, 1.00948, -1.58235, 0.08797, 0.99863, -1.58087
-0.08915, 0.89214, -1.49681, 0.22276, 0.92888, -1.43542, 0.12327, 1.00907, -1.58241, 0.08758, 0.99816, -1.58154
-0.08841, 0.89215, -1.49745, 0.22338, 0.92863, -1.43632, 0.12294, 1.00877, -1.58259, 0.08715, 0.99778, -1.58217
-0.08758, 0.89209, -1.49831, 0.22410, 0.92824, -1.43744, 0.12266, 1.00846, -1.58292, 0.08670, 0.99740, -1.58280
-0.08677, 0.89198, -1.49914, 0.22480, 0.92781, -1.43853, 0.12244, 1.00821, -1.58325, 0.08624, 0.99706, -1.58337
-0.08604, 0.89190, -1.49993, 0.22540, 0.92743, -1.43955, 0.12228, 1.00800, -1.58354, 0.08580, 0.99676, -1.58391
-0.08533, 0.89192, -1.50054, 0.22600, 0.92715, -1.44033, 0.12235, 1.00787, -1.58364, 0.08547, 0.99658, -1.58444
-0.08480, 0.89195, -1.50111, 0.22641, 0.92691, -1.44110, 0.12242, 1.00773, -1.58369, 0.08513, 0.99642, -1.58484
-0.08437, 0.89201, -1.50159, 0.22676, 0.92667, -1.44181, 0.12250, 1.00760, -1.58367, 0.08478, 0.99624, -1.58522
-0.08404, 0.89201, -1.50209, 0.22697, 0.92643, -1.44253, 0.12252, 1.00739, -1.58355, 0.08446, 0.99605, -1.58554
-0.08374, 0.89204, -1.50257, 0.22714, 0.92620, -1.44317, 0.12254, 1.00714, -1.58334, 0.08423, 0.99583, -1.58580
-0.08352, 0.89206, -1.50297, 0.22724, 0.92596, -1.44383, 0.12245, 1.00689, -1.58323, 0.08394, 0.99561, -1.58605
-0.08333, 0.89209, -1.50330, 0.22731, 0.92573, -1.44443, 0.12231, 1.00666, -1.58320, 0.08369, 0.99534, -1.58627
-0.08325, 0.89214, -1.50343, 0.22727, 0.92546, -1.44490, 0.12203, 1.00649, -1.58334, 0.08335, 0.99506, -1.58644
-0.08324, 0.89218, -1.50344, 0.22720, 0.92521, -1.44530, 0.12169, 1.00635, -1.58354, 0.08303, 0.99478, -1.58654
-0.08329, 0.89223, -1.50329, 0.22704, 0.92499, -1.44556, 0.12135, 1.00630, -1.58373, 0.08265, 0.99454, -1.58657
-0.08348, 0.89222, -1.50296, 0.22684, 0.92479, -1.44572, 0.12103, 1.00632, -1.58390, 0.08213, 0.99441, -1.58655
-0.08371, 0.89221, -1.50257, 0.22659, 0.92461, -1.44582, 0.12083, 1.00637, -1.58407, 0.08170, 0.99433, -1.58650
-0.08414, 0.89220, -1.50206, 0.22620, 0.92445, -1.44581, 0.12054, 1.00650, -1.58422, 0.08121, 0.99430, -1.58635
-0.08470, 0.89218, -1.50150, 0.22577, 0.92432, -1.44573, 0.12025, 1.00670, -1.58442, 0.08085, 0.99434, -1.58620
-0.08542, 0.89219, -1.50099, 0.22524, 0.92422, -1.44567, 0.11994, 1.00692, -1.58465, 0.08058, 0.99438, -1.58600
-0.08620, 0.89219, -1.50039, 0.22466, 0.92414, -1.44552, 0.11956, 1.00716, -1.58490, 0.08036, 0.99443, -1.58574
-0.08708, 0.89226, -1.49976, 0.22394, 0.92407, -1.44534, 0.11907, 1.00739, -1.58514, 0.08021, 0.99444, -1.58546
-0.08799, 0.89239, -1.49902, 0.22305, 0.92402, -1.44516, 0.11838, 1.00757, -1.58537, 0.08006, 0.99437, -1.58513
-0.08903, 0.89249, -1.49830, 0.22204, 0.92399, -1.44505, 0.11755, 1.00770, -1.58562, 0.07984, 0.99425, -1.58478
-0.09004, 0.89257, -1.49765, 0.22104, 0.92397, -1.44489, 0.11678, 1.00782, -1.58580, 0.07959, 0.99412, -1.58443
-0.09115, 0.89257, -1.49711, 0.22003, 0.92394, -1.44484, 0.11604, 1.00785, -1.58593, 0.07918, 0.99396, -1.58412
-0.09228, 0.89252, -1.49668, 0.21902, 0.92393, -1.44482, 0.11529, 1.00790, -1.58605, 0.07865, 0.99384, -1.58384
-0.09336, 0.89246, -1.49632, 0.21808, 0.92391, -1.44489, 0.11467, 1.00793, -1.58618, 0.07809, 0.99373, -1.58365
-0.09440, 0.89240, -1.49612, 0.21729, 0.92386, -1.44506, 0.11416, 1.00794, -1.58639, 0.07745, 0.99364, -1.58349
-0.09526, 0.89238, -1.49593, 0.21666, 0.92378, -1.44520, 0.11381, 1.00800, -1.58660, 0.07689, 0.99360, -1.58338
-0.09606, 0.89236, -1.49580, 0.21609, 0.92368, -1.44544, 0.11351, 1.00803, -1.58682, 0.07633, 0.99359, -1.58325
-0.09675, 0.89230, -1.49561, 0.21546, 0.92358, -1.44581, 0.11315, 1.00808, -1.58711, 0.07577, 0.99353, -1.58310
-0.09727, 0.89226, -1.49534, 0.21478, 0.92345, -1.44619, 0.11279, 1.00821, -1.58745, 0.07532, 0.99348, -1.58285
-0.09769, 0.89217, -1.49512, 0.21417, 0.92333, -1.44662, 0.11240, 1.00828, -1.58783, 0.07492, 0.99337, -1.58264
-0.09807, 0.89198, -1.49490, 0.21362, 0.92313, -1.44708, 0.11186, 1.00827, -1.58817, 0.07451, 0.99323, -1.58228
-0.09838, 0.89161, -1.49482, 0.21325, 0.92284, -1.44749, 0.11108, 1.00807, -1.58852, 0.07414, 0.99295, -1.58184
-0.09871, 0.89116, -1.49476, 0.21298, 0.92249, -1.44789, 0.11019, 1.00780, -1.58881, 0.07371, 0.99264, -1.58134
-0.09904, 0.89068, -1.49485, 0.21276, 0.92211, -1.44840, 0.10934, 1.00745, -1.58913, 0.07328, 0.99228, -1.58086
-0.09938, 0.89028, -1.49504, 0.21253, 0.92176, -1.44892, 0.10869, 1.00713, -1.58949, 0.07285, 0.99195, -1.58043
-0.09974, 0.88995, -1.49524, 0.21233, 0.92143, -1.44945, 0.10818, 1.00685, -1.58982, 0.07241, 0.99166, -1.58012
-0.10013, 0.88968, -1.49548, 0.21207, 0.92111, -1.45006, 0.10777, 1.00659, -1.59024, 0.07191, 0.99139, -1.57989
-0.10053, 0.88952, -1.49570, 0.21178, 0.92086, -1.45068, 0.10757, 1.00648, -1.59059, 0.07150, 0.99125, -1.57973
-0.10098, 0.88948, -1.49584, 0.21142, 0.92071, -1.45135, 0.10757, 1.00650, -1.59098, 0.07116, 0.99122, -1.57971
-0.10139, 0.88948, -1.49597, 0.21111, 0.92061, -1.45201, 0.10763, 1.00653, -1.59135, 0.07084, 0.99122, -1.57971
-0.10182, 0.88946, -1.49611, 0.21073, 0.92051, -1.45266, 0.10755, 1.00654, -1.59173, 0.07050, 0.99125, -1.57964
-0.10208, 0.88931, -1.49636, 0.21044, 0.92040, -1.45326, 0.10716, 1.00642, -1.59207, 0.07022, 0.99128, -1.57950
-0.10227, 0.88913, -1.49657, 0.21022, 0.92028, -1.45382, 0.10670, 1.00623, -1.59243, 0.06997, 0.99129, -1.57932
-0.10250, 0.88893, -1.49682, 0.20994, 0.92017, -1.45435, 0.10612, 1.00602, -1.59280, 0.06977, 0.99132, -1.57903
-0.10262, 0.88873, -1.49706, 0.20964, 0.92005, -1.45494, 0.10559, 1.00580, -1.59322, 0.06971, 0.99129, -1.57870
-0.10276, 0.88854, -1.49727, 0.20934, 0.91994, -1.45551, 0.10512, 1.00557, -1.59365, 0.06970, 0.99125, -1.57834
-0.10289, 0.88842, -1.49747, 0.20908, 0.91986, -1.45599, 0.10477, 1.00543, -1.59410, 0.06977, 0.99126, -1.57798
-0.10309, 0.88834, -1.49763, 0.20882, 0.91980, -1.45629, 0.10459, 1.00533, -1.59449, 0.06990, 0.99130, -1.57763
-0.10331, 0.88841, -1.49764, 0.20867, 0.91977, -1.45628, 0.10470, 1.00540, -1.59488, 0.07003, 0.99151, -1.57740
-0.10361, 0.88852, -1.49762, 0.20846, 0.91977, -1.45619, 0.10488, 1.00551, -1.59525, 0.07017, 0.99173, -1.57720
-0.10396, 0.88862, -1.49756, 0.20820, 0.91980, -1.45609, 0.10501, 1.00566, -1.59555, 0.07027, 0.99198, -1.57703
-0.10442, 0.88873, -1.49747, 0.20781, 0.91988, -1.45602, 0.10517, 1.00581, -1.59579, 0.07037, 0.99230, -1.57689
-0.10499, 0.88881, -1.49731, 0.20730, 0.91995, -1.45600, 0.10518, 1.00599, -1.59596, 0.07042, 0.99260, -1.57675
-0.10553, 0.88892, -1.49713, 0.20679, 0.92002, -1.45598, 0.10509, 1.00616, -1.59614, 0.07053, 0.99295, -1.57658
-0.10619, 0.88901, -1.49686, 0.20617, 0.92010, -1.45606, 0.10463, 1.00633, -1.59627, 0.07063, 0.99328, -1.57635
-0.10685, 0.88911, -1.49646, 0.20547, 0.92015, -1.45612, 0.10397, 1.00644, -1.59639, 0.07078, 0.99364, -1.57601
-0.10749, 0.88922, -1.49600, 0.20482, 0.92021, -1.45615, 0.10317, 1.00660, -1.59651, 0.07093, 0.99397, -1.57565
-0.10806, 0.88932, -1.49561, 0.20424, 0.92026, -1.45621, 0.10239, 1.00669, -1.59665, 0.07104, 0.99427, -1.57522
-0.10854, 0.88944, -1.49522, 0.20379, 0.92030, -1.45617, 0.10168, 1.00674, -1.59683, 0.07110, 0.99451, -1.57474
-0.10894, 0.88955, -1.49484, 0.20344, 0.92034, -1.45604, 0.10105, 1.00685, -1.59698, 0.07118, 0.99477, -1.57427
-0.10925, 0.88971, -1.49449, 0.20324, 0.92040, -1.45587, 0.10064, 1.00697, -1.59708, 0.07135, 0.99502, -1.57394
-0.10955, 0.88989, -1.49434, 0.20319, 0.92046, -1.45563, 0.10058, 1.00725, -1.59711, 0.07168, 0.99535, -1.57389
-0.10979, 0.89012, -1.49419, 0.20321, 0.92052, -1.45531, 0.10071, 1.00760, -1.59712, 0.07203, 0.99575, -1.57401
-0.10998, 0.89036, -1.49407, 0.20331, 0.92058, -1.45495, 0.10096, 1.00800, -1.59710, 0.07247, 0.99612, -1.57426
-0.11022, 0.89062, -1.49392, 0.20334, 0.92061, -1.45454, 0.10119, 1.00839, -1.59712, 0.07289, 0.99651, -1.57458
-0.11039, 0.89088, -1.49372, 0.20346, 0.92061, -1.45408, 0.10148, 1.00878, -1.59711, 0.07336, 0.99689, -1.57502
-0.11056, 0.89112, -1.49355, 0.20353, 0.92057, -1.45372, 0.10165, 1.00914, -1.59717, 0.07373, 0.99723, -1.57535
-0.11073, 0.89127, -1.49336, 0.20361, 0.92048, -1.45352, 0.10157, 1.00930, -1.59724, 0.07393, 0.99745, -1.57553
-0.11073, 0.89131, -1.49327, 0.20375, 0.92031, -1.45361, 0.10133, 1.00927, -1.59736, 0.07402, 0.99753, -1.57552
-0.11074, 0.89134, -1.49315, 0.20390, 0.92013, -1.45380, 0.10093, 1.00917, -1.59750, 0.07396, 0.99758, -1.57545
-0.11070, 0.89130, -1.49308, 0.20409, 0.91991, -1.45410, 0.10045, 1.00905, -1.59763, 0.07385, 0.99754, -1.57537
-0.11049, 0.89126, -1.49304, 0.20440, 0.91968, -1.45456, 0.10008, 1.00899, -1.59784, 0.07376, 0.99753, -1.57538
-0.11021, 0.89123, -1.49301, 0.20483, 0.91944, -1.45504, 0.09977, 1.00896, -1.59803, 0.07368, 0.99746, -1.57544
-0.10997, 0.89120, -1.49301, 0.20524, 0.91915, -1.45553, 0.09955, 1.00894, -1.59824, 0.07356, 0.99736, -1.57558
-0.10972, 0.89121, -1.49290, 0.20562, 0.91881, -1.45590, 0.09956, 1.00895, -1.59830, 0.07345, 0.99716, -1.57577
-0.10948, 0.89124, -1.49281, 0.20599, 0.91844, -1.45621, 0.09978, 1.00896, -1.59835, 0.07334, 0.99690, -1.57607
-0.10925, 0.89127, -1.49275, 0.20630, 0.91804, -1.45653, 0.10000, 1.00894, -1.59837, 0.07317, 0.99660, -1.57641
-0.10902, 0.89129, -1.49280, 0.20655, 0.91765, -1.45693, 0.10025, 1.00885, -1.59842, 0.07304, 0.99631, -1.57680
-0.10876, 0.89124, -1.49306, 0.20681, 0.91726, -1.45747, 0.10044, 1.00866, -1.59850, 0.07292, 0.99596, -1.57730
-0.10850, 0.89116, -1.49335, 0.20696, 0.91690, -1.45806, 0.10045, 1.00840, -1.59855, 0.07273, 0.99564, -1.57771
-0.10834, 0.89100, -1.49382, 0.20697, 0.91652, -1.45880, 0.10031, 1.00804, -1.59864, 0.07246, 0.99523, -1.57812
-0.10816, 0.89074, -1.49434, 0.20686, 0.91617, -1.45960, 0.09991, 1.00760, -1.59874, 0.07210, 0.99485, -1.57836
-0.10790, 0.89042, -1.49502, 0.20676, 0.91579, -1.46051, 0.09948, 1.00704, -1.59883, 0.07180, 0.99438, -1.57857
-0.10776, 0.89015, -1.49555, 0.20659, 0.91543, -1.46132, 0.09898, 1.00653, -1.59886, 0.07140, 0.99391, -1.57873
-0.10772, 0.88994, -1.49601, 0.20639, 0.91501, -1.46206, 0.09854, 1.00602, -1.59884, 0.07096, 0.99337, -1.57882
-0.10767, 0.88983, -1.49631, 0.20624, 0.91460, -1.46267, 0.09828, 1.00558, -1.59876, 0.07054, 0.99284, -1.57898
-0.10767, 0.88979, -1.49656, 0.20616, 0.91421, -1.46312, 0.09816, 1.00521, -1.59862, 0.07017, 0.99229, -1.57909
-0.10777, 0.88982, -1.49688, 0.20613, 0.91387, -1.46354, 0.09828, 1.00498, -1.59847, 0.06980, 0.99178, -1.57934
-0.10784, 0.88990, -1.49728, 0.20627, 0.91357, -1.46387, 0.09871, 1.00490, -1.59824, 0.06955, 0.99134, -1.57969
-0.10802, 0.89005, -1.49758, 0.20636, 0.91336, -1.46410, 0.09912, 1.00492, -1.59802, 0.06931, 0.99094, -1.58006
-0.10825, 0.89022, -1.49784, 0.20640, 0.91320, -1.46429, 0.09949, 1.00493, -1.59779, 0.06904, 0.99054, -1.58043
-0.10862, 0.89045, -1.49786, 0.20620, 0.91309, -1.46445, 0.09956, 1.00483, -1.59761, 0.06868, 0.99010, -1.58081
-0.10904, 0.89070, -1.49775, 0.20589, 0.91301, -1.46456, 0.09945, 1.00470, -1.59745, 0.06831, 0.98968, -1.58108
-0.10950, 0.89096, -1.49742, 0.20546, 0.91300, -1.46456, 0.09910, 1.00458, -1.59727, 0.06788, 0.98930, -1.58127
-0.11003, 0.89117, -1.49695, 0.20484, 0.91300, -1.46451, 0.09833, 1.00443, -1.59718, 0.06741, 0.98896, -1.58131
-0.11047, 0.89137, -1.49637, 0.20427, 0.91301, -1.46431, 0.09750, 1.00434, -1.59709, 0.06706, 0.98869, -1.58128
-0.11098, 0.89153, -1.49571, 0.20365, 0.91303, -1.46406, 0.09652, 1.00430, -1.59694, 0.06663, 0.98843, -1.58113
-0.11146, 0.89168, -1.49514, 0.20318, 0.91300, -1.46375, 0.09568, 1.00441, -1.59684, 0.06627, 0.98829, -1.58098
-0.11178, 0.89180, -1.49467, 0.20303, 0.91295, -1.46332, 0.09513, 1.00470, -1.59666, 0.06603, 0.98825, -1.58087
-0.11214, 0.89192, -1.49425, 0.20292, 0.91289, -1.46287, 0.09467, 1.00507, -1.59638, 0.06578, 0.98823, -1.58080
-0.11245, 0.89209, -1.49375, 0.20291, 0.91287, -1.46232, 0.09438, 1.00546, -1.59614, 0.06553, 0.98831, -1.58081
-0.11271, 0.89233, -1.49323, 0.20298, 0.91290, -1.46174, 0.09432, 1.00578, -1.59572, 0.06523, 0.98843, -1.58103
-0.11302, 0.89260, -1.49259, 0.20300, 0.91296, -1.46107, 0.09430, 1.00607, -1.59532, 0.06489, 0.98859, -1.58130
-0.11324, 0.89287, -1.49200, 0.20304, 0.91307, -1.46039, 0.09433, 1.00631, -1.59489, 0.06454, 0.98875, -1.58160
-0.11334, 0.89310, -1.49136, 0.20301, 0.91321, -1.45965, 0.09428, 1.00649, -1.59447, 0.06430, 0.98892, -1.58195
-0.11354, 0.89332, -1.49073, 0.20279, 0.91338, -1.45892, 0.09399, 1.00665, -1.59412, 0.06393, 0.98905, -1.58219
-0.11367, 0.89350, -1.49009, 0.20258, 0.91353, -1.45820, 0.09362, 1.00676, -1.59375, 0.06366, 0.98917, -1.58234
-0.11384, 0.89366, -1.48948, 0.20240, 0.91363, -1.45754, 0.09316, 1.00686, -1.59349, 0.06341, 0.98919, -1.58237
-0.11408, 0.89381, -1.48877, 0.20212, 0.91367, -1.45690, 0.09252, 1.00702, -1.59333, 0.06322, 0.98922, -1.58217
-0.11428, 0.89397, -1.48820, 0.20196, 0.91369, -1.45635, 0.09192, 1.00715, -1.59323, 0.06314, 0.98919, -1.58191
-0.11455, 0.89410, -1.48768, 0.20181, 0.91362, -1.45588, 0.09147, 1.00725, -1.59307, 0.06306, 0.98914, -1.58164
-0.11478, 0.89430, -1.48736, 0.20180, 0.91346, -1.45551, 0.09131, 1.00732, -1.59287, 0.06310, 0.98911, -1.58148
-0.11506, 0.89447, -1.48718, 0.20181, 0.91329, -1.45521, 0.09131, 1.00738, -1.59261, 0.06309, 0.98912, -1.58138
-0.11535, 0.89468, -1.48703, 0.20180, 0.91309, -1.45497, 0.09139, 1.00741, -1.59230, 0.06306, 0.98912, -1.58132
-0.11558, 0.89489, -1.48707, 0.20190, 0.91296, -1.45475, 0.09170, 1.00737, -1.59192, 0.06309, 0.98919, -1.58144
-0.11588, 0.89511, -1.48720, 0.20192, 0.91287, -1.45464, 0.09199, 1.00732, -1.59156, 0.06296, 0.98925, -1.58169
-0.11613, 0.89532, -1.48742, 0.20196, 0.91281, -1.45460, 0.09229, 1.00727, -1.59120, 0.06290, 0.98931, -1.58200
-0.11630, 0.89558, -1.48761, 0.20204, 0.91280, -1.45442, 0.09255, 1.00727, -1.59093, 0.06293, 0.98938, -1.58238
-0.11643, 0.89587, -1.48775, 0.20203, 0.91284, -1.45422, 0.09264, 1.00739, -1.59086, 0.06310, 0.98948, -1.58275
-0.11664, 0.89615, -1.48795, 0.20192, 0.91287, -1.45415, 0.09256, 1.00750, -1.59090, 0.06319, 0.98952, -1.58315
-0.11675, 0.89647, -1.48814, 0.20179, 0.91289, -1.45408, 0.09255, 1.00765, -1.59099, 0.06341, 0.98962, -1.58358
-0.11695, 0.89680, -1.48842, 0.20149, 0.91281, -1.45425, 0.09241, 1.00783, -1.59112, 0.06362, 0.98972, -1.58398
-0.11713, 0.89711, -1.48874, 0.20114, 0.91266, -1.45449, 0.09230, 1.00797, -1.59122, 0.06383, 0.98981, -1.58437
-0.11730, 0.89747, -1.48908, 0.20080, 0.91250, -1.45470, 0.09233, 1.00811, -1.59121, 0.06409, 0.98994, -1.58472
-0.11761, 0.89777, -1.48941, 0.20040, 0.91230, -1.45490, 0.09252, 1.00813, -1.59098, 0.06426, 0.99004, -1.58497
-0.11796, 0.89809, -1.48969, 0.20003, 0.91213, -1.45497, 0.09296, 1.00809, -1.59050, 0.06445, 0.99014, -1.58519
-0.11833, 0.89838, -1.49001, 0.19975, 0.91196, -1.45502, 0.09348, 1.00802, -1.59003, 0.06455, 0.99020, -1.58542
-0.11870, 0.89868, -1.49037, 0.19952, 0.91181, -1.45500, 0.09405, 1.00803, -1.58954, 0.06470, 0.99028, -1.58566
-0.11906, 0.89899, -1.49072, 0.19943, 0.91172, -1.45492, 0.09459, 1.00809, -1.58914, 0.06482, 0.99033, -1.58601
-0.11944, 0.89930, -1.49112, 0.19932, 0.91162, -1.45485, 0.09505, 1.00820, -1.58879, 0.06488, 0.99032, -1.58637
-0.11983, 0.89961, -1.49157, 0.19923, 0.91156, -1.45485, 0.09545, 1.00828, -1.58849, 0.06504, 0.99031, -1.58674
-0.12029, 0.89993, -1.49201, 0.19892, 0.91154, -1.45496, 0.09561, 1.00838, -1.58832, 0.06510, 0.99024, -1.58716
-0.12072, 0.90025, -1.49249, 0.19859, 0.91156, -1.45513, 0.09573, 1.00845, -1.58823, 0.06519, 0.99019, -1.58761
-0.12126, 0.90056, -1.49286, 0.19815, 0.91157, -1.45529, 0.09569, 1.00848, -1.58808, 0.06522, 0.99010, -1.58804
-0.12180, 0.90084, -1.49312, 0.19770, 0.91158, -1.45537, 0.09576, 1.00849, -1.58790, 0.06543, 0.99001, -1.58842
-0.12248, 0.90109, -1.49339, 0.19720, 0.91156, -1.45545, 0.09583, 1.00846, -1.58766, 0.06559, 0.98990, -1.58879
-0.12312, 0.90138, -1.49353, 0.19677, 0.91156, -1.45542, 0.09598, 1.00849, -1.58738, 0.06583, 0.98987, -1.58913
-0.12376, 0.90165, -1.49371, 0.19639, 0.91147, -1.45538, 0.09614, 1.00850, -1.58711, 0.06604, 0.98986, -1.58945
-0.12446, 0.90192, -1.49396, 0.19607, 0.91134, -1.45534, 0.09626, 1.00858, -1.58679, 0.06612, 0.98989, -1.58969
-0.12514, 0.90220, -1.49426, 0.19579, 0.91116, -1.45531, 0.09637, 1.00866, -1.58646, 0.06616, 0.98992, -1.58991
-0.12582, 0.90252, -1.49444, 0.19550, 0.91105, -1.45519, 0.09645, 1.00881, -1.58621, 0.06624, 0.99001, -1.59017
-0.12648, 0.90287, -1.49460, 0.19515, 0.91098, -1.45506, 0.09647, 1.00895, -1.58598, 0.06627, 0.99010, -1.59045
-0.12703, 0.90328, -1.49476, 0.19488, 0.91098, -1.45488, 0.09653, 1.00911, -1.58580, 0.06639, 0.99020, -1.59081
-0.12762, 0.90368, -1.49481, 0.19451, 0.91105, -1.45468, 0.09647, 1.00931, -1.58568, 0.06646, 0.99031, -1.59110
-0.12815, 0.90408, -1.49477, 0.19406, 0.91128, -1.45449, 0.09629, 1.00958, -1.58565, 0.06650, 0.99051, -1.59144
-0.12869, 0.90448, -1.49469, 0.19356, 0.91157, -1.45435, 0.09611, 1.00990, -1.58566, 0.06652, 0.99071, -1.59176
-0.12933, 0.90485, -1.49460, 0.19288, 0.91190, -1.45428, 0.09580, 1.01023, -1.58572, 0.06636, 0.99092, -1.59202
-0.13008, 0.90519, -1.49450, 0.19208, 0.91218, -1.45424, 0.09548, 1.01053, -1.58572, 0.06608, 0.99109, -1.59217
-0.13093, 0.90543, -1.49447, 0.19115, 0.91234, -1.45425, 0.09527, 1.01082, -1.58564, 0.06566, 0.99124, -1.59226
-0.13183, 0.90563, -1.49448, 0.19018, 0.91244, -1.45429, 0.09507, 1.01103, -1.58550, 0.06519, 0.99134, -1.59223
-0.13276, 0.90583, -1.49450, 0.18924, 0.91250, -1.45431, 0.09491, 1.01121, -1.58537, 0.06473, 0.99143, -1.59220
-0.13366, 0.90599, -1.49450, 0.18843, 0.91244, -1.45431, 0.09477, 1.01127, -1.58521, 0.06429, 0.99147, -1.59215
-0.13447, 0.90613, -1.49448, 0.18769, 0.91238, -1.45423, 0.09471, 1.01133, -1.58508, 0.06397, 0.99155, -1.59208
-0.13530, 0.90630, -1.49441, 0.18697, 0.91235, -1.45414, 0.09454, 1.01137, -1.58491, 0.06366, 0.99162, -1.59202
-0.13600, 0.90650, -1.49434, 0.18618, 0.91245, -1.45407, 0.09423, 1.01143, -1.58484, 0.06341, 0.99171, -1.59198
-0.13656, 0.90670, -1.49427, 0.18547, 0.91269, -1.45395, 0.09396, 1.01152, -1.58478, 0.06332, 0.99179, -1.59195
-0.13718, 0.90693, -1.49414, 0.18465, 0.91300, -1.45383, 0.09354, 1.01161, -1.58476, 0.06320, 0.99188, -1.59194
-0.13777, 0.90712, -1.49405, 0.18380, 0.91332, -1.45372, 0.09315, 1.01165, -1.58469, 0.06318, 0.99192, -1.59192
-0.13831, 0.90732, -1.49401, 0.18301, 0.91369, -1.45355, 0.09294, 1.01172, -1.58463, 0.06330, 0.99195, -1.59194
-0.13890, 0.90752, -1.49393, 0.18215, 0.91404, -1.45337, 0.09267, 1.01176, -1.58458, 0.06341, 0.99198, -1.59198
-0.13943, 0.90770, -1.49398, 0.18149, 0.91432, -1.45316, 0.09256, 1.01180, -1.58454, 0.06360, 0.99200, -1.59199
-0.14003, 0.90787, -1.49407, 0.18096, 0.91447, -1.45302, 0.09250, 1.01179, -1.58454, 0.06375, 0.99206, -1.59196
-0.14059, 0.90803, -1.49421, 0.18053, 0.91455, -1.45287, 0.09253, 1.01175, -1.58459, 0.06389, 0.99213, -1.59195
-0.14108, 0.90813, -1.49438, 0.18025, 0.91453, -1.45272, 0.09265, 1.01168, -1.58459, 0.06408, 0.99222, -1.59187
-0.14170, 0.90812, -1.49466, 0.17993, 0.91441, -1.45271, 0.09268, 1.01151, -1.58463, 0.06407, 0.99225, -1.59176
-0.14230, 0.90803, -1.49498, 0.17964, 0.91420, -1.45280, 0.09271, 1.01124, -1.58461, 0.06398, 0.99224, -1.59155
-0.14291, 0.90793, -1.49524, 0.17929, 0.91403, -1.45284, 0.09275, 1.01101, -1.58459, 0.06393, 0.99226, -1.59135
-0.14350, 0.90785, -1.49545, 0.17884, 0.91391, -1.45285, 0.09278, 1.01076, -1.58462, 0.06388, 0.99224, -1.59115
-0.14413, 0.90785, -1.49556, 0.17823, 0.91392, -1.45274, 0.09287, 1.01054, -1.58468, 0.06390, 0.99224, -1.59092
-0.14466, 0.90786, -1.49566, 0.17757, 0.91398, -1.45257, 0.09298, 1.01035, -1.58474, 0.06398, 0.99225, -1.59074
-0.14522, 0.90787, -1.49569, 0.17686, 0.91410, -1.45235, 0.09315, 1.01014, -1.58476, 0.06408, 0.99226, -1.59048
-0.14568, 0.90788, -1.49581, 0.17616, 0.91424, -1.45214, 0.09335, 1.00991, -1.58475, 0.06416, 0.99226, -1.59027
-0.14611, 0.90785, -1.49600, 0.17551, 0.91438, -1.45197, 0.09360, 1.00964, -1.58469, 0.06425, 0.99226, -1.59002
-0.14650, 0.90784, -1.49614, 0.17497, 0.91449, -1.45179, 0.09387, 1.00940, -1.58468, 0.06437, 0.99228, -1.58980
-0.14697, 0.90774, -1.49647, 0.17460, 0.91444, -1.45181, 0.09400, 1.00912, -1.58458, 0.06440, 0.99235, -1.58964
-0.14749, 0.90760, -1.49684, 0.17437, 0.91431, -1.45192, 0.09413, 1.00884, -1.58453, 0.06443, 0.99246, -1.58949
-0.14790, 0.90748, -1.49716, 0.17415, 0.91418, -1.45195, 0.09420, 1.00859, -1.58447, 0.06452, 0.99262, -1.58936
-0.14843, 0.90737, -1.49744, 0.17372, 0.91414, -1.45202, 0.09419, 1.00835, -1.58445, 0.06455, 0.99275, -1.58920
-0.14884, 0.90733, -1.49758, 0.17320, 0.91425, -1.45197, 0.09418, 1.00815, -1.58443, 0.06473, 0.99297, -1.58904
-0.14932, 0.90730, -1.49758, 0.17244, 0.91444, -1.45182, 0.09410, 1.00797, -1.58442, 0.06488, 0.99319, -1.58886
-0.14970, 0.90729, -1.49755, 0.17169, 0.91468, -1.45162, 0.09403, 1.00780, -1.58444, 0.06511, 0.99339, -1.58870
-0.14988, 0.90726, -1.49753, 0.17114, 0.91495, -1.45123, 0.09411, 1.00762, -1.58436, 0.06549, 0.99360, -1.58850
-0.15007, 0.90722, -1.49751, 0.17057, 0.91524, -1.45077, 0.09418, 1.00743, -1.58426, 0.06585, 0.99381, -1.58828
-0.15023, 0.90721, -1.49750, 0.17012, 0.91551, -1.45026, 0.09432, 1.00728, -1.58411, 0.06622, 0.99402, -1.58810
-0.15042, 0.90724, -1.49748, 0.16983, 0.91575, -1.44969, 0.09451, 1.00714, -1.58396, 0.06661, 0.99428, -1.58796
-0.15071, 0.90726, -1.49751, 0.16964, 0.91594, -1.44912, 0.09471, 1.00701, -1.58380, 0.06691, 0.99454, -1.58784
-0.15098, 0.90731, -1.49746, 0.16948, 0.91614, -1.44851, 0.09495, 1.00693, -1.58359, 0.06722, 0.99482, -1.58776
-0.15128, 0.90739, -1.49741, 0.16930, 0.91633, -1.44795, 0.09517, 1.00688, -1.58338, 0.06753, 0.99513, -1.58770
-0.15165, 0.90746, -1.49722, 0.16890, 0.91653, -1.44738, 0.09531, 1.00685, -1.58313, 0.06779, 0.99543, -1.58758
-0.15206, 0.90754, -1.49706, 0.16849, 0.91673, -1.44685, 0.09543, 1.00683, -1.58290, 0.06803, 0.99576, -1.58746
-0.15249, 0.90763, -1.49686, 0.16806, 0.91695, -1.44635, 0.09554, 1.00682, -1.58265, 0.06826, 0.99605, -1.58733
-0.15276, 0.90773, -1.49667, 0.16778, 0.91716, -1.44585, 0.09562, 1.00685, -1.58238, 0.06854, 0.99636, -1.58725
-0.15300, 0.90786, -1.49647, 0.16750, 0.91737, -1.44529, 0.09575, 1.00691, -1.58218, 0.06887, 0.99671, -1.58717
-0.15317, 0.90799, -1.49633, 0.16732, 0.91762, -1.44475, 0.09589, 1.00696, -1.58200, 0.06919, 0.99703, -1.58714
-0.15327, 0.90811, -1.49629, 0.16721, 0.91790, -1.44420, 0.09616, 1.00699, -1.58183, 0.06953, 0.99736, -1.58714
-0.15321, 0.90825, -1.49631, 0.16720, 0.91823, -1.44359, 0.09653, 1.00705, -1.58168, 0.06992, 0.99774, -1.58719
-0.15320, 0.90834, -1.49642, 0.16721, 0.91857, -1.44305, 0.09693, 1.00706, -1.58157, 0.07035, 0.99808, -1.58723
-0.15308, 0.90841, -1.49664, 0.16729, 0.91887, -1.44253, 0.09749, 1.00705, -1.58148, 0.07092, 0.99835, -1.58728
-0.15299, 0.90844, -1.49698, 0.16740, 0.91918, -1.44217, 0.09806, 1.00700, -1.58144, 0.07152, 0.99853, -1.58733
-0.15284, 0.90844, -1.49744, 0.16760, 0.91945, -1.44184, 0.09870, 1.00690, -1.58143, 0.07223, 0.99869, -1.58740
-0.15271, 0.90847, -1.49782, 0.16781, 0.91972, -1.44153, 0.09928, 1.00677, -1.58145, 0.07288, 0.99883, -1.58744
-0.15250, 0.90855, -1.49809, 0.16804, 0.91999, -1.44119, 0.09981, 1.00659, -1.58151, 0.07351, 0.99902, -1.58745
-0.15233, 0.90865, -1.49829, 0.16824, 0.92025, -1.44082, 0.10026, 1.00639, -1.58156, 0.07406, 0.99920, -1.58744
-0.15205, 0.90872, -1.49848, 0.16851, 0.92046, -1.44055, 0.10078, 1.00615, -1.58159, 0.07461, 0.99937, -1.58742
-0.15174, 0.90875, -1.49875, 0.16874, 0.92061, -1.44042, 0.10133, 1.00587, -1.58164, 0.07510, 0.99953, -1.58736
-0.15140, 0.90875, -1.49902, 0.16892, 0.92073, -1.44035, 0.10188, 1.00561, -1.58169, 0.07555, 0.99969, -1.58727
-0.15097, 0.90872, -1.49939, 0.16916, 0.92081, -1.44038, 0.10258, 1.00531, -1.58166, 0.07601, 0.99984, -1.58721
-0.15061, 0.90866, -1.49979, 0.16935, 0.92085, -1.44041, 0.10325, 1.00505, -1.58161, 0.07652, 0.99999, -1.58713
-0.15024, 0.90854, -1.50031, 0.16947, 0.92090, -1.44046, 0.10397, 1.00478, -1.58156, 0.07700, 1.00010, -1.58703
-0.14992, 0.90845, -1.50082, 0.16965, 0.92094, -1.44043, 0.10474, 1.00456, -1.58141, 0.07756, 1.00025, -1.58698
-0.14964, 0.90844, -1.50129, 0.16980, 0.92107, -1.44033, 0.10544, 1.00436, -1.58132, 0.07804, 1.00043, -1.58696
-0.14938, 0.90859, -1.50155, 0.17000, 0.92130, -1.43994, 0.10618, 1.00422, -1.58122, 0.07860, 1.00071, -1.58702
-0.14919, 0.90882, -1.50179, 0.17018, 0.92157, -1.43952, 0.10682, 1.00407, -1.58111, 0.07910, 1.00101, -1.58711
-0.14907, 0.90904, -1.50186, 0.17029, 0.92190, -1.43895, 0.10737, 1.00397, -1.58099, 0.07956, 1.00134, -1.58715
-0.14905, 0.90927, -1.50176, 0.17022, 0.92223, -1.43843, 0.10777, 1.00388, -1.58092, 0.07994, 1.00168, -1.58709
-0.14902, 0.90948, -1.50159, 0.17010, 0.92256, -1.43792, 0.10815, 1.00381, -1.58084, 0.08033, 1.00202, -1.58700
-0.14906, 0.90965, -1.50134, 0.16988, 0.92287, -1.43737, 0.10841, 1.00377, -1.58077, 0.08068, 1.00237, -1.58680
-0.14918, 0.90968, -1.50101, 0.16955, 0.92317, -1.43687, 0.10849, 1.00369, -1.58069, 0.08089, 1.00265, -1.58648
-0.14925, 0.90960, -1.50066, 0.16921, 0.92342, -1.43632, 0.10854, 1.00368, -1.58064, 0.08110, 1.00296, -1.58606
-0.14933, 0.90950, -1.50029, 0.16886, 0.92367, -1.43579, 0.10853, 1.00368, -1.58065, 0.08130, 1.00328, -1.58559
-0.14935, 0.90942, -1.49993, 0.16869, 0.92389, -1.43520, 0.10865, 1.00375, -1.58060, 0.08155, 1.00361, -1.58519
-0.14934, 0.90940, -1.49959, 0.16862, 0.92414, -1.43453, 0.10893, 1.00391, -1.58060, 0.08193, 1.00403, -1.58483
-0.14929, 0.90946, -1.49924, 0.16870, 0.92440, -1.43380, 0.10938, 1.00417, -1.58059, 0.08237, 1.00450, -1.58455
-0.14923, 0.90958, -1.49890, 0.16884, 0.92466, -1.43298, 0.10990, 1.00444, -1.58054, 0.08279, 1.00499, -1.58436
-0.14935, 0.90984, -1.49838, 0.16893, 0.92495, -1.43204, 0.11046, 1.00472, -1.58042, 0.08312, 1.00551, -1.58418
-0.14950, 0.91019, -1.49782, 0.16899, 0.92527, -1.43096, 0.11113, 1.00501, -1.58028, 0.08347, 1.00606, -1.58405
-0.14979, 0.91050, -1.49723, 0.16895, 0.92558, -1.42993, 0.11166, 1.00526, -1.58011, 0.08371, 1.00658, -1.58391
-0.15006, 0.91079, -1.49671, 0.16887, 0.92589, -1.42895, 0.11213, 1.00551, -1.57993, 0.08391, 1.00706, -1.58374
-0.15038, 0.91090, -1.49625, 0.16864, 0.92618, -1.42808, 0.11235, 1.00571, -1.57982, 0.08408, 1.00750, -1.58352
-0.15067, 0.91097, -1.49583, 0.16839, 0.92644, -1.42731, 0.11249, 1.00586, -1.57973, 0.08423, 1.00790, -1.58326
-0.15087, 0.91098, -1.49546, 0.16819, 0.92666, -1.42666, 0.11263, 1.00599, -1.57967, 0.08440, 1.00824, -1.58296
-0.15104, 0.91091, -1.49509, 0.16788, 0.92681, -1.42617, 0.11259, 1.00605, -1.57964, 0.08459, 1.00853, -1.58257
-0.15122, 0.91080, -1.49481, 0.16759, 0.92690, -1.42585, 0.11256, 1.00606, -1.57964, 0.08476, 1.00873, -1.58215
-0.15129, 0.91072, -1.49453, 0.16738, 0.92699, -1.42556, 0.11255, 1.00605, -1.57965, 0.08495, 1.00894, -1.58174
-0.15124, 0.91071, -1.49432, 0.16740, 0.92711, -1.42521, 0.11271, 1.00613, -1.57965, 0.08517, 1.00918, -1.58140
-0.15120, 0.91074, -1.49411, 0.16746, 0.92722, -1.42488, 0.11296, 1.00621, -1.57967, 0.08536, 1.00943, -1.58109
-0.15109, 0.91079, -1.49401, 0.16766, 0.92734, -1.42455, 0.11328, 1.00633, -1.57968, 0.08552, 1.00968, -1.58081
-0.15099, 0.91086, -1.49394, 0.16788, 0.92747, -1.42418, 0.11369, 1.00648, -1.57974, 0.08566, 1.00996, -1.58062
-0.15094, 0.91095, -1.49400, 0.16812, 0.92757, -1.42381, 0.11416, 1.00666, -1.57979, 0.08581, 1.01025, -1.58042
-0.15095, 0.91104, -1.49410, 0.16832, 0.92769, -1.42348, 0.11459, 1.00682, -1.57981, 0.08592, 1.01052, -1.58026
-0.15100, 0.91114, -1.49423, 0.16846, 0.92777, -1.42317, 0.11497, 1.00692, -1.57983, 0.08609, 1.01075, -1.58013
-0.15112, 0.91119, -1.49447, 0.16844, 0.92778, -1.42302, 0.11524, 1.00681, -1.57978, 0.08627, 1.01084, -1.57998
-0.15141, 0.91125, -1.49469, 0.16822, 0.92777, -1.42294, 0.11537, 1.00665, -1.57972, 0.08643, 1.01087, -1.57977
-0.15157, 0.91133, -1.49493, 0.16807, 0.92771, -1.42286, 0.11561, 1.00646, -1.57957, 0.08673, 1.01089, -1.57968
-0.15175, 0.91142, -1.49514, 0.16790, 0.92762, -1.42280, 0.11576, 1.00638, -1.57941, 0.08709, 1.01092, -1.57960
-0.15189, 0.91153, -1.49524, 0.16774, 0.92753, -1.42265, 0.11600, 1.00637, -1.57918, 0.08757, 1.01097, -1.57956
-0.15197, 0.91169, -1.49539, 0.16766, 0.92740, -1.42251, 0.11645, 1.00644, -1.57894, 0.08819, 1.01108, -1.57961
-0.15195, 0.91186, -1.49550, 0.16778, 0.92724, -1.42219, 0.11716, 1.00662, -1.57859, 0.08892, 1.01126, -1.57966
-0.15188, 0.91208, -1.49565, 0.16818, 0.92703, -1.42179, 0.11823, 1.00699, -1.57818, 0.08984, 1.01157, -1.57987
-0.15179, 0.91234, -1.49576, 0.16863, 0.92680, -1.42128, 0.11949, 1.00741, -1.57770, 0.09079, 1.01187, -1.58012
-0.15167, 0.91270, -1.49589, 0.16912, 0.92663, -1.42072, 0.12086, 1.00786, -1.57724, 0.09184, 1.01225, -1.58042
-0.15150, 0.91320, -1.49590, 0.16956, 0.92660, -1.41990, 0.12236, 1.00838, -1.57675, 0.09294, 1.01266, -1.58082
-0.15140, 0.91380, -1.49586, 0.16992, 0.92663, -1.41909, 0.12374, 1.00889, -1.57633, 0.09399, 1.01305, -1.58120
-0.15125, 0.91442, -1.49569, 0.17023, 0.92675, -1.41817, 0.12507, 1.00937, -1.57591, 0.09506, 1.01345, -1.58162
-0.15118, 0.91501, -1.49544, 0.17033, 0.92686, -1.41736, 0.12609, 1.00976, -1.57553, 0.09596, 1.01374, -1.58190
-0.15117, 0.91559, -1.49510, 0.17026, 0.92702, -1.41660, 0.12683, 1.01008, -1.57518, 0.09682, 1.01395, -1.58219
-0.15118, 0.91609, -1.49475, 0.17012, 0.92713, -1.41597, 0.12744, 1.01034, -1.57484, 0.09761, 1.01409, -1.58240
-0.15124, 0.91649, -1.49439, 0.16997, 0.92715, -1.41548, 0.12796, 1.01056, -1.57448, 0.09833, 1.01422, -1.58260
-0.15128, 0.91670, -1.49414, 0.16985, 0.92705, -1.41518, 0.12856, 1.01069, -1.57414, 0.09907, 1.01426, -1.58277
-0.15142, 0.91688, -1.49389, 0.16972, 0.92691, -1.41497, 0.12910, 1.01085, -1.57380, 0.09977, 1.01433, -1.58294
-0.15157, 0.91705, -1.49373, 0.16965, 0.92672, -1.41487, 0.12975, 1.01101, -1.57347, 0.10045, 1.01437, -1.58318
-0.15181, 0.91734, -1.49354, 0.16969, 0.92655, -1.41469, 0.13060, 1.01130, -1.57309, 0.10120, 1.01456, -1.58351
-0.15207, 0.91769, -1.49345, 0.16978, 0.92641, -1.41454, 0.13152, 1.01164, -1.57273, 0.10186, 1.01473, -1.58392
-0.15241, 0.91804, -1.49335, 0.16979, 0.92628, -1.41430, 0.13247, 1.01204, -1.57237, 0.10253, 1.01492, -1.58430
-0.15291, 0.91837, -1.49328, 0.16962, 0.92622, -1.41404, 0.13324, 1.01247, -1.57211, 0.10311, 1.01507, -1.58465
-0.15341, 0.91869, -1.49323, 0.16939, 0.92622, -1.41369, 0.13403, 1.01286, -1.57187, 0.10371, 1.01515, -1.58493
-0.15403, 0.91898, -1.49323, 0.16892, 0.92627, -1.41339, 0.13456, 1.01322, -1.57168, 0.10423, 1.01516, -1.58516
-0.15461, 0.91920, -1.49325, 0.16834, 0.92637, -1.41319, 0.13498, 1.01350, -1.57157, 0.10478, 1.01510, -1.58536
-0.15524, 0.91930, -1.49335, 0.16756, 0.92647, -1.41316, 0.13511, 1.01360, -1.57140, 0.10529, 1.01494, -1.58551
-0.15590, 0.91938, -1.49345, 0.16668, 0.92661, -1.41324, 0.13514, 1.01369, -1.57137, 0.10580, 1.01476, -1.58560
-0.15660, 0.91944, -1.49352, 0.16580, 0.92672, -1.41340, 0.13511, 1.01376, -1.57130, 0.10618, 1.01458, -1.58568
-0.15740, 0.91954, -1.49354, 0.16496, 0.92677, -1.41363, 0.13505, 1.01395, -1.57132, 0.10643, 1.01452, -1.58569
-0.15820, 0.91965, -1.49351, 0.16417, 0.92682, -1.41384, 0.13506, 1.01418, -1.57135, 0.10660, 1.01451, -1.58567
-0.15913, 0.91980, -1.49333, 0.16336, 0.92685, -1.41391, 0.13514, 1.01450, -1.57136, 0.10671, 1.01459, -1.58556
-0.16014, 0.92001, -1.49296, 0.16251, 0.92691, -1.41375, 0.13533, 1.01492, -1.57141, 0.10667, 1.01474, -1.58536
-0.16124, 0.92026, -1.49244, 0.16166, 0.92698, -1.41333, 0.13568, 1.01544, -1.57140, 0.10659, 1.01495, -1.58508
-0.16233, 0.92053, -1.49181, 0.16083, 0.92712, -1.41276, 0.13600, 1.01600, -1.57140, 0.10652, 1.01520, -1.58474
-0.16339, 0.92073, -1.49118, 0.15990, 0.92729, -1.41219, 0.13624, 1.01647, -1.57140, 0.10652, 1.01537, -1.58431
-0.16426, 0.92090, -1.49058, 0.15907, 0.92757, -1.41158, 0.13646, 1.01687, -1.57139, 0.10674, 1.01552, -1.58388
-0.16510, 0.92103, -1.48994, 0.15819, 0.92787, -1.41099, 0.13651, 1.01720, -1.57142, 0.10700, 1.01563, -1.58337
-0.16586, 0.92114, -1.48926, 0.15736, 0.92818, -1.41033, 0.13650, 1.01753, -1.57140, 0.10733, 1.01571, -1.58282
-0.16664, 0.92122, -1.48847, 0.15644, 0.92847, -1.40966, 0.13621, 1.01790, -1.57152, 0.10773, 1.01584, -1.58219
-0.16740, 0.92128, -1.48763, 0.15551, 0.92875, -1.40897, 0.13586, 1.01826, -1.57163, 0.10814, 1.01597, -1.58147
-0.16819, 0.92135, -1.48672, 0.15458, 0.92901, -1.40825, 0.13555, 1.01867, -1.57172, 0.10854, 1.01613, -1.58075
-0.16905, 0.92136, -1.48576, 0.15362, 0.92921, -1.40747, 0.13533, 1.01912, -1.57174, 0.10891, 1.01633, -1.58002
-0.16995, 0.92138, -1.48484, 0.15265, 0.92934, -1.40665, 0.13530, 1.01959, -1.57170, 0.10929, 1.01656, -1.57927
-0.17087, 0.92137, -1.48393, 0.15174, 0.92946, -1.40588, 0.13533, 1.02008, -1.57167, 0.10955, 1.01682, -1.57861
-0.17158, 0.92138, -1.48321, 0.15113, 0.92956, -1.40511, 0.13561, 1.02054, -1.57156, 0.10990, 1.01709, -1.57799
-0.17213, 0.92138, -1.48273, 0.15086, 0.92965, -1.40449, 0.13617, 1.02092, -1.57150, 0.11022, 1.01737, -1.57752
-0.17253, 0.92142, -1.48230, 0.15076, 0.92975, -1.40381, 0.13688, 1.02131, -1.57143, 0.11062, 1.01767, -1.57707
-0.17291, 0.92145, -1.48195, 0.15065, 0.92988, -1.40320, 0.13753, 1.02164, -1.57139, 0.11099, 1.01798, -1.57671
-0.17328, 0.92147, -1.48167, 0.15052, 0.93007, -1.40259, 0.13813, 1.02194, -1.57139, 0.11140, 1.01827, -1.57632
-0.17360, 0.92151, -1.48141, 0.15027, 0.93028, -1.40200, 0.13859, 1.02220, -1.57142, 0.11188, 1.01855, -1.57594
-0.17385, 0.92153, -1.48106, 0.15002, 0.93058, -1.40131, 0.13898, 1.02253, -1.57144, 0.11237, 1.01884, -1.57555
-0.17405, 0.92152, -1.48061, 0.14962, 0.93093, -1.40055, 0.13917, 1.02285, -1.57148, 0.11290, 1.01917, -1.57515
-0.17413, 0.92151, -1.48006, 0.14920, 0.93136, -1.39972, 0.13926, 1.02319, -1.57157, 0.11346, 1.01948, -1.57469
-0.17423, 0.92146, -1.47945, 0.14870, 0.93178, -1.39888, 0.13920, 1.02352, -1.57164, 0.11395, 1.01977, -1.57417
-0.17419, 0.92144, -1.47880, 0.14839, 0.93216, -1.39803, 0.13929, 1.02385, -1.57165, 0.11449, 1.02012, -1.57361
-0.17411, 0.92139, -1.47813, 0.14826, 0.93244, -1.39719, 0.13939, 1.02414, -1.57165, 0.11493, 1.02046, -1.57300
-0.17398, 0.92137, -1.47748, 0.14828, 0.93268, -1.39640, 0.13962, 1.02443, -1.57158, 0.11536, 1.02080, -1.57239
-0.17387, 0.92140, -1.47680, 0.14838, 0.93293, -1.39555, 0.13986, 1.02473, -1.57150, 0.11576, 1.02124, -1.57184
-0.17372, 0.92150, -1.47607, 0.14872, 0.93317, -1.39458, 0.14038, 1.02512, -1.57130, 0.11629, 1.02179, -1.57137
-0.17358, 0.92163, -1.47536, 0.14912, 0.93339, -1.39358, 0.14094, 1.02553, -1.57107, 0.11684, 1.02239, -1.57103
-0.17341, 0.92183, -1.47459, 0.14952, 0.93372, -1.39248, 0.14149, 1.02601, -1.57081, 0.11746, 1.02306, -1.57068
-0.17316, 0.92211, -1.47376, 0.14986, 0.93418, -1.39122, 0.14203, 1.02659, -1.57060, 0.11818, 1.02381, -1.57046
-0.17280, 0.92242, -1.47293, 0.15016, 0.93477, -1.38993, 0.14250, 1.02719, -1.57037, 0.11903, 1.02457, -1.57026
-0.17243, 0.92272, -1.47212, 0.15041, 0.93540, -1.38867, 0.14292, 1.02778, -1.57012, 0.11987, 1.02531, -1.57011
-0.17203, 0.92291, -1.47143, 0.15061, 0.93599, -1.38749, 0.14321, 1.02827, -1.56989, 0.12072, 1.02596, -1.56976
-0.17157, 0.92299, -1.47087, 0.15081, 0.93656, -1.38646, 0.14340, 1.02863, -1.56960, 0.12150, 1.02648, -1.56935
-0.17112, 0.92299, -1.47039, 0.15100, 0.93704, -1.38557, 0.14354, 1.02894, -1.56931, 0.12222, 1.02693, -1.56890
-0.17066, 0.92296, -1.47003, 0.15131, 0.93744, -1.38482, 0.14375, 1.02920, -1.56900, 0.12293, 1.02741, -1.56842
-0.17020, 0.92291, -1.46978, 0.15181, 0.93769, -1.38432, 0.14418, 1.02946, -1.56874, 0.12357, 1.02792, -1.56801
-0.16968, 0.92285, -1.46959, 0.15248, 0.93781, -1.38397, 0.14475, 1.02971, -1.56843, 0.12422, 1.02846, -1.56766
-0.16916, 0.92279, -1.46955, 0.15319, 0.93792, -1.38372, 0.14542, 1.02998, -1.56815, 0.12485, 1.02901, -1.56732
-0.16863, 0.92277, -1.46963, 0.15395, 0.93800, -1.38359, 0.14621, 1.03024, -1.56788, 0.12541, 1.02959, -1.56710
-0.16803, 0.92275, -1.46987, 0.15478, 0.93810, -1.38355, 0.14719, 1.03048, -1.56771, 0.12605, 1.03015, -1.56695
-0.16732, 0.92273, -1.47019, 0.15571, 0.93822, -1.38352, 0.14817, 1.03072, -1.56752, 0.12668, 1.03070, -1.56682
-0.16660, 0.92266, -1.47053, 0.15651, 0.93844, -1.38341, 0.14893, 1.03095, -1.56744, 0.12720, 1.03121, -1.56670
-0.16578, 0.92253, -1.47093, 0.15730, 0.93879, -1.38318, 0.14954, 1.03113, -1.56741, 0.12769, 1.03163, -1.56659
-0.16489, 0.92237, -1.47130, 0.15804, 0.93918, -1.38287, 0.15003, 1.03129, -1.56740, 0.12815, 1.03201, -1.56641
-0.16394, 0.92220, -1.47166, 0.15878, 0.93962, -1.38252, 0.15048, 1.03143, -1.56737, 0.12860, 1.03240, -1.56630
-0.16304, 0.92201, -1.47194, 0.15936, 0.94008, -1.38222, 0.15082, 1.03145, -1.56729, 0.12896, 1.03277, -1.56616
-0.16219, 0.92180, -1.47224, 0.15991, 0.94052, -1.38196, 0.15108, 1.03146, -1.56716, 0.12929, 1.03312, -1.56600
-0.16134, 0.92162, -1.47245, 0.16054, 0.94090, -1.38170, 0.15130, 1.03149, -1.56700, 0.12964, 1.03354, -1.56581
-0.16072, 0.92138, -1.47287, 0.16114, 0.94104, -1.38173, 0.15147, 1.03150, -1.56690, 0.12981, 1.03387, -1.56564
-0.16016, 0.92114, -1.47321, 0.16189, 0.94106, -1.38182, 0.15156, 1.03158, -1.56674, 0.12990, 1.03423, -1.56546
-0.15961, 0.92087, -1.47367, 0.16277, 0.94099, -1.38195, 0.15176, 1.03166, -1.56657, 0.13005, 1.03460, -1.56527
-0.15892, 0.92060, -1.47399, 0.16388, 0.94086, -1.38195, 0.15208, 1.03191, -1.56629, 0.13029, 1.03506, -1.56508
-0.15811, 0.92027, -1.47420, 0.16516, 0.94074, -1.38177, 0.15257, 1.03231, -1.56597, 0.13056, 1.03560, -1.56480
-0.15721, 0.91998, -1.47427, 0.16653, 0.94064, -1.38143, 0.15317, 1.03278, -1.56562, 0.13096, 1.03621, -1.56457
-0.15615, 0.91969, -1.47431, 0.16787, 0.94066, -1.38092, 0.15382, 1.03324, -1.56521, 0.13140, 1.03683, -1.56433
-0.15496, 0.91950, -1.47407, 0.16895, 0.94098, -1.38000, 0.15435, 1.03375, -1.56478, 0.13194, 1.03753, -1.56406
-0.15368, 0.91932, -1.47378, 0.16992, 0.94140, -1.37893, 0.15492, 1.03416, -1.56432, 0.13246, 1.03822, -1.56385
-0.15251, 0.91917, -1.47341, 0.17068, 0.94190, -1.37784, 0.15530, 1.03457, -1.56388, 0.13293, 1.03889, -1.56359
-0.15164, 0.91902, -1.47290, 0.17114, 0.94241, -1.37680, 0.15537, 1.03494, -1.56353, 0.13315, 1.03951, -1.56329
-0.15093, 0.91883, -1.47235, 0.17144, 0.94288, -1.37577, 0.15528, 1.03524, -1.56323, 0.13326, 1.04012, -1.56294
-0.15042, 0.91863, -1.47177, 0.17162, 0.94331, -1.37488, 0.15508, 1.03553, -1.56293, 0.13329, 1.04067, -1.56254
-0.15006, 0.91841, -1.47110, 0.17180, 0.94365, -1.37408, 0.15481, 1.03589, -1.56268, 0.13321, 1.04124, -1.56212
-0.14969, 0.91817, -1.47038, 0.17218, 0.94382, -1.37337, 0.15469, 1.03634, -1.56234, 0.13328, 1.04185, -1.56167
-0.14932, 0.91794, -1.46968, 0.17261, 0.94396, -1.37272, 0.15460, 1.03681, -1.56202, 0.13338, 1.04244, -1.56127
-0.14892, 0.91775, -1.46905, 0.17309, 0.94409, -1.37214, 0.15452, 1.03729, -1.56168, 0.13353, 1.04304, -1.56085
-0.14848, 0.91761, -1.46850, 0.17363, 0.94426, -1.37160, 0.15447, 1.03773, -1.56140, 0.13369, 1.04361, -1.56049
-0.14797, 0.91752, -1.46797, 0.17415, 0.94449, -1.37113, 0.15435, 1.03821, -1.56111, 0.13387, 1.04423, -1.56018
-0.14739, 0.91745, -1.46756, 0.17476, 0.94475, -1.37062, 0.15421, 1.03863, -1.56083, 0.13413, 1.04479, -1.55993
-0.14685, 0.91742, -1.46717, 0.17523, 0.94512, -1.37010, 0.15386, 1.03907, -1.56064, 0.13435, 1.04536, -1.55974
-0.14633, 0.91739, -1.46682, 0.17565, 0.94555, -1.36957, 0.15328, 1.03949, -1.56051, 0.13447, 1.04590, -1.55954
-0.14583, 0.91733, -1.46650, 0.17603, 0.94599, -1.36906, 0.15259, 1.03985, -1.56037, 0.13449, 1.04640, -1.55938
-0.14531, 0.91727, -1.46620, 0.17638, 0.94643, -1.36860, 0.15187, 1.04016, -1.56029, 0.13433, 1.04689, -1.55915
-0.14478, 0.91723, -1.46593, 0.17679, 0.94683, -1.36817, 0.15114, 1.04042, -1.56022, 0.13402, 1.04738, -1.55894
-0.14426, 0.91715, -1.46569, 0.17721, 0.94723, -1.36774, 0.15046, 1.04061, -1.56015, 0.13355, 1.04785, -1.55870
-0.14379, 0.91705, -1.46552, 0.17762, 0.94756, -1.36752, 0.14985, 1.04078, -1.56008, 0.13294, 1.04828, -1.55844
-0.14338, 0.91686, -1.46553, 0.17810, 0.94778, -1.36752, 0.14943, 1.04089, -1.56003, 0.13221, 1.04864, -1.55810
-0.14302, 0.91669, -1.46563, 0.17857, 0.94798, -1.36761, 0.14914, 1.04100, -1.56002, 0.13145, 1.04901, -1.55780
-0.14257, 0.91648, -1.46577, 0.17913, 0.94810, -1.36780, 0.14896, 1.04106, -1.55998, 0.13076, 1.04932, -1.55755
-0.14222, 0.91629, -1.46600, 0.17957, 0.94820, -1.36817, 0.14863, 1.04107, -1.55998, 0.13013, 1.04959, -1.55739
-0.14172, 0.91610, -1.46631, 0.18014, 0.94827, -1.36856, 0.14840, 1.04103, -1.55998, 0.12972, 1.04980, -1.55734
-0.14121, 0.91588, -1.46667, 0.18062, 0.94834, -1.36901, 0.14805, 1.04094, -1.55996, 0.12925, 1.04994, -1.55731
-0.14057, 0.91571, -1.46710, 0.18122, 0.94846, -1.36944, 0.14768, 1.04074, -1.55996, 0.12877, 1.05006, -1.55733
-0.13989, 0.91554, -1.46748, 0.18182, 0.94862, -1.36979, 0.14719, 1.04048, -1.55992, 0.12819, 1.05010, -1.55732
-0.13906, 0.91537, -1.46794, 0.18255, 0.94880, -1.37008, 0.14675, 1.04012, -1.55985, 0.12762, 1.05011, -1.55734
-0.13814, 0.91519, -1.46848, 0.18334, 0.94895, -1.37039, 0.14647, 1.03971, -1.55976, 0.12720, 1.05009, -1.55743
-0.13732, 0.91497, -1.46911, 0.18405, 0.94905, -1.37080, 0.14617, 1.03918, -1.55961, 0.12669, 1.04996, -1.55745
-0.13646, 0.91474, -1.46975, 0.18487, 0.94911, -1.37117, 0.14603, 1.03865, -1.55939, 0.12628, 1.04981, -1.55754
-0.13551, 0.91455, -1.47040, 0.18571, 0.94918, -1.37150, 0.14600, 1.03814, -1.55911, 0.12594, 1.04968, -1.55768
-0.13461, 0.91442, -1.47106, 0.18651, 0.94920, -1.37186, 0.14606, 1.03768, -1.55881, 0.12562, 1.04965, -1.55792
-0.13364, 0.91432, -1.47165, 0.18732, 0.94920, -1.37213, 0.14623, 1.03729, -1.55843, 0.12533, 1.04970, -1.55820
-0.13259, 0.91422, -1.47226, 0.18824, 0.94922, -1.37238, 0.14648, 1.03703, -1.55803, 0.12513, 1.04980, -1.55858
-0.13159, 0.91413, -1.47281, 0.18907, 0.94924, -1.37261, 0.14653, 1.03688, -1.55774, 0.12487, 1.04996, -1.55893
-0.13045, 0.91399, -1.47320, 0.19004, 0.94929, -1.37271, 0.14654, 1.03692, -1.55755, 0.12473, 1.05022, -1.55935
-0.12935, 0.91384, -1.47359, 0.19089, 0.94935, -1.37286, 0.14641, 1.03703, -1.55744, 0.12450, 1.05046, -1.55968
-0.12822, 0.91365, -1.47388, 0.19179, 0.94942, -1.37289, 0.14631, 1.03714, -1.55732, 0.12441, 1.05067, -1.55999
-0.12709, 0.91343, -1.47413, 0.19260, 0.94950, -1.37291, 0.14607, 1.03717, -1.55717, 0.12432, 1.05077, -1.56017
-0.12598, 0.91318, -1.47433, 0.19344, 0.94957, -1.37293, 0.14589, 1.03713, -1.55695, 0.12429, 1.05079, -1.56027
-0.12481, 0.91297, -1.47442, 0.19429, 0.94971, -1.37275, 0.14574, 1.03713, -1.55667, 0.12431, 1.05085, -1.56035
-0.12373, 0.91278, -1.47449, 0.19512, 0.94985, -1.37249, 0.14573, 1.03709, -1.55628, 0.12432, 1.05091, -1.56040
-0.12258, 0.91268, -1.47448, 0.19604, 0.95007, -1.37212, 0.14582, 1.03708, -1.55577, 0.12445, 1.05104, -1.56048
-0.12152, 0.91257, -1.47436, 0.19689, 0.95031, -1.37162, 0.14585, 1.03713, -1.55525, 0.12450, 1.05122, -1.56053
-0.12062, 0.91244, -1.47416, 0.19770, 0.95054, -1.37110, 0.14575, 1.03726, -1.55481, 0.12448, 1.05145, -1.56056
-0.11985, 0.91228, -1.47382, 0.19836, 0.95076, -1.37051, 0.14547, 1.03753, -1.55447, 0.12440, 1.05177, -1.56063
-0.11916, 0.91210, -1.47344, 0.19903, 0.95097, -1.36995, 0.14511, 1.03783, -1.55417, 0.12427, 1.05210, -1.56066
-0.11862, 0.91190, -1.47304, 0.19957, 0.95123, -1.36947, 0.14453, 1.03818, -1.55396, 0.12403, 1.05245, -1.56068
-0.11810, 0.91167, -1.47256, 0.20005, 0.95155, -1.36903, 0.14385, 1.03855, -1.55373, 0.12377, 1.05277, -1.56068
-0.11763, 0.91146, -1.47212, 0.20045, 0.95189, -1.36868, 0.14313, 1.03892, -1.55359, 0.12349, 1.05312, -1.56066
-0.11716, 0.91125, -1.47175, 0.20092, 0.95218, -1.36838, 0.14240, 1.03924, -1.55336, 0.12318, 1.05341, -1.56065
-0.11661, 0.91105, -1.47137, 0.20147, 0.95241, -1.36798, 0.14185, 1.03957, -1.55307, 0.12295, 1.05369, -1.56065
-0.11598, 0.91087, -1.47108, 0.20219, 0.95255, -1.36757, 0.14145, 1.03983, -1.55271, 0.12277, 1.05396, -1.56064
-0.11534, 0.91066, -1.47088, 0.20298, 0.95263, -1.36722, 0.14116, 1.04001, -1.55233, 0.12260, 1.05414, -1.56062
-0.11466, 0.91044, -1.47066, 0.20378, 0.95269, -1.36681, 0.14083, 1.04014, -1.55194, 0.12238, 1.05428, -1.56060
-0.11403, 0.91018, -1.47049, 0.20456, 0.95273, -1.36643, 0.14042, 1.04017, -1.55161, 0.12206, 1.05432, -1.56060
-0.11333, 0.90988, -1.47036, 0.20541, 0.95279, -1.36607, 0.14002, 1.04011, -1.55132, 0.12167, 1.05432, -1.56054
-0.11258, 0.90959, -1.47030, 0.20623, 0.95286, -1.36585, 0.13953, 1.03994, -1.55107, 0.12120, 1.05425, -1.56049
-0.11173, 0.90934, -1.47026, 0.20704, 0.95303, -1.36582, 0.13898, 1.03969, -1.55099, 0.12062, 1.05412, -1.56054
-0.11076, 0.90910, -1.47038, 0.20795, 0.95322, -1.36593, 0.13847, 1.03936, -1.55093, 0.12003, 1.05400, -1.56062
-0.10982, 0.90891, -1.47051, 0.20877, 0.95342, -1.36622, 0.13785, 1.03901, -1.55104, 0.11924, 1.05388, -1.56076
-0.10876, 0.90877, -1.47087, 0.20969, 0.95358, -1.36664, 0.13740, 1.03872, -1.55114, 0.11851, 1.05384, -1.56107
-0.10764, 0.90868, -1.47129, 0.21067, 0.95375, -1.36713, 0.13709, 1.03849, -1.55134, 0.11778, 1.05389, -1.56150
-0.10651, 0.90860, -1.47188, 0.21167, 0.95388, -1.36773, 0.13675, 1.03821, -1.55157, 0.11702, 1.05391, -1.56196
-0.10532, 0.90851, -1.47243, 0.21272, 0.95404, -1.36825, 0.13642, 1.03795, -1.55178, 0.11632, 1.05393, -1.56243
-0.10407, 0.90838, -1.47306, 0.21391, 0.95423, -1.36870, 0.13614, 1.03761, -1.55188, 0.11572, 1.05385, -1.56288
-0.10284, 0.90823, -1.47363, 0.21506, 0.95443, -1.36908, 0.13584, 1.03726, -1.55198, 0.11514, 1.05376, -1.56335
-0.10176, 0.90800, -1.47424, 0.21601, 0.95458, -1.36952, 0.13542, 1.03686, -1.55211, 0.11449, 1.05358, -1.56380
-0.10071, 0.90762, -1.47485, 0.21686, 0.95458, -1.36998, 0.13496, 1.03635, -1.55210, 0.11393, 1.05326, -1.56417
-0.09975, 0.90720, -1.47549, 0.21760, 0.95454, -1.37040, 0.13448, 1.03584, -1.55207, 0.11339, 1.05288, -1.56454
-0.09891, 0.90681, -1.47612, 0.21825, 0.95447, -1.37089, 0.13395, 1.03529, -1.55207, 0.11282, 1.05249, -1.56489
-0.09811, 0.90657, -1.47675, 0.21886, 0.95447, -1.37128, 0.13343, 1.03482, -1.55205, 0.11227, 1.05219, -1.56527
-0.09739, 0.90642, -1.47736, 0.21940, 0.95446, -1.37163, 0.13285, 1.03434, -1.55207, 0.11163, 1.05191, -1.56563
-0.09665, 0.90639, -1.47792, 0.22006, 0.95448, -1.37192, 0.13236, 1.03391, -1.55208, 0.11107, 1.05167, -1.56599
-0.09578, 0.90646, -1.47840, 0.22084, 0.95450, -1.37212, 0.13187, 1.03349, -1.55206, 0.11048, 1.05146, -1.56632
-0.09475, 0.90662, -1.47876, 0.22189, 0.95453, -1.37229, 0.13149, 1.03305, -1.55201, 0.10990, 1.05128, -1.56671
-0.09376, 0.90683, -1.47899, 0.22287, 0.95458, -1.37237, 0.13107, 1.03270, -1.55198, 0.10930, 1.05111, -1.56707
-0.09271, 0.90703, -1.47919, 0.22392, 0.95467, -1.37236, 0.13076, 1.03242, -1.55193, 0.10886, 1.05096, -1.56750
-0.09174, 0.90712, -1.47928, 0.22486, 0.95477, -1.37224, 0.13049, 1.03229, -1.55189, 0.10857, 1.05085, -1.56794
-0.09084, 0.90717, -1.47930, 0.22564, 0.95492, -1.37201, 0.13021, 1.03223, -1.55185, 0.10831, 1.05075, -1.56844
-0.08994, 0.90723, -1.47930, 0.22644, 0.95510, -1.37180, 0.12991, 1.03219, -1.55180, 0.10812, 1.05065, -1.56897
-0.08912, 0.90731, -1.47927, 0.22700, 0.95533, -1.37158, 0.12940, 1.03209, -1.55179, 0.10774, 1.05055, -1.56942
-0.08834, 0.90738, -1.47924, 0.22754, 0.95556, -1.37143, 0.12882, 1.03189, -1.55171, 0.10727, 1.05038, -1.56984
-0.08765, 0.90743, -1.47927, 0.22795, 0.95577, -1.37146, 0.12806, 1.03165, -1.55164, 0.10664, 1.05016, -1.57023
-0.08694, 0.90744, -1.47944, 0.22839, 0.95587, -1.37171, 0.12724, 1.03126, -1.55151, 0.10595, 1.04982, -1.57059
-0.08638, 0.90739, -1.47975, 0.22866, 0.95584, -1.37243, 0.12622, 1.03072, -1.55139, 0.10502, 1.04932, -1.57087
-0.08582, 0.90728, -1.48012, 0.22898, 0.95574, -1.37333, 0.12514, 1.03010, -1.55127, 0.10403, 1.04872, -1.57117
-0.08522, 0.90713, -1.48055, 0.22933, 0.95560, -1.37431, 0.12417, 1.02951, -1.55117, 0.10313, 1.04806, -1.57151
-0.08463, 0.90695, -1.48091, 0.22975, 0.95544, -1.37535, 0.12333, 1.02903, -1.55119, 0.10235, 1.04740, -1.57198
-0.08406, 0.90677, -1.48133, 0.23019, 0.95529, -1.37642, 0.12258, 1.02861, -1.55127, 0.10162, 1.04670, -1.57249
-0.08334, 0.90661, -1.48173, 0.23078, 0.95516, -1.37734, 0.12209, 1.02824, -1.55135, 0.10103, 1.04603, -1.57311
-0.08275, 0.90651, -1.48207, 0.23132, 0.95509, -1.37806, 0.12169, 1.02794, -1.55143, 0.10024, 1.04541, -1.57378
-0.08205, 0.90650, -1.48244, 0.23199, 0.95509, -1.37861, 0.12158, 1.02773, -1.55148, 0.09950, 1.04484, -1.57453
-0.08135, 0.90656, -1.48284, 0.23267, 0.95510, -1.37911, 0.12148, 1.02745, -1.55150, 0.09873, 1.04426, -1.57524
-0.08054, 0.90669, -1.48322, 0.23338, 0.95515, -1.37957, 0.12135, 1.02715, -1.55146, 0.09792, 1.04365, -1.57600
-0.07967, 0.90691, -1.48363, 0.23406, 0.95522, -1.38014, 0.12107, 1.02672, -1.55141, 0.09702, 1.04291, -1.57662
-0.07878, 0.90713, -1.48403, 0.23474, 0.95530, -1.38077, 0.12071, 1.02627, -1.55134, 0.09615, 1.04213, -1.57718
-0.07795, 0.90733, -1.48444, 0.23527, 0.95535, -1.38143, 0.12016, 1.02579, -1.55128, 0.09522, 1.04131, -1.57769
-0.07724, 0.90736, -1.48484, 0.23553, 0.95537, -1.38233, 0.11937, 1.02528, -1.55130, 0.09421, 1.04042, -1.57808
-0.07669, 0.90734, -1.48520, 0.23563, 0.95533, -1.38329, 0.11838, 1.02476, -1.55130, 0.09318, 1.03950, -1.57838
-0.07628, 0.90726, -1.48559, 0.23561, 0.95523, -1.38437, 0.11737, 1.02428, -1.55131, 0.09203, 1.03856, -1.57864
-0.07602, 0.90714, -1.48599, 0.23559, 0.95507, -1.38543, 0.11647, 1.02387, -1.55127, 0.09086, 1.03774, -1.57900
-0.07583, 0.90701, -1.48631, 0.23557, 0.95483, -1.38640, 0.11570, 1.02358, -1.55117, 0.08971, 1.03701, -1.57935
-0.07570, 0.90691, -1.48664, 0.23555, 0.95459, -1.38736, 0.11498, 1.02332, -1.55105, 0.08856, 1.03633, -1.57973
-0.07537, 0.90691, -1.48678, 0.23584, 0.95438, -1.38799, 0.11450, 1.02320, -1.55082, 0.08766, 1.03581, -1.58022
-0.07483, 0.90700, -1.48682, 0.23633, 0.95423, -1.38837, 0.11431, 1.02314, -1.55048, 0.08697, 1.03537, -1.58073
-0.07423, 0.90717, -1.48676, 0.23692, 0.95415, -1.38854, 0.11419, 1.02315, -1.55016, 0.08646, 1.03501, -1.58123
-0.07371, 0.90734, -1.48659, 0.23732, 0.95414, -1.38857, 0.11393, 1.02318, -1.54979, 0.08589, 1.03463, -1.58162
-0.07341, 0.90751, -1.48631, 0.23737, 0.95433, -1.38843, 0.11344, 1.02321, -1.54948, 0.08532, 1.03419, -1.58185
-0.07305, 0.90771, -1.48599, 0.23733, 0.95458, -1.38816, 0.11290, 1.02325, -1.54925, 0.08478, 1.03376, -1.58199
-0.07272, 0.90784, -1.48557, 0.23729, 0.95486, -1.38785, 0.11225, 1.02326, -1.54892, 0.08423, 1.03334, -1.58204
-0.07229, 0.90787, -1.48508, 0.23731, 0.95511, -1.38755, 0.11153, 1.02320, -1.54858, 0.08368, 1.03298, -1.58207
-0.07162, 0.90782, -1.48448, 0.23764, 0.95536, -1.38722, 0.11096, 1.02315, -1.54818, 0.08329, 1.03268, -1.58213
-0.07089, 0.90773, -1.48386, 0.23810, 0.95556, -1.38687, 0.11044, 1.02313, -1.54776, 0.08291, 1.03248, -1.58221
-0.07019, 0.90762, -1.48315, 0.23867, 0.95566, -1.38649, 0.10996, 1.02325, -1.54729, 0.08246, 1.03234, -1.58225
-0.06951, 0.90754, -1.48241, 0.23943, 0.95561, -1.38614, 0.10961, 1.02357, -1.54684, 0.08202, 1.03235, -1.58238
-0.06884, 0.90745, -1.48171, 0.24026, 0.95553, -1.38582, 0.10933, 1.02397, -1.54635, 0.08158, 1.03240, -1.58248
-0.06826, 0.90743, -1.48095, 0.24100, 0.95545, -1.38548, 0.10907, 1.02437, -1.54592, 0.08110, 1.03242, -1.58256
-0.06789, 0.90749, -1.48025, 0.24151, 0.95546, -1.38521, 0.10863, 1.02474, -1.54559, 0.08043, 1.03240, -1.58261
-0.06765, 0.90762, -1.47952, 0.24182, 0.95553, -1.38494, 0.10805, 1.02507, -1.54530, 0.07972, 1.03238, -1.58259
-0.06742, 0.90773, -1.47878, 0.24203, 0.95566, -1.38467, 0.10741, 1.02534, -1.54502, 0.07897, 1.03229, -1.58256
-0.06707, 0.90781, -1.47805, 0.24217, 0.95591, -1.38436, 0.10669, 1.02549, -1.54470, 0.07838, 1.03221, -1.58252
-0.06671, 0.90787, -1.47728, 0.24223, 0.95622, -1.38403, 0.10585, 1.02556, -1.54441, 0.07784, 1.03211, -1.58249
-0.06625, 0.90787, -1.47656, 0.24229, 0.95653, -1.38376, 0.10498, 1.02554, -1.54409, 0.07731, 1.03197, -1.58243
-0.06579, 0.90784, -1.47587, 0.24236, 0.95685, -1.38358, 0.10401, 1.02552, -1.54387, 0.07674, 1.03182, -1.58230
-0.06519, 0.90777, -1.47529, 0.24255, 0.95708, -1.38360, 0.10308, 1.02549, -1.54375, 0.07618, 1.03163, -1.58217
-0.06473, 0.90766, -1.47476, 0.24271, 0.95726, -1.38372, 0.10209, 1.02547, -1.54370, 0.07543, 1.03144, -1.58201
-0.06416, 0.90752, -1.47433, 0.24306, 0.95738, -1.38399, 0.10118, 1.02542, -1.54367, 0.07468, 1.03124, -1.58186
-0.06338, 0.90736, -1.47403, 0.24393, 0.95744, -1.38421, 0.10068, 1.02548, -1.54371, 0.07401, 1.03114, -1.58188
-0.06289, 0.90723, -1.47387, 0.24461, 0.95743, -1.38471, 0.10014, 1.02545, -1.54380, 0.07312, 1.03096, -1.58190
-0.06312, 0.90731, -1.47411, 0.24457, 0.95741, -1.38560, 0.09936, 1.02532, -1.54419, 0.07190, 1.03063, -1.58202
-0.06498, 0.90778, -1.47501, 0.24277, 0.95733, -1.38733, 0.09803, 1.02481, -1.54499, 0.06997, 1.02990, -1.58221
-0.06806, 0.90861, -1.47634, 0.23957, 0.95727, -1.38971, 0.09618, 1.02406, -1.54616, 0.06754, 1.02885, -1.58247
-0.07165, 0.90958, -1.47790, 0.23580, 0.95724, -1.39254, 0.09400, 1.02314, -1.54751, 0.06474, 1.02762, -1.58269
-0.07512, 0.91055, -1.47930, 0.23201, 0.95731, -1.39565, 0.09142, 1.02211, -1.54896, 0.06182, 1.02627, -1.58292
-0.07822, 0.91145, -1.48051, 0.22848, 0.95753, -1.39900, 0.08849, 1.02099, -1.55041, 0.05881, 1.02486, -1.58295
-0.08072, 0.91223, -1.48149, 0.22543, 0.95779, -1.40212, 0.08564, 1.01996, -1.55172, 0.05602, 1.02356, -1.58301
-0.08228, 0.91278, -1.48222, 0.22328, 0.95806, -1.40447, 0.08333, 1.01912, -1.55267, 0.05387, 1.02255, -1.58305
-0.08220, 0.91292, -1.48257, 0.22276, 0.95828, -1.40538, 0.08227, 1.01868, -1.55297, 0.05302, 1.02209, -1.58316
-0.08102, 0.91286, -1.48275, 0.22337, 0.95846, -1.40541, 0.08202, 1.01853, -1.55287, 0.05295, 1.02203, -1.58338
-0.07921, 0.91265, -1.48280, 0.22481, 0.95858, -1.40499, 0.08232, 1.01853, -1.55256, 0.05336, 1.02216, -1.58365
-0.07693, 0.91245, -1.48298, 0.22712, 0.95863, -1.40447, 0.08315, 1.01860, -1.55219, 0.05408, 1.02246, -1.58405
-0.07437, 0.91224, -1.48313, 0.23001, 0.95859, -1.40380, 0.08436, 1.01876, -1.55176, 0.05501, 1.02283, -1.58455
-0.07165, 0.91203, -1.48333, 0.23315, 0.95853, -1.40315, 0.08565, 1.01896, -1.55131, 0.05605, 1.02327, -1.58506
-0.06887, 0.91186, -1.48346, 0.23633, 0.95853, -1.40236, 0.08703, 1.01917, -1.55081, 0.05717, 1.02375, -1.58555
-0.06629, 0.91177, -1.48352, 0.23920, 0.95861, -1.40163, 0.08817, 1.01938, -1.55035, 0.05818, 1.02418, -1.58604
-0.06373, 0.91171, -1.48351, 0.24190, 0.95875, -1.40078, 0.08922, 1.01961, -1.54989, 0.05923, 1.02463, -1.58648
-0.06129, 0.91168, -1.48332, 0.24431, 0.95898, -1.39995, 0.08994, 1.01977, -1.54946, 0.06008, 1.02503, -1.58676
-0.05894, 0.91173, -1.48278, 0.24625, 0.95938, -1.39892, 0.09030, 1.01996, -1.54905, 0.06082, 1.02538, -1.58698
-0.05674, 0.91181, -1.48209, 0.24789, 0.95986, -1.39787, 0.09040, 1.02010, -1.54866, 0.06142, 1.02571, -1.58711
-0.05483, 0.91193, -1.48137, 0.24919, 0.96033, -1.39686, 0.09035, 1.02019, -1.54831, 0.06187, 1.02599, -1.58717
-0.05338, 0.91207, -1.48069, 0.25014, 0.96077, -1.39601, 0.09026, 1.02023, -1.54801, 0.06212, 1.02624, -1.58725
-0.05235, 0.91223, -1.48017, 0.25082, 0.96110, -1.39536, 0.09016, 1.02021, -1.54770, 0.06219, 1.02643, -1.58737
-0.05148, 0.91241, -1.47965, 0.25138, 0.96139, -1.39476, 0.09013, 1.02023, -1.54743, 0.06216, 1.02663, -1.58748
-0.05084, 0.91265, -1.47926, 0.25195, 0.96154, -1.39443, 0.09011, 1.02029, -1.54718, 0.06203, 1.02683, -1.58770
-0.05042, 0.91293, -1.47902, 0.25257, 0.96154, -1.39432, 0.09021, 1.02049, -1.54695, 0.06174, 1.02702, -1.58794
-0.05004, 0.91320, -1.47874, 0.25327, 0.96151, -1.39418, 0.09027, 1.02081, -1.54672, 0.06145, 1.02730, -1.58823
-0.04950, 0.91348, -1.47831, 0.25408, 0.96153, -1.39385, 0.09027, 1.02126, -1.54643, 0.06121, 1.02764, -1.58845
-0.04868, 0.91366, -1.47757, 0.25518, 0.96176, -1.39300, 0.09017, 1.02186, -1.54611, 0.06118, 1.02810, -1.58855
-0.04777, 0.91382, -1.47671, 0.25629, 0.96205, -1.39199, 0.08990, 1.02250, -1.54576, 0.06114, 1.02856, -1.58857
-0.04689, 0.91397, -1.47592, 0.25726, 0.96239, -1.39099, 0.08956, 1.02306, -1.54546, 0.06115, 1.02897, -1.58859
-0.04634, 0.91408, -1.47549, 0.25781, 0.96276, -1.39027, 0.08906, 1.02326, -1.54524, 0.06102, 1.02911, -1.58863
-0.04613, 0.91416, -1.47533, 0.25785, 0.96310, -1.38999, 0.08838, 1.02318, -1.54517, 0.06070, 1.02905, -1.58862
-0.04606, 0.91425, -1.47543, 0.25771, 0.96341, -1.39004, 0.08774, 1.02294, -1.54515, 0.06029, 1.02886, -1.58869
-0.04614, 0.91439, -1.47573, 0.25732, 0.96359, -1.39058, 0.08712, 1.02262, -1.54516, 0.05966, 1.02857, -1.58879
-0.04636, 0.91458, -1.47627, 0.25680, 0.96357, -1.39170, 0.08669, 1.02222, -1.54520, 0.05880, 1.02819, -1.58899
-0.04660, 0.91477, -1.47687, 0.25624, 0.96347, -1.39307, 0.08626, 1.02185, -1.54528, 0.05780, 1.02781, -1.58919
-0.04675, 0.91495, -1.47743, 0.25588, 0.96330, -1.39440, 0.08592, 1.02155, -1.54541, 0.05689, 1.02751, -1.58942
-0.04654, 0.91506, -1.47780, 0.25604, 0.96300, -1.39541, 0.08573, 1.02147, -1.54556, 0.05620, 1.02742, -1.58965
-0.04625, 0.91515, -1.47806, 0.25638, 0.96266, -1.39624, 0.08547, 1.02150, -1.54579, 0.05562, 1.02742, -1.58980
-0.04585, 0.91523, -1.47818, 0.25684, 0.96235, -1.39696, 0.08519, 1.02155, -1.54598, 0.05510, 1.02741, -1.58994
-0.04538, 0.91531, -1.47826, 0.25731, 0.96214, -1.39757, 0.08479, 1.02157, -1.54612, 0.05470, 1.02736, -1.59004
-0.04494, 0.91539, -1.47824, 0.25769, 0.96208, -1.39806, 0.08422, 1.02155, -1.54630, 0.05428, 1.02726, -1.59009
-0.04453, 0.91550, -1.47816, 0.25799, 0.96204, -1.39851, 0.08359, 1.02146, -1.54634, 0.05390, 1.02714, -1.59006
-0.04429, 0.91560, -1.47806, 0.25803, 0.96208, -1.39903, 0.08285, 1.02133, -1.54633, 0.05345, 1.02693, -1.58998
-0.04416, 0.91574, -1.47798, 0.25790, 0.96218, -1.39956, 0.08218, 1.02109, -1.54614, 0.05302, 1.02666, -1.58984
-0.04415, 0.91590, -1.47791, 0.25759, 0.96231, -1.40012, 0.08142, 1.02083, -1.54595, 0.05246, 1.02641, -1.58968
-0.04418, 0.91608, -1.47779, 0.25734, 0.96241, -1.40054, 0.08078, 1.02057, -1.54575, 0.05189, 1.02618, -1.58953
-0.04418, 0.91627, -1.47761, 0.25721, 0.96246, -1.40081, 0.08030, 1.02039, -1.54563, 0.05129, 1.02605, -1.58940
-0.04414, 0.91648, -1.47744, 0.25724, 0.96250, -1.40091, 0.07992, 1.02025, -1.54555, 0.05069, 1.02601, -1.58933
-0.04401, 0.91670, -1.47714, 0.25736, 0.96254, -1.40079, 0.07967, 1.02026, -1.54550, 0.05016, 1.02606, -1.58930
-0.04372, 0.91696, -1.47666, 0.25762, 0.96268, -1.40027, 0.07957, 1.02049, -1.54536, 0.04975, 1.02628, -1.58926
-0.04333, 0.91724, -1.47605, 0.25797, 0.96287, -1.39952, 0.07954, 1.02089, -1.54525, 0.04939, 1.02661, -1.58929
-0.04282, 0.91751, -1.47538, 0.25843, 0.96310, -1.39868, 0.07958, 1.02137, -1.54510, 0.04924, 1.02698, -1.58929
-0.04247, 0.91776, -1.47472, 0.25865, 0.96332, -1.39793, 0.07943, 1.02180, -1.54497, 0.04905, 1.02727, -1.58922
-0.04228, 0.91794, -1.47408, 0.25864, 0.96352, -1.39744, 0.07901, 1.02211, -1.54479, 0.04885, 1.02744, -1.58903
-0.04219, 0.91813, -1.47348, 0.25861, 0.96373, -1.39706, 0.07855, 1.02237, -1.54464, 0.04873, 1.02757, -1.58889
-0.04219, 0.91827, -1.47281, 0.25852, 0.96393, -1.39672, 0.07798, 1.02256, -1.54444, 0.04861, 1.02764, -1.58867
-0.04232, 0.91842, -1.47207, 0.25843, 0.96413, -1.39631, 0.07746, 1.02266, -1.54409, 0.04854, 1.02767, -1.58845
-0.04251, 0.91856, -1.47134, 0.25842, 0.96433, -1.39595, 0.07698, 1.02271, -1.54373, 0.04851, 1.02772, -1.58824
-0.04271, 0.91876, -1.47059, 0.25838, 0.96458, -1.39546, 0.07650, 1.02281, -1.54341, 0.04845, 1.02780, -1.58809
-0.04301, 0.91903, -1.46995, 0.25841, 0.96490, -1.39478, 0.07614, 1.02297, -1.54306, 0.04824, 1.02798, -1.58801
-0.04331, 0.91939, -1.46930, 0.25850, 0.96526, -1.39392, 0.07581, 1.02325, -1.54279, 0.04800, 1.02830, -1.58796
-0.04361, 0.91977, -1.46871, 0.25856, 0.96563, -1.39303, 0.07555, 1.02359, -1.54254, 0.04771, 1.02861, -1.58793
-0.04390, 0.92014, -1.46819, 0.25860, 0.96593, -1.39220, 0.07532, 1.02399, -1.54237, 0.04736, 1.02895, -1.58791
-0.04434, 0.92052, -1.46768, 0.25840, 0.96620, -1.39154, 0.07493, 1.02447, -1.54227, 0.04688, 1.02929, -1.58786
-0.04465, 0.92086, -1.46722, 0.25824, 0.96638, -1.39094, 0.07463, 1.02494, -1.54219, 0.04648, 1.02958, -1.58782
-0.04488, 0.92113, -1.46664, 0.25810, 0.96654, -1.39042, 0.07433, 1.02540, -1.54202, 0.04618, 1.02987, -1.58769
-0.04504, 0.92129, -1.46588, 0.25783, 0.96662, -1.38994, 0.07392, 1.02583, -1.54183, 0.04594, 1.03010, -1.58751
-0.04500, 0.92136, -1.46514, 0.25766, 0.96665, -1.38960, 0.07367, 1.02619, -1.54156, 0.04593, 1.03030, -1.58732
-0.04490, 0.92142, -1.46440, 0.25749, 0.96667, -1.38931, 0.07345, 1.02650, -1.54123, 0.04594, 1.03046, -1.58704
-0.04472, 0.92147, -1.46386, 0.25736, 0.96672, -1.38920, 0.07331, 1.02670, -1.54091, 0.04598, 1.03057, -1.58679
-0.04457, 0.92156, -1.46347, 0.25717, 0.96678, -1.38923, 0.07321, 1.02688, -1.54056, 0.04594, 1.03064, -1.58651
-0.04448, 0.92167, -1.46329, 0.25697, 0.96682, -1.38947, 0.07315, 1.02696, -1.54023, 0.04584, 1.03069, -1.58627
-0.04456, 0.92179, -1.46325, 0.25670, 0.96685, -1.38981, 0.07308, 1.02703, -1.54002, 0.04556, 1.03065, -1.58605
-0.04485, 0.92193, -1.46341, 0.25632, 0.96683, -1.39037, 0.07300, 1.02708, -1.53989, 0.04507, 1.03058, -1.58587
-0.04527, 0.92211, -1.46361, 0.25591, 0.96683, -1.39092, 0.07285, 1.02714, -1.53982, 0.04449, 1.03051, -1.58573
-0.04567, 0.92228, -1.46381, 0.25555, 0.96683, -1.39145, 0.07263, 1.02725, -1.53985, 0.04376, 1.03047, -1.58557
-0.04591, 0.92242, -1.46387, 0.25544, 0.96684, -1.39184, 0.07228, 1.02740, -1.53987, 0.04310, 1.03049, -1.58546
-0.04611, 0.92254, -1.46390, 0.25540, 0.96685, -1.39214, 0.07191, 1.02757, -1.53990, 0.04238, 1.03054, -1.58533
-0.04620, 0.92267, -1.46388, 0.25545, 0.96688, -1.39242, 0.07145, 1.02777, -1.53993, 0.04178, 1.03061, -1.58517
-0.04622, 0.92279, -1.46374, 0.25559, 0.96694, -1.39265, 0.07100, 1.02795, -1.53991, 0.04132, 1.03070, -1.58498
-0.04620, 0.92293, -1.46358, 0.25569, 0.96700, -1.39288, 0.07050, 1.02807, -1.53988, 0.04097, 1.03076, -1.58473
-0.04610, 0.92309, -1.46342, 0.25587, 0.96709, -1.39306, 0.07009, 1.02818, -1.53982, 0.04076, 1.03082, -1.58451
-0.04610, 0.92328, -1.46318, 0.25588, 0.96722, -1.39310, 0.06972, 1.02829, -1.53972, 0.04066, 1.03086, -1.58423
-0.04618, 0.92356, -1.46289, 0.25571, 0.96745, -1.39299, 0.06945, 1.02843, -1.53957, 0.04061, 1.03095, -1.58395
-0.04624, 0.92383, -1.46261, 0.25549, 0.96768, -1.39283, 0.06925, 1.02854, -1.53943, 0.04063, 1.03102, -1.58370
-0.04631, 0.92405, -1.46232, 0.25531, 0.96789, -1.39263, 0.06917, 1.02862, -1.53932, 0.04066, 1.03110, -1.58344
-0.04633, 0.92416, -1.46197, 0.25513, 0.96804, -1.39234, 0.06922, 1.02872, -1.53912, 0.04060, 1.03122, -1.58325
-0.04636, 0.92420, -1.46154, 0.25499, 0.96816, -1.39200, 0.06928, 1.02884, -1.53894, 0.04055, 1.03140, -1.58306
-0.04632, 0.92424, -1.46117, 0.25484, 0.96825, -1.39171, 0.06933, 1.02898, -1.53876, 0.04051, 1.03157, -1.58291
-0.04631, 0.92429, -1.46092, 0.25465, 0.96828, -1.39158, 0.06924, 1.02916, -1.53868, 0.04043, 1.03171, -1.58280
-0.04631, 0.92441, -1.46071, 0.25446, 0.96827, -1.39159, 0.06905, 1.02940, -1.53865, 0.04032, 1.03187, -1.58273
-0.04634, 0.92455, -1.46048, 0.25425, 0.96827, -1.39159, 0.06880, 1.02966, -1.53861, 0.04026, 1.03203, -1.58264
-0.04637, 0.92476, -1.46027, 0.25408, 0.96828, -1.39150, 0.06854, 1.02994, -1.53855, 0.04020, 1.03218, -1.58257
-0.04640, 0.92504, -1.46006, 0.25393, 0.96839, -1.39134, 0.06827, 1.03021, -1.53842, 0.04022, 1.03239, -1.58250
-0.04652, 0.92535, -1.45983, 0.25375, 0.96849, -1.39114, 0.06798, 1.03046, -1.53825, 0.04022, 1.03255, -1.58236
-0.04665, 0.92566, -1.45948, 0.25361, 0.96862, -1.39080, 0.06780, 1.03073, -1.53801, 0.04032, 1.03274, -1.58225
-0.04676, 0.92597, -1.45899, 0.25349, 0.96876, -1.39027, 0.06778, 1.03105, -1.53771, 0.04051, 1.03298, -1.58215
-0.04688, 0.92623, -1.45845, 0.25336, 0.96890, -1.38971, 0.06781, 1.03135, -1.53738, 0.04071, 1.03322, -1.58206
-0.04699, 0.92650, -1.45786, 0.25332, 0.96906, -1.38908, 0.06787, 1.03170, -1.53706, 0.04089, 1.03349, -1.58196
-0.04712, 0.92675, -1.45737, 0.25317, 0.96918, -1.38859, 0.06778, 1.03208, -1.53686, 0.04093, 1.03371, -1.58193
-0.04718, 0.92703, -1.45687, 0.25313, 0.96932, -1.38811, 0.06772, 1.03251, -1.53668, 0.04097, 1.03399, -1.58192
-0.04728, 0.92727, -1.45638, 0.25302, 0.96944, -1.38771, 0.06756, 1.03290, -1.53659, 0.04091, 1.03426, -1.58195
-0.04737, 0.92745, -1.45594, 0.25295, 0.96951, -1.38739, 0.06736, 1.03325, -1.53647, 0.04078, 1.03451, -1.58191
-0.04752, 0.92757, -1.45552, 0.25283, 0.96958, -1.38716, 0.06707, 1.03348, -1.53626, 0.04064, 1.03473, -1.58182
-0.04767, 0.92767, -1.45519, 0.25269, 0.96958, -1.38705, 0.06685, 1.03364, -1.53612, 0.04050, 1.03490, -1.58175
-0.04791, 0.92777, -1.45489, 0.25251, 0.96960, -1.38704, 0.06655, 1.03377, -1.53592, 0.04032, 1.03502, -1.58166
-0.04814, 0.92791, -1.45484, 0.25226, 0.96953, -1.38721, 0.06632, 1.03386, -1.53570, 0.04022, 1.03508, -1.58159
-0.04833, 0.92809, -1.45486, 0.25203, 0.96945, -1.38749, 0.06618, 1.03393, -1.53547, 0.04021, 1.03508, -1.58160
-0.04849, 0.92830, -1.45494, 0.25179, 0.96942, -1.38787, 0.06609, 1.03400, -1.53524, 0.04027, 1.03506, -1.58161
-0.04861, 0.92856, -1.45498, 0.25161, 0.96948, -1.38815, 0.06601, 1.03411, -1.53512, 0.04038, 1.03510, -1.58164
-0.04861, 0.92887, -1.45503, 0.25150, 0.96958, -1.38847, 0.06599, 1.03424, -1.53500, 0.04063, 1.03515, -1.58170
-0.04859, 0.92917, -1.45505, 0.25146, 0.96975, -1.38874, 0.06603, 1.03437, -1.53491, 0.04100, 1.03520, -1.58176
-0.04859, 0.92941, -1.45506, 0.25141, 0.96992, -1.38893, 0.06605, 1.03445, -1.53478, 0.04145, 1.03522, -1.58177
-0.04866, 0.92956, -1.45498, 0.25129, 0.97010, -1.38899, 0.06600, 1.03451, -1.53459, 0.04193, 1.03517, -1.58167
-0.04877, 0.92966, -1.45484, 0.25119, 0.97027, -1.38901, 0.06587, 1.03455, -1.53437, 0.04246, 1.03508, -1.58143
-0.04889, 0.92970, -1.45471, 0.25102, 0.97042, -1.38904, 0.06571, 1.03460, -1.53413, 0.04290, 1.03496, -1.58118
-0.04911, 0.92966, -1.45454, 0.25078, 0.97048, -1.38917, 0.06536, 1.03463, -1.53383, 0.04310, 1.03480, -1.58074
-0.04933, 0.92957, -1.45433, 0.25044, 0.97051, -1.38932, 0.06491, 1.03467, -1.53355, 0.04314, 1.03462, -1.58025
-0.04957, 0.92950, -1.45407, 0.25014, 0.97055, -1.38940, 0.06440, 1.03475, -1.53324, 0.04306, 1.03445, -1.57973
-0.04971, 0.92946, -1.45372, 0.24996, 0.97060, -1.38947, 0.06401, 1.03485, -1.53298, 0.04291, 1.03439, -1.57919
-0.04984, 0.92947, -1.45324, 0.24978, 0.97072, -1.38934, 0.06354, 1.03504, -1.53270, 0.04259, 1.03442, -1.57860
-0.04995, 0.92948, -1.45279, 0.24967, 0.97085, -1.38925, 0.06308, 1.03524, -1.53245, 0.04221, 1.03448, -1.57802
-0.04996, 0.92952, -1.45237, 0.24961, 0.97100, -1.38912, 0.06274, 1.03543, -1.53216, 0.04184, 1.03457, -1.57746
-0.04990, 0.92955, -1.45208, 0.24957, 0.97117, -1.38896, 0.06243, 1.03557, -1.53186, 0.04147, 1.03465, -1.57698
-0.04988, 0.92959, -1.45182, 0.24948, 0.97139, -1.38879, 0.06212, 1.03574, -1.53158, 0.04100, 1.03475, -1.57647
-0.04985, 0.92962, -1.45161, 0.24938, 0.97166, -1.38864, 0.06180, 1.03591, -1.53132, 0.04051, 1.03487, -1.57602
-0.04987, 0.92968, -1.45143, 0.24911, 0.97199, -1.38853, 0.06134, 1.03611, -1.53117, 0.03997, 1.03503, -1.57555
-0.04992, 0.92975, -1.45128, 0.24877, 0.97236, -1.38844, 0.06077, 1.03633, -1.53109, 0.03932, 1.03520, -1.57514
-0.05002, 0.92983, -1.45104, 0.24840, 0.97274, -1.38830, 0.06014, 1.03658, -1.53101, 0.03867, 1.03540, -1.57475
-0.05016, 0.92992, -1.45082, 0.24804, 0.97308, -1.38820, 0.05950, 1.03683, -1.53101, 0.03814, 1.03563, -1.57445
-0.05041, 0.93004, -1.45048, 0.24763, 0.97338, -1.38807, 0.05873, 1.03715, -1.53108, 0.03752, 1.03591, -1.57421
-0.05068, 0.93014, -1.45011, 0.24721, 0.97366, -1.38793, 0.05798, 1.03746, -1.53111, 0.03693, 1.03618, -1.57401
-0.05090, 0.93026, -1.44975, 0.24689, 0.97381, -1.38778, 0.05727, 1.03773, -1.53119, 0.03636, 1.03646, -1.57380
-0.05117, 0.93039, -1.44933, 0.24658, 0.97393, -1.38759, 0.05656, 1.03802, -1.53124, 0.03566, 1.03675, -1.57355
-0.05136, 0.93052, -1.44887, 0.24637, 0.97402, -1.38733, 0.05596, 1.03832, -1.53130, 0.03497, 1.03708, -1.57332
-0.05155, 0.93068, -1.44836, 0.24619, 0.97413, -1.38700, 0.05542, 1.03862, -1.53127, 0.03426, 1.03739, -1.57308
-0.05163, 0.93083, -1.44780, 0.24604, 0.97434, -1.38652, 0.05500, 1.03893, -1.53119, 0.03356, 1.03775, -1.57278
-0.05176, 0.93100, -1.44719, 0.24584, 0.97458, -1.38600, 0.05459, 1.03928, -1.53112, 0.03280, 1.03812, -1.57247
-0.05185, 0.93121, -1.44670, 0.24571, 0.97485, -1.38557, 0.05425, 1.03958, -1.53103, 0.03220, 1.03847, -1.57224
-0.05207, 0.93143, -1.44633, 0.24543, 0.97512, -1.38537, 0.05380, 1.03986, -1.53105, 0.03173, 1.03873, -1.57211
-0.05241, 0.93167, -1.44619, 0.24510, 0.97534, -1.38544, 0.05330, 1.04007, -1.53113, 0.03135, 1.03894, -1.57205
-0.05275, 0.93190, -1.44612, 0.24477, 0.97555, -1.38561, 0.05276, 1.04024, -1.53119, 0.03103, 1.03907, -1.57208
-0.05298, 0.93216, -1.44603, 0.24455, 0.97572, -1.38577, 0.05225, 1.04045, -1.53126, 0.03076, 1.03927, -1.57208
-0.05303, 0.93242, -1.44600, 0.24459, 0.97583, -1.38596, 0.05182, 1.04061, -1.53124, 0.03055, 1.03946, -1.57215
-0.05302, 0.93267, -1.44596, 0.24471, 0.97591, -1.38612, 0.05143, 1.04080, -1.53119, 0.03031, 1.03965, -1.57225
-0.05284, 0.93291, -1.44585, 0.24497, 0.97596, -1.38617, 0.05117, 1.04099, -1.53107, 0.03014, 1.03988, -1.57232
-0.05251, 0.93315, -1.44563, 0.24541, 0.97601, -1.38598, 0.05109, 1.04126, -1.53085, 0.03003, 1.04016, -1.57240
-0.05216, 0.93338, -1.44537, 0.24586, 0.97605, -1.38569, 0.05104, 1.04154, -1.53051, 0.02995, 1.04044, -1.57243
-0.05167, 0.93363, -1.44511, 0.24643, 0.97606, -1.38538, 0.05111, 1.04179, -1.53016, 0.03000, 1.04071, -1.57248
-0.05127, 0.93385, -1.44495, 0.24697, 0.97603, -1.38513, 0.05109, 1.04198, -1.52977, 0.03006, 1.04090, -1.57259
-0.05090, 0.93407, -1.44484, 0.24745, 0.97601, -1.38498, 0.05096, 1.04211, -1.52942, 0.03018, 1.04102, -1.57270
-0.05056, 0.93430, -1.44475, 0.24788, 0.97599, -1.38489, 0.05079, 1.04222, -1.52902, 0.03034, 1.04109, -1.57286
-0.05031, 0.93453, -1.44480, 0.24814, 0.97594, -1.38493, 0.05056, 1.04224, -1.52864, 0.03041, 1.04108, -1.57298
-0.05028, 0.93478, -1.44481, 0.24809, 0.97595, -1.38507, 0.05016, 1.04221, -1.52821, 0.03035, 1.04102, -1.57309
-0.05038, 0.93504, -1.44486, 0.24791, 0.97591, -1.38533, 0.04968, 1.04215, -1.52782, 0.03016, 1.04091, -1.57322
-0.05045, 0.93530, -1.44498, 0.24775, 0.97589, -1.38563, 0.04933, 1.04211, -1.52743, 0.02999, 1.04081, -1.57336
-0.05057, 0.93559, -1.44502, 0.24754, 0.97577, -1.38598, 0.04900, 1.04215, -1.52705, 0.02981, 1.04077, -1.57354
-0.05068, 0.93590, -1.44507, 0.24741, 0.97566, -1.38630, 0.04877, 1.04223, -1.52674, 0.02961, 1.04077, -1.57374
-0.05075, 0.93620, -1.44506, 0.24739, 0.97551, -1.38654, 0.04859, 1.04238, -1.52635, 0.02942, 1.04080, -1.57398
-0.05062, 0.93649, -1.44498, 0.24765, 0.97534, -1.38663, 0.04854, 1.04267, -1.52591, 0.02929, 1.04093, -1.57424
-0.05046, 0.93677, -1.44476, 0.24802, 0.97515, -1.38654, 0.04844, 1.04307, -1.52545, 0.02915, 1.04113, -1.57446
-0.05019, 0.93705, -1.44451, 0.24851, 0.97497, -1.38641, 0.04844, 1.04351, -1.52493, 0.02906, 1.04135, -1.57471
-0.04982, 0.93731, -1.44428, 0.24898, 0.97481, -1.38617, 0.04850, 1.04393, -1.52433, 0.02898, 1.04160, -1.57497
-0.04944, 0.93757, -1.44399, 0.24937, 0.97467, -1.38581, 0.04858, 1.04430, -1.52360, 0.02894, 1.04184, -1.57518
-0.04896, 0.93781, -1.44374, 0.24971, 0.97457, -1.38544, 0.04874, 1.04464, -1.52289, 0.02899, 1.04207, -1.57544
-0.04854, 0.93806, -1.44353, 0.24994, 0.97454, -1.38508, 0.04883, 1.04491, -1.52219, 0.02912, 1.04229, -1.57567
-0.04815, 0.93832, -1.44344, 0.25000, 0.97459, -1.38465, 0.04892, 1.04507, -1.52159, 0.02944, 1.04250, -1.57598
-0.04782, 0.93857, -1.44342, 0.24992, 0.97467, -1.38426, 0.04894, 1.04518, -1.52105, 0.02988, 1.04265, -1.57632
-0.04755, 0.93885, -1.44335, 0.24985, 0.97479, -1.38386, 0.04893, 1.04532, -1.52054, 0.03037, 1.04283, -1.57657
-0.04745, 0.93912, -1.44329, 0.24968, 0.97488, -1.38355, 0.04885, 1.04559, -1.52007, 0.03084, 1.04293, -1.57680
-0.04740, 0.93943, -1.44317, 0.24957, 0.97493, -1.38324, 0.04875, 1.04592, -1.51963, 0.03137, 1.04302, -1.57699
-0.04740, 0.93971, -1.44298, 0.24945, 0.97495, -1.38293, 0.04863, 1.04635, -1.51916, 0.03180, 1.04312, -1.57709
-0.04742, 0.93996, -1.44273, 0.24947, 0.97494, -1.38270, 0.04858, 1.04683, -1.51867, 0.03220, 1.04324, -1.57708
-0.04738, 0.94018, -1.44232, 0.24963, 0.97484, -1.38245, 0.04866, 1.04733, -1.51805, 0.03251, 1.04338, -1.57696
-0.04740, 0.94037, -1.44190, 0.24979, 0.97472, -1.38221, 0.04877, 1.04783, -1.51748, 0.03276, 1.04351, -1.57678
-0.04740, 0.94053, -1.44144, 0.24996, 0.97461, -1.38196, 0.04876, 1.04826, -1.51685, 0.03298, 1.04363, -1.57656
-0.04734, 0.94066, -1.44095, 0.25013, 0.97449, -1.38169, 0.04870, 1.04850, -1.51621, 0.03320, 1.04374, -1.57628
-0.04734, 0.94078, -1.44049, 0.25021, 0.97440, -1.38141, 0.04852, 1.04866, -1.51559, 0.03333, 1.04381, -1.57592
-0.04743, 0.94093, -1.43994, 0.25015, 0.97438, -1.38106, 0.04822, 1.04879, -1.51497, 0.03337, 1.04394, -1.57557
-0.04758, 0.94107, -1.43948, 0.24992, 0.97445, -1.38064, 0.04784, 1.04890, -1.51439, 0.03332, 1.04407, -1.57520
-0.04769, 0.94126, -1.43903, 0.24959, 0.97463, -1.38010, 0.04744, 1.04903, -1.51386, 0.03319, 1.04431, -1.57496
-0.04787, 0.94144, -1.43865, 0.24921, 0.97481, -1.37957, 0.04703, 1.04916, -1.51331, 0.03296, 1.04454, -1.57467
-0.04810, 0.94161, -1.43824, 0.24887, 0.97500, -1.37916, 0.04660, 1.04938, -1.51283, 0.03266, 1.04483, -1.57436
-0.04840, 0.94179, -1.43780, 0.24862, 0.97514, -1.37880, 0.04626, 1.04973, -1.51245, 0.03221, 1.04519, -1.57408
-0.04873, 0.94194, -1.43738, 0.24838, 0.97523, -1.37856, 0.04588, 1.05008, -1.51206, 0.03166, 1.04552, -1.57372
-0.04915, 0.94206, -1.43702, 0.24817, 0.97522, -1.37852, 0.04555, 1.05043, -1.51172, 0.03099, 1.04583, -1.57335
-0.04962, 0.94212, -1.43672, 0.24798, 0.97508, -1.37874, 0.04516, 1.05075, -1.51137, 0.03015, 1.04611, -1.57293
-0.05001, 0.94220, -1.43643, 0.24786, 0.97486, -1.37905, 0.04483, 1.05103, -1.51106, 0.02934, 1.04639, -1.57256
-0.05055, 0.94221, -1.43615, 0.24759, 0.97462, -1.37946, 0.04432, 1.05129, -1.51082, 0.02836, 1.04664, -1.57213
-0.05107, 0.94221, -1.43586, 0.24722, 0.97446, -1.37983, 0.04371, 1.05150, -1.51063, 0.02738, 1.04686, -1.57171
-0.05162, 0.94217, -1.43551, 0.24667, 0.97438, -1.38009, 0.04293, 1.05174, -1.51053, 0.02640, 1.04711, -1.57128
-0.05220, 0.94213, -1.43516, 0.24605, 0.97435, -1.38034, 0.04208, 1.05193, -1.51048, 0.02541, 1.04735, -1.57086
-0.05290, 0.94213, -1.43473, 0.24532, 0.97439, -1.38045, 0.04110, 1.05217, -1.51041, 0.02442, 1.04759, -1.57046
-0.05368, 0.94222, -1.43430, 0.24448, 0.97452, -1.38046, 0.04003, 1.05247, -1.51039, 0.02351, 1.04789, -1.57008
-0.05452, 0.94233, -1.43375, 0.24357, 0.97467, -1.38043, 0.03892, 1.05279, -1.51033, 0.02260, 1.04818, -1.56971
-0.05547, 0.94248, -1.43326, 0.24260, 0.97481, -1.38052, 0.03775, 1.05314, -1.51039, 0.02169, 1.04845, -1.56931
-0.05647, 0.94263, -1.43284, 0.24169, 0.97487, -1.38082, 0.03677, 1.05347, -1.51045, 0.02090, 1.04866, -1.56895
-0.05746, 0.94281, -1.43244, 0.24081, 0.97486, -1.38125, 0.03587, 1.05387, -1.51058, 0.02020, 1.04890, -1.56858
-0.05850, 0.94297, -1.43207, 0.23997, 0.97477, -1.38177, 0.03502, 1.05418, -1.51071, 0.01954, 1.04903, -1.56824
-0.05944, 0.94307, -1.43179, 0.23923, 0.97454, -1.38245, 0.03422, 1.05441, -1.51084, 0.01897, 1.04907, -1.56782
-0.06033, 0.94311, -1.43160, 0.23860, 0.97421, -1.38319, 0.03348, 1.05453, -1.51095, 0.01853, 1.04899, -1.56747
-0.06111, 0.94312, -1.43138, 0.23807, 0.97384, -1.38392, 0.03284, 1.05458, -1.51101, 0.01819, 1.04887, -1.56706
-0.06178, 0.94309, -1.43117, 0.23747, 0.97353, -1.38451, 0.03217, 1.05461, -1.51105, 0.01787, 1.04872, -1.56662
-0.06230, 0.94304, -1.43094, 0.23687, 0.97329, -1.38494, 0.03151, 1.05460, -1.51093, 0.01766, 1.04851, -1.56616
-0.06273, 0.94298, -1.43070, 0.23629, 0.97313, -1.38523, 0.03093, 1.05457, -1.51076, 0.01748, 1.04836, -1.56568
-0.06317, 0.94293, -1.43045, 0.23563, 0.97301, -1.38541, 0.03033, 1.05456, -1.51064, 0.01722, 1.04821, -1.56523
-0.06349, 0.94289, -1.43019, 0.23493, 0.97294, -1.38538, 0.02988, 1.05462, -1.51043, 0.01699, 1.04819, -1.56482
-0.06384, 0.94287, -1.42990, 0.23424, 0.97289, -1.38523, 0.02951, 1.05473, -1.51025, 0.01669, 1.04820, -1.56445
-0.06422, 0.94286, -1.42964, 0.23361, 0.97280, -1.38509, 0.02924, 1.05487, -1.51005, 0.01636, 1.04826, -1.56417
-0.06463, 0.94293, -1.42945, 0.23312, 0.97265, -1.38513, 0.02907, 1.05510, -1.50990, 0.01599, 1.04837, -1.56405
-0.06515, 0.94307, -1.42920, 0.23275, 0.97244, -1.38520, 0.02895, 1.05539, -1.50981, 0.01557, 1.04858, -1.56404
-0.06566, 0.94325, -1.42905, 0.23244, 0.97220, -1.38537, 0.02891, 1.05572, -1.50973, 0.01515, 1.04878, -1.56407
-0.06612, 0.94341, -1.42893, 0.23220, 0.97194, -1.38557, 0.02891, 1.05606, -1.50958, 0.01479, 1.04898, -1.56416
-0.06655, 0.94363, -1.42876, 0.23201, 0.97172, -1.38578, 0.02882, 1.05643, -1.50937, 0.01443, 1.04918, -1.56431
-0.06689, 0.94385, -1.42864, 0.23190, 0.97151, -1.38593, 0.02882, 1.05679, -1.50911, 0.01423, 1.04939, -1.56442
-0.06714, 0.94410, -1.42836, 0.23183, 0.97140, -1.38590, 0.02878, 1.05717, -1.50881, 0.01411, 1.04961, -1.56450
-0.06726, 0.94433, -1.42792, 0.23173, 0.97139, -1.38555, 0.02879, 1.05756, -1.50843, 0.01415, 1.04984, -1.56444
-0.06723, 0.94459, -1.42731, 0.23170, 0.97145, -1.38496, 0.02886, 1.05798, -1.50799, 0.01435, 1.05013, -1.56436
-0.06715, 0.94484, -1.42667, 0.23168, 0.97157, -1.38430, 0.02898, 1.05840, -1.50757, 0.01457, 1.05043, -1.56427
-0.06697, 0.94515, -1.42604, 0.23182, 0.97173, -1.38354, 0.02922, 1.05891, -1.50715, 0.01500, 1.05083, -1.56431
-0.06683, 0.94547, -1.42548, 0.23195, 0.97191, -1.38287, 0.02951, 1.05940, -1.50676, 0.01544, 1.05125, -1.56436
-0.06677, 0.94579, -1.42499, 0.23211, 0.97206, -1.38223, 0.02981, 1.05988, -1.50638, 0.01586, 1.05166, -1.56447
-0.06679, 0.94612, -1.42464, 0.23230, 0.97213, -1.38182, 0.03009, 1.06031, -1.50602, 0.01618, 1.05203, -1.56464
-0.06699, 0.94646, -1.42438, 0.23245, 0.97209, -1.38157, 0.03041, 1.06070, -1.50567, 0.01638, 1.05233, -1.56488
-0.06724, 0.94681, -1.42426, 0.23267, 0.97201, -1.38148, 0.03070, 1.06101, -1.50527, 0.01657, 1.05260, -1.56518
-0.06756, 0.94715, -1.42408, 0.23279, 0.97190, -1.38139, 0.03093, 1.06136, -1.50492, 0.01666, 1.05286, -1.56540
-0.06792, 0.94744, -1.42392, 0.23287, 0.97178, -1.38139, 0.03111, 1.06168, -1.50461, 0.01673, 1.05307, -1.56559
-0.06837, 0.94769, -1.42380, 0.23284, 0.97165, -1.38144, 0.03115, 1.06194, -1.50425, 0.01667, 1.05322, -1.56564
-0.06876, 0.94789, -1.42367, 0.23277, 0.97154, -1.38152, 0.03106, 1.06222, -1.50393, 0.01660, 1.05336, -1.56572
-0.06914, 0.94804, -1.42346, 0.23252, 0.97150, -1.38149, 0.03068, 1.06248, -1.50355, 0.01650, 1.05352, -1.56573
-0.06956, 0.94813, -1.42328, 0.23215, 0.97152, -1.38144, 0.03007, 1.06268, -1.50318, 0.01632, 1.05363, -1.56567
-0.06994, 0.94820, -1.42310, 0.23178, 0.97155, -1.38136, 0.02938, 1.06291, -1.50276, 0.01614, 1.05376, -1.56563
-0.07031, 0.94829, -1.42288, 0.23151, 0.97158, -1.38127, 0.02881, 1.06316, -1.50237, 0.01604, 1.05390, -1.56553
-0.07062, 0.94841, -1.42275, 0.23134, 0.97159, -1.38119, 0.02844, 1.06343, -1.50200, 0.01603, 1.05404, -1.56550
-0.07103, 0.94857, -1.42255, 0.23121, 0.97158, -1.38112, 0.02818, 1.06377, -1.50169, 0.01601, 1.05420, -1.56540
-0.07139, 0.94873, -1.42238, 0.23117, 0.97152, -1.38108, 0.02814, 1.06411, -1.50144, 0.01609, 1.05437, -1.56537
-0.07188, 0.94894, -1.42230, 0.23105, 0.97138, -1.38113, 0.02848, 1.06446, -1.50138, 0.01601, 1.05455, -1.56538
-0.07245, 0.94913, -1.42215, 0.23086, 0.97119, -1.38122, 0.02887, 1.06480, -1.50141, 0.01587, 1.05471, -1.56538
-0.07298, 0.94934, -1.42197, 0.23063, 0.97098, -1.38128, 0.02922, 1.06516, -1.50146, 0.01573, 1.05492, -1.56539
-0.07356, 0.94951, -1.42169, 0.23025, 0.97080, -1.38135, 0.02924, 1.06549, -1.50145, 0.01553, 1.05510, -1.56539
-0.07415, 0.94966, -1.42128, 0.22972, 0.97063, -1.38138, 0.02888, 1.06581, -1.50146, 0.01527, 1.05529, -1.56534
-0.07474, 0.94977, -1.42094, 0.22915, 0.97047, -1.38153, 0.02844, 1.06604, -1.50139, 0.01496, 1.05541, -1.56524
-0.07533, 0.94985, -1.42052, 0.22851, 0.97036, -1.38163, 0.02773, 1.06626, -1.50127, 0.01472, 1.05551, -1.56507
-0.07581, 0.94990, -1.42019, 0.22791, 0.97026, -1.38185, 0.02693, 1.06637, -1.50101, 0.01452, 1.05549, -1.56485
-0.07627, 0.94991, -1.41987, 0.22733, 0.97017, -1.38204, 0.02616, 1.06646, -1.50076, 0.01438, 1.05547, -1.56462
-0.07676, 0.94993, -1.41960, 0.22678, 0.97011, -1.38232, 0.02550, 1.06654, -1.50055, 0.01416, 1.05541, -1.56435
-0.07723, 0.94994, -1.41953, 0.22637, 0.97002, -1.38260, 0.02517, 1.06667, -1.50048, 0.01400, 1.05534, -1.56412
-0.07770, 0.95002, -1.41949, 0.22605, 0.96995, -1.38286, 0.02503, 1.06680, -1.50049, 0.01383, 1.05530, -1.56399
-0.07816, 0.95006, -1.41956, 0.22573, 0.96986, -1.38318, 0.02500, 1.06692, -1.50054, 0.01367, 1.05525, -1.56388
-0.07871, 0.95014, -1.41970, 0.22535, 0.96974, -1.38346, 0.02500, 1.06706, -1.50065, 0.01349, 1.05529, -1.56387
-0.07936, 0.95024, -1.41989, 0.22487, 0.96961, -1.38375, 0.02496, 1.06717, -1.50083, 0.01327, 1.05535, -1.56393
-0.07996, 0.95032, -1.42007, 0.22440, 0.96944, -1.38402, 0.02500, 1.06727, -1.50101, 0.01309, 1.05545, -1.56406
-0.08061, 0.95040, -1.42024, 0.22379, 0.96925, -1.38442, 0.02481, 1.06735, -1.50125, 0.01284, 1.05553, -1.56420
-0.08125, 0.95047, -1.42031, 0.22307, 0.96903, -1.38487, 0.02450, 1.06737, -1.50145, 0.01254, 1.05558, -1.56428
-0.08184, 0.95050, -1.42036, 0.22233, 0.96882, -1.38532, 0.02411, 1.06737, -1.50161, 0.01225, 1.05560, -1.56436
-0.08231, 0.95050, -1.42036, 0.22171, 0.96859, -1.38572, 0.02383, 1.06733, -1.50176, 0.01209, 1.05554, -1.56440
-0.08267, 0.95051, -1.42024, 0.22122, 0.96848, -1.38599, 0.02356, 1.06732, -1.50180, 0.01203, 1.05547, -1.56432
-0.08292, 0.95049, -1.42007, 0.22083, 0.96836, -1.38615, 0.02338, 1.06733, -1.50181, 0.01203, 1.05538, -1.56420
-0.08317, 0.95050, -1.41987, 0.22053, 0.96829, -1.38620, 0.02332, 1.06735, -1.50176, 0.01207, 1.05530, -1.56411
-0.08334, 0.95057, -1.41971, 0.22046, 0.96822, -1.38617, 0.02347, 1.06749, -1.50167, 0.01232, 1.05538, -1.56410
-0.08351, 0.95068, -1.41956, 0.22051, 0.96817, -1.38601, 0.02382, 1.06770, -1.50153, 0.01261, 1.05553, -1.56418
-0.08370, 0.95082, -1.41944, 0.22061, 0.96810, -1.38587, 0.02427, 1.06795, -1.50135, 0.01296, 1.05572, -1.56427
-0.08396, 0.95094, -1.41940, 0.22070, 0.96800, -1.38579, 0.02476, 1.06818, -1.50124, 0.01332, 1.05590, -1.56438
-0.08429, 0.95113, -1.41940, 0.22081, 0.96784, -1.38576, 0.02533, 1.06843, -1.50111, 0.01367, 1.05610, -1.56453
-0.08464, 0.95129, -1.41943, 0.22088, 0.96766, -1.38575, 0.02586, 1.06865, -1.50105, 0.01405, 1.05628, -1.56468
-0.08497, 0.95143, -1.41944, 0.22097, 0.96745, -1.38576, 0.02637, 1.06881, -1.50088, 0.01445, 1.05643, -1.56481
-0.08534, 0.95153, -1.41938, 0.22081, 0.96724, -1.38572, 0.02663, 1.06886, -1.50074, 0.01476, 1.05649, -1.56482
-0.08565, 0.95162, -1.41929, 0.22066, 0.96703, -1.38563, 0.02685, 1.06888, -1.50054, 0.01511, 1.05653, -1.56481
-0.08596, 0.95170, -1.41920, 0.22045, 0.96686, -1.38553, 0.02700, 1.06885, -1.50037, 0.01546, 1.05656, -1.56476
-0.08613, 0.95174, -1.41907, 0.22025, 0.96673, -1.38535, 0.02708, 1.06886, -1.50009, 0.01588, 1.05656, -1.56469
-0.08633, 0.95176, -1.41894, 0.22007, 0.96667, -1.38518, 0.02717, 1.06885, -1.49985, 0.01624, 1.05656, -1.56462
-0.08655, 0.95182, -1.41883, 0.21988, 0.96660, -1.38498, 0.02730, 1.06887, -1.49964, 0.01659, 1.05660, -1.56458
-0.08694, 0.95189, -1.41882, 0.21982, 0.96652, -1.38488, 0.02759, 1.06886, -1.49962, 0.01691, 1.05656, -1.56455
-0.08745, 0.95204, -1.41893, 0.21987, 0.96643, -1.38483, 0.02809, 1.06887, -1.49973, 0.01719, 1.05656, -1.56461
-0.08797, 0.95220, -1.41914, 0.22002, 0.96627, -1.38487, 0.02875, 1.06881, -1.49992, 0.01748, 1.05651, -1.56471
-0.08849, 0.95235, -1.41933, 0.22021, 0.96610, -1.38493, 0.02938, 1.06877, -1.50014, 0.01777, 1.05650, -1.56481
-0.08890, 0.95246, -1.41946, 0.22041, 0.96586, -1.38499, 0.02992, 1.06875, -1.50029, 0.01813, 1.05653, -1.56495
-0.08925, 0.95255, -1.41956, 0.22055, 0.96561, -1.38510, 0.03038, 1.06869, -1.50049, 0.01842, 1.05655, -1.56513
-0.08955, 0.95258, -1.41962, 0.22055, 0.96537, -1.38521, 0.03071, 1.06862, -1.50054, 0.01875, 1.05656, -1.56524
-0.08986, 0.95254, -1.41965, 0.22019, 0.96518, -1.38543, 0.03072, 1.06849, -1.50053, 0.01899, 1.05648, -1.56522
-0.09010, 0.95241, -1.41970, 0.21963, 0.96503, -1.38568, 0.03071, 1.06829, -1.50040, 0.01925, 1.05631, -1.56513
-0.09034, 0.95226, -1.41972, 0.21897, 0.96486, -1.38599, 0.03065, 1.06808, -1.50024, 0.01947, 1.05611, -1.56498
-0.09069, 0.95211, -1.41976, 0.21830, 0.96469, -1.38626, 0.03063, 1.06786, -1.50013, 0.01969, 1.05585, -1.56477
-0.09105, 0.95195, -1.41996, 0.21775, 0.96444, -1.38660, 0.03084, 1.06755, -1.50006, 0.01992, 1.05553, -1.56451
-0.09154, 0.95181, -1.42017, 0.21716, 0.96416, -1.38693, 0.03101, 1.06728, -1.50009, 0.02010, 1.05523, -1.56428
-0.09197, 0.95169, -1.42035, 0.21668, 0.96386, -1.38720, 0.03133, 1.06703, -1.50014, 0.02030, 1.05497, -1.56409
-0.09245, 0.95163, -1.42051, 0.21638, 0.96350, -1.38735, 0.03167, 1.06686, -1.50018, 0.02050, 1.05482, -1.56402
-0.09295, 0.95158, -1.42065, 0.21613, 0.96317, -1.38745, 0.03208, 1.06675, -1.50029, 0.02069, 1.05476, -1.56405
-0.09343, 0.95154, -1.42086, 0.21581, 0.96283, -1.38759, 0.03252, 1.06663, -1.50041, 0.02084, 1.05467, -1.56408
-0.09392, 0.95149, -1.42114, 0.21545, 0.96253, -1.38782, 0.03297, 1.06648, -1.50053, 0.02101, 1.05452, -1.56409
-0.09440, 0.95144, -1.42151, 0.21497, 0.96227, -1.38822, 0.03344, 1.06632, -1.50068, 0.02119, 1.05433, -1.56410
-0.09484, 0.95137, -1.42184, 0.21451, 0.96200, -1.38850, 0.03392, 1.06615, -1.50080, 0.02141, 1.05411, -1.56406
-0.09531, 0.95129, -1.42206, 0.21408, 0.96168, -1.38878, 0.03419, 1.06598, -1.50094, 0.02155, 1.05389, -1.56399
-0.09570, 0.95120, -1.42215, 0.21387, 0.96124, -1.38885, 0.03443, 1.06580, -1.50101, 0.02177, 1.05368, -1.56386
-0.09613, 0.95112, -1.42214, 0.21370, 0.96082, -1.38885, 0.03461, 1.06564, -1.50110, 0.02200, 1.05350, -1.56374
-0.09652, 0.95103, -1.42212, 0.21352, 0.96036, -1.38882, 0.03487, 1.06550, -1.50116, 0.02232, 1.05333, -1.56366
-0.09690, 0.95096, -1.42204, 0.21325, 0.95996, -1.38878, 0.03525, 1.06541, -1.50122, 0.02267, 1.05322, -1.56365
-0.09722, 0.95089, -1.42194, 0.21303, 0.95958, -1.38871, 0.03576, 1.06534, -1.50129, 0.02314, 1.05315, -1.56368
-0.09756, 0.95083, -1.42191, 0.21277, 0.95924, -1.38868, 0.03630, 1.06532, -1.50139, 0.02360, 1.05311, -1.56381
-0.09788, 0.95075, -1.42205, 0.21254, 0.95892, -1.38878, 0.03692, 1.06527, -1.50146, 0.02413, 1.05305, -1.56398
-0.09821, 0.95069, -1.42227, 0.21228, 0.95866, -1.38894, 0.03754, 1.06525, -1.50157, 0.02462, 1.05301, -1.56424
-0.09850, 0.95063, -1.42253, 0.21213, 0.95838, -1.38910, 0.03821, 1.06524, -1.50162, 0.02517, 1.05297, -1.56449
-0.09878, 0.95057, -1.42267, 0.21205, 0.95809, -1.38906, 0.03885, 1.06518, -1.50161, 0.02566, 1.05293, -1.56469
-0.09903, 0.95050, -1.42268, 0.21208, 0.95778, -1.38883, 0.03946, 1.06509, -1.50152, 0.02613, 1.05286, -1.56475
-0.09923, 0.95044, -1.42252, 0.21218, 0.95745, -1.38843, 0.04007, 1.06500, -1.50131, 0.02663, 1.05279, -1.56477
-0.09951, 0.95040, -1.42223, 0.21214, 0.95716, -1.38804, 0.04054, 1.06493, -1.50110, 0.02704, 1.05272, -1.56471
-0.09974, 0.95034, -1.42187, 0.21192, 0.95694, -1.38775, 0.04094, 1.06482, -1.50081, 0.02754, 1.05262, -1.56462
-0.10003, 0.95030, -1.42140, 0.21164, 0.95671, -1.38747, 0.04131, 1.06471, -1.50052, 0.02804, 1.05252, -1.56446
-0.10041, 0.95030, -1.42090, 0.21133, 0.95646, -1.38720, 0.04153, 1.06469, -1.50028, 0.02856, 1.05247, -1.56439
-0.10089, 0.95036, -1.42038, 0.21118, 0.95613, -1.38673, 0.04172, 1.06478, -1.50015, 0.02913, 1.05255, -1.56441
-0.10151, 0.95044, -1.41998, 0.21114, 0.95570, -1.38634, 0.04187, 1.06492, -1.50016, 0.02963, 1.05262, -1.56454
-0.10217, 0.95053, -1.41959, 0.21108, 0.95530, -1.38591, 0.04204, 1.06514, -1.50028, 0.03015, 1.05275, -1.56468
-0.10283, 0.95057, -1.41938, 0.21098, 0.95495, -1.38567, 0.04236, 1.06538, -1.50055, 0.03066, 1.05282, -1.56483
-0.10339, 0.95058, -1.41926, 0.21081, 0.95474, -1.38557, 0.04293, 1.06563, -1.50098, 0.03117, 1.05285, -1.56493
-0.10400, 0.95056, -1.41925, 0.21054, 0.95458, -1.38560, 0.04358, 1.06578, -1.50142, 0.03165, 1.05282, -1.56501
-0.10465, 0.95055, -1.41926, 0.21001, 0.95450, -1.38570, 0.04418, 1.06586, -1.50184, 0.03198, 1.05273, -1.56508
-0.10535, 0.95052, -1.41928, 0.20913, 0.95453, -1.38576, 0.04470, 1.06572, -1.50196, 0.03222, 1.05257, -1.56511
-0.10602, 0.95053, -1.41928, 0.20821, 0.95458, -1.38587, 0.04521, 1.06544, -1.50197, 0.03246, 1.05236, -1.56512
-0.10672, 0.95054, -1.41932, 0.20730, 0.95456, -1.38599, 0.04571, 1.06511, -1.50197, 0.03270, 1.05209, -1.56509
-0.10751, 0.95060, -1.41928, 0.20664, 0.95443, -1.38605, 0.04605, 1.06481, -1.50205, 0.03300, 1.05186, -1.56500
-0.10836, 0.95068, -1.41917, 0.20618, 0.95416, -1.38603, 0.04631, 1.06455, -1.50224, 0.03326, 1.05158, -1.56484
-0.10914, 0.95077, -1.41911, 0.20581, 0.95387, -1.38606, 0.04666, 1.06434, -1.50241, 0.03361, 1.05135, -1.56472
-0.10999, 0.95092, -1.41897, 0.20539, 0.95362, -1.38612, 0.04706, 1.06430, -1.50270, 0.03392, 1.05120, -1.56464
-0.11093, 0.95115, -1.41886, 0.20475, 0.95349, -1.38628, 0.04744, 1.06447, -1.50306, 0.03414, 1.05113, -1.56466
-0.11192, 0.95135, -1.41878, 0.20397, 0.95341, -1.38649, 0.04785, 1.06467, -1.50347, 0.03429, 1.05110, -1.56475
-0.11292, 0.95154, -1.41872, 0.20306, 0.95336, -1.38680, 0.04827, 1.06480, -1.50389, 0.03437, 1.05102, -1.56482
-0.11395, 0.95163, -1.41883, 0.20193, 0.95332, -1.38732, 0.04881, 1.06467, -1.50422, 0.03437, 1.05082, -1.56490
-0.11500, 0.95167, -1.41900, 0.20072, 0.95328, -1.38787, 0.04932, 1.06446, -1.50460, 0.03431, 1.05058, -1.56501
-0.11607, 0.95167, -1.41915, 0.19955, 0.95319, -1.38833, 0.04973, 1.06420, -1.50496, 0.03427, 1.05027, -1.56501
-0.11713, 0.95161, -1.41933, 0.19860, 0.95300, -1.38852, 0.04987, 1.06393, -1.50543, 0.03420, 1.04992, -1.56492
-0.11810, 0.95153, -1.41943, 0.19783, 0.95277, -1.38845, 0.04990, 1.06366, -1.50597, 0.03421, 1.04955, -1.56467
-0.11910, 0.95144, -1.41951, 0.19705, 0.95249, -1.38838, 0.04978, 1.06336, -1.50657, 0.03420, 1.04917, -1.56441
-0.12007, 0.95136, -1.41946, 0.19599, 0.95220, -1.38843, 0.04953, 1.06310, -1.50715, 0.03421, 1.04881, -1.56415
-0.12100, 0.95129, -1.41928, 0.19461, 0.95193, -1.38870, 0.04917, 1.06286, -1.50771, 0.03422, 1.04848, -1.56389
-0.12183, 0.95125, -1.41909, 0.19317, 0.95168, -1.38908, 0.04893, 1.06263, -1.50826, 0.03432, 1.04820, -1.56371
-0.12269, 0.95120, -1.41893, 0.19169, 0.95144, -1.38961, 0.04876, 1.06239, -1.50883, 0.03437, 1.04791, -1.56356
-0.12352, 0.95121, -1.41879, 0.19035, 0.95125, -1.39017, 0.04891, 1.06217, -1.50931, 0.03444, 1.04767, -1.56349
-0.12445, 0.95119, -1.41874, 0.18903, 0.95110, -1.39083, 0.04908, 1.06193, -1.50980, 0.03441, 1.04740, -1.56343
-0.12532, 0.95121, -1.41867, 0.18792, 0.95102, -1.39130, 0.04937, 1.06177, -1.51027, 0.03450, 1.04722, -1.56338
-0.12634, 0.95123, -1.41877, 0.18710, 0.95103, -1.39160, 0.04957, 1.06161, -1.51081, 0.03442, 1.04701, -1.56337
-0.12742, 0.95125, -1.41896, 0.18654, 0.95115, -1.39164, 0.04972, 1.06154, -1.51134, 0.03438, 1.04686, -1.56341
-0.12846, 0.95127, -1.41906, 0.18604, 0.95132, -1.39152, 0.04982, 1.06148, -1.51190, 0.03432, 1.04676, -1.56346
-0.12945, 0.95126, -1.41914, 0.18545, 0.95151, -1.39132, 0.04980, 1.06140, -1.51242, 0.03434, 1.04659, -1.56341
-0.13034, 0.95122, -1.41909, 0.18470, 0.95171, -1.39108, 0.04964, 1.06126, -1.51285, 0.03437, 1.04637, -1.56330
-0.13113, 0.95115, -1.41893, 0.18390, 0.95191, -1.39075, 0.04948, 1.06113, -1.51326, 0.03446, 1.04615, -1.56312
-0.13184, 0.95112, -1.41876, 0.18303, 0.95207, -1.39046, 0.04940, 1.06096, -1.51360, 0.03463, 1.04593, -1.56295
-0.13244, 0.95108, -1.41855, 0.18220, 0.95216, -1.39026, 0.04954, 1.06074, -1.51393, 0.03490, 1.04569, -1.56273
-0.13301, 0.95108, -1.41827, 0.18135, 0.95223, -1.39005, 0.04978, 1.06054, -1.51426, 0.03517, 1.04547, -1.56255
-0.13352, 0.95109, -1.41805, 0.18066, 0.95224, -1.38992, 0.05016, 1.06031, -1.51456, 0.03552, 1.04528, -1.56236
-0.13416, 0.95113, -1.41795, 0.18002, 0.95221, -1.38983, 0.05057, 1.06016, -1.51498, 0.03581, 1.04510, -1.56228
-0.13479, 0.95117, -1.41802, 0.17959, 0.95214, -1.38987, 0.05103, 1.05998, -1.51542, 0.03609, 1.04496, -1.56225
-0.13545, 0.95123, -1.41813, 0.17925, 0.95206, -1.38991, 0.05149, 1.05983, -1.51583, 0.03636, 1.04482, -1.56222
-0.13624, 0.95126, -1.41846, 0.17886, 0.95194, -1.39010, 0.05188, 1.05958, -1.51636, 0.03653, 1.04461, -1.56223
-0.13705, 0.95128, -1.41886, 0.17847, 0.95182, -1.39028, 0.05222, 1.05933, -1.51685, 0.03673, 1.04438, -1.56223
-0.13782, 0.95122, -1.41934, 0.17809, 0.95171, -1.39052, 0.05257, 1.05900, -1.51729, 0.03688, 1.04410, -1.56223
-0.13860, 0.95116, -1.41981, 0.17759, 0.95166, -1.39077, 0.05283, 1.05865, -1.51772, 0.03704, 1.04384, -1.56223
-0.13922, 0.95108, -1.42021, 0.17690, 0.95170, -1.39105, 0.05306, 1.05825, -1.51808, 0.03725, 1.04352, -1.56213
-0.13992, 0.95095, -1.42052, 0.17595, 0.95175, -1.39134, 0.05319, 1.05781, -1.51847, 0.03734, 1.04316, -1.56200
-0.14051, 0.95082, -1.42092, 0.17514, 0.95183, -1.39169, 0.05342, 1.05735, -1.51878, 0.03751, 1.04280, -1.56193
-0.14110, 0.95073, -1.42128, 0.17433, 0.95188, -1.39204, 0.05376, 1.05692, -1.51914, 0.03769, 1.04245, -1.56184
-0.14165, 0.95063, -1.42174, 0.17358, 0.95188, -1.39253, 0.05422, 1.05648, -1.51950, 0.03786, 1.04208, -1.56184
-0.14223, 0.95056, -1.42219, 0.17295, 0.95184, -1.39293, 0.05477, 1.05605, -1.51986, 0.03805, 1.04176, -1.56184
-0.14273, 0.95054, -1.42263, 0.17253, 0.95180, -1.39319, 0.05544, 1.05567, -1.52022, 0.03834, 1.04149, -1.56189
-0.14331, 0.95057, -1.42310, 0.17226, 0.95174, -1.39330, 0.05621, 1.05529, -1.52059, 0.03861, 1.04124, -1.56202
-0.14381, 0.95062, -1.42352, 0.17206, 0.95168, -1.39329, 0.05695, 1.05498, -1.52101, 0.03894, 1.04109, -1.56216
-0.14432, 0.95066, -1.42386, 0.17181, 0.95164, -1.39328, 0.05753, 1.05469, -1.52146, 0.03930, 1.04091, -1.56223
-0.14481, 0.95070, -1.42418, 0.17141, 0.95171, -1.39329, 0.05782, 1.05453, -1.52206, 0.03967, 1.04077, -1.56223
-0.14522, 0.95070, -1.42442, 0.17094, 0.95180, -1.39330, 0.05790, 1.05439, -1.52272, 0.04007, 1.04065, -1.56219
-0.14562, 0.95066, -1.42462, 0.17042, 0.95192, -1.39333, 0.05783, 1.05422, -1.52332, 0.04046, 1.04049, -1.56210
-0.14602, 0.95058, -1.42484, 0.16976, 0.95201, -1.39345, 0.05769, 1.05394, -1.52387, 0.04075, 1.04028, -1.56197
-0.14635, 0.95045, -1.42495, 0.16912, 0.95209, -1.39355, 0.05756, 1.05358, -1.52427, 0.04105, 1.04004, -1.56176
-0.14666, 0.95030, -1.42514, 0.16850, 0.95212, -1.39365, 0.05746, 1.05317, -1.52460, 0.04131, 1.03977, -1.56160
-0.14700, 0.95019, -1.42524, 0.16788, 0.95214, -1.39369, 0.05743, 1.05282, -1.52489, 0.04147, 1.03956, -1.56140
-0.14739, 0.95014, -1.42539, 0.16734, 0.95211, -1.39367, 0.05765, 1.05252, -1.52511, 0.04160, 1.03937, -1.56132
-0.14771, 0.95012, -1.42547, 0.16688, 0.95208, -1.39356, 0.05792, 1.05229, -1.52528, 0.04177, 1.03923, -1.56122
-0.14796, 0.95011, -1.42558, 0.16650, 0.95206, -1.39341, 0.05834, 1.05209, -1.52545, 0.04196, 1.03915, -1.56122
-0.14821, 0.95015, -1.42558, 0.16620, 0.95204, -1.39324, 0.05875, 1.05205, -1.52560, 0.04214, 1.03918, -1.56120
-0.14842, 0.95020, -1.42554, 0.16595, 0.95208, -1.39295, 0.05916, 1.05204, -1.52571, 0.04237, 1.03927, -1.56120
-0.14863, 0.95026, -1.42549, 0.16575, 0.95216, -1.39261, 0.05955, 1.05201, -1.52582, 0.04261, 1.03935, -1.56122
-0.14888, 0.95031, -1.42532, 0.16556, 0.95234, -1.39209, 0.05980, 1.05191, -1.52588, 0.04287, 1.03940, -1.56122
-0.14919, 0.95032, -1.42508, 0.16539, 0.95260, -1.39143, 0.05994, 1.05175, -1.52592, 0.04312, 1.03942, -1.56119
-0.14952, 0.95037, -1.42481, 0.16512, 0.95289, -1.39070, 0.06000, 1.05162, -1.52598, 0.04339, 1.03944, -1.56113
-0.14987, 0.95041, -1.42458, 0.16479, 0.95314, -1.39015, 0.06014, 1.05153, -1.52607, 0.04369, 1.03949, -1.56110
-0.15029, 0.95047, -1.42436, 0.16420, 0.95329, -1.38972, 0.06027, 1.05152, -1.52619, 0.04393, 1.03950, -1.56111
-0.15072, 0.95056, -1.42416, 0.16362, 0.95342, -1.38934, 0.06049, 1.05155, -1.52632, 0.04422, 1.03951, -1.56114
-0.15118, 0.95064, -1.42402, 0.16307, 0.95351, -1.38909, 0.06066, 1.05158, -1.52647, 0.04450, 1.03951, -1.56119
-0.15159, 0.95070, -1.42409, 0.16274, 0.95354, -1.38901, 0.06095, 1.05152, -1.52664, 0.04480, 1.03948, -1.56126
-0.15205, 0.95076, -1.42416, 0.16244, 0.95355, -1.38892, 0.06116, 1.05145, -1.52683, 0.04511, 1.03947, -1.56134
-0.15249, 0.95082, -1.42433, 0.16217, 0.95354, -1.38896, 0.06134, 1.05132, -1.52698, 0.04543, 1.03942, -1.56142
-0.15293, 0.95087, -1.42454, 0.16194, 0.95354, -1.38909, 0.06161, 1.05113, -1.52716, 0.04589, 1.03933, -1.56159
-0.15335, 0.95091, -1.42481, 0.16158, 0.95354, -1.38926, 0.06183, 1.05089, -1.52728, 0.04637, 1.03916, -1.56177
-0.15374, 0.95088, -1.42515, 0.16119, 0.95352, -1.38950, 0.06208, 1.05063, -1.52736, 0.04689, 1.03898, -1.56192
-0.15407, 0.95086, -1.42555, 0.16071, 0.95349, -1.38972, 0.06245, 1.05036, -1.52744, 0.04754, 1.03874, -1.56213
-0.15441, 0.95080, -1.42588, 0.16003, 0.95346, -1.38979, 0.06274, 1.05019, -1.52751, 0.04821, 1.03852, -1.56229
-0.15468, 0.95075, -1.42632, 0.15945, 0.95343, -1.38989, 0.06320, 1.05002, -1.52755, 0.04899, 1.03824, -1.56246
-0.15491, 0.95068, -1.42680, 0.15901, 0.95340, -1.38994, 0.06378, 1.04984, -1.52761, 0.04980, 1.03794, -1.56265
-0.15520, 0.95068, -1.42739, 0.15893, 0.95339, -1.38995, 0.06451, 1.04963, -1.52776, 0.05064, 1.03764, -1.56283
-0.15541, 0.95069, -1.42802, 0.15905, 0.95340, -1.38999, 0.06535, 1.04940, -1.52789, 0.05149, 1.03731, -1.56304
-0.15557, 0.95069, -1.42860, 0.15922, 0.95343, -1.38998, 0.06631, 1.04916, -1.52798, 0.05237, 1.03703, -1.56324
-0.15559, 0.95068, -1.42913, 0.15934, 0.95349, -1.39000, 0.06731, 1.04893, -1.52797, 0.05324, 1.03679, -1.56339
-0.15554, 0.95062, -1.42965, 0.15937, 0.95358, -1.39004, 0.06835, 1.04867, -1.52788, 0.05400, 1.03656, -1.56354
-0.15536, 0.95050, -1.43015, 0.15946, 0.95369, -1.39007, 0.06944, 1.04840, -1.52777, 0.05476, 1.03633, -1.56357
-0.15500, 0.95028, -1.43062, 0.15959, 0.95380, -1.39004, 0.07041, 1.04813, -1.52760, 0.05543, 1.03610, -1.56358
-0.15445, 0.94993, -1.43113, 0.15981, 0.95392, -1.39006, 0.07122, 1.04782, -1.52746, 0.05597, 1.03586, -1.56348
-0.15387, 0.94954, -1.43159, 0.16001, 0.95403, -1.39002, 0.07182, 1.04749, -1.52730, 0.05638, 1.03561, -1.56326
-0.15328, 0.94914, -1.43202, 0.16021, 0.95420, -1.38995, 0.07215, 1.04716, -1.52711, 0.05662, 1.03541, -1.56304
-0.15284, 0.94878, -1.43237, 0.16026, 0.95437, -1.38990, 0.07203, 1.04682, -1.52693, 0.05667, 1.03527, -1.56277
-0.15247, 0.94843, -1.43265, 0.16031, 0.95461, -1.38979, 0.07166, 1.04646, -1.52665, 0.05653, 1.03515, -1.56247
-0.15200, 0.94811, -1.43286, 0.16043, 0.95494, -1.38947, 0.07114, 1.04615, -1.52637, 0.05640, 1.03513, -1.56218
-0.15129, 0.94787, -1.43287, 0.16076, 0.95552, -1.38859, 0.07071, 1.04589, -1.52598, 0.05644, 1.03529, -1.56193
-0.15043, 0.94763, -1.43282, 0.16128, 0.95619, -1.38739, 0.07028, 1.04565, -1.52553, 0.05658, 1.03554, -1.56167
-0.14951, 0.94739, -1.43266, 0.16187, 0.95693, -1.38602, 0.06998, 1.04551, -1.52513, 0.05673, 1.03588, -1.56141
-0.14871, 0.94711, -1.43251, 0.16241, 0.95757, -1.38479, 0.06995, 1.04551, -1.52499, 0.05671, 1.03617, -1.56109
-0.14805, 0.94680, -1.43236, 0.16290, 0.95802, -1.38377, 0.07028, 1.04568, -1.52510, 0.05658, 1.03635, -1.56077
-0.14756, 0.94643, -1.43221, 0.16325, 0.95841, -1.38300, 0.07057, 1.04589, -1.52537, 0.05623, 1.03654, -1.56036
-0.14736, 0.94605, -1.43215, 0.16327, 0.95867, -1.38263, 0.07072, 1.04597, -1.52574, 0.05571, 1.03657, -1.55988
-0.14768, 0.94564, -1.43214, 0.16261, 0.95880, -1.38286, 0.07029, 1.04583, -1.52628, 0.05484, 1.03648, -1.55932
-0.14822, 0.94523, -1.43213, 0.16166, 0.95886, -1.38334, 0.06956, 1.04560, -1.52688, 0.05383, 1.03633, -1.55879
-0.14877, 0.94485, -1.43208, 0.16075, 0.95896, -1.38382, 0.06866, 1.04535, -1.52750, 0.05289, 1.03620, -1.55820
-0.14917, 0.94453, -1.43201, 0.16014, 0.95915, -1.38401, 0.06755, 1.04513, -1.52807, 0.05205, 1.03615, -1.55765
-0.14930, 0.94431, -1.43186, 0.15986, 0.95946, -1.38387, 0.06641, 1.04503, -1.52856, 0.05144, 1.03625, -1.55726
-0.14939, 0.94411, -1.43171, 0.15975, 0.95979, -1.38369, 0.06527, 1.04497, -1.52910, 0.05085, 1.03635, -1.55688
-0.14953, 0.94394, -1.43165, 0.15967, 0.96008, -1.38350, 0.06436, 1.04500, -1.52962, 0.05033, 1.03645, -1.55660
-0.14969, 0.94380, -1.43169, 0.15962, 0.96031, -1.38345, 0.06368, 1.04516, -1.53026, 0.04975, 1.03651, -1.55641
-0.14990, 0.94367, -1.43179, 0.15956, 0.96049, -1.38349, 0.06305, 1.04528, -1.53090, 0.04918, 1.03654, -1.55623
-0.15010, 0.94352, -1.43188, 0.15946, 0.96061, -1.38359, 0.06243, 1.04534, -1.53148, 0.04856, 1.03656, -1.55609
-0.15032, 0.94332, -1.43197, 0.15917, 0.96065, -1.38388, 0.06161, 1.04513, -1.53188, 0.04791, 1.03645, -1.55590
-0.15051, 0.94311, -1.43209, 0.15887, 0.96062, -1.38429, 0.06073, 1.04481, -1.53218, 0.04723, 1.03630, -1.55575
-0.15063, 0.94289, -1.43217, 0.15859, 0.96058, -1.38472, 0.05987, 1.04447, -1.53243, 0.04660, 1.03616, -1.55560
-0.15055, 0.94266, -1.43224, 0.15848, 0.96054, -1.38512, 0.05905, 1.04416, -1.53253, 0.04603, 1.03604, -1.55546
-0.15029, 0.94244, -1.43230, 0.15855, 0.96050, -1.38547, 0.05832, 1.04392, -1.53260, 0.04557, 1.03594, -1.55539
-0.14989, 0.94226, -1.43243, 0.15883, 0.96045, -1.38581, 0.05774, 1.04371, -1.53260, 0.04512, 1.03588, -1.55536
-0.14933, 0.94211, -1.43265, 0.15943, 0.96035, -1.38613, 0.05734, 1.04356, -1.53254, 0.04483, 1.03585, -1.55542
-0.14868, 0.94205, -1.43298, 0.16046, 0.96023, -1.38642, 0.05722, 1.04349, -1.53248, 0.04454, 1.03589, -1.55566
-0.14790, 0.94204, -1.43348, 0.16171, 0.96004, -1.38678, 0.05729, 1.04341, -1.53239, 0.04433, 1.03591, -1.55598
-0.14715, 0.94209, -1.43397, 0.16305, 0.95985, -1.38709, 0.05743, 1.04332, -1.53229, 0.04413, 1.03595, -1.55636
-0.14640, 0.94218, -1.43450, 0.16438, 0.95963, -1.38737, 0.05761, 1.04322, -1.53219, 0.04391, 1.03595, -1.55680
-0.14572, 0.94229, -1.43502, 0.16565, 0.95940, -1.38766, 0.05775, 1.04312, -1.53205, 0.04360, 1.03594, -1.55733
-0.14493, 0.94243, -1.43555, 0.16691, 0.95918, -1.38796, 0.05791, 1.04297, -1.53188, 0.04337, 1.03595, -1.55781
-0.14403, 0.94248, -1.43600, 0.16798, 0.95903, -1.38825, 0.05787, 1.04280, -1.53163, 0.04310, 1.03590, -1.55822
-0.14304, 0.94244, -1.43643, 0.16890, 0.95892, -1.38862, 0.05772, 1.04256, -1.53128, 0.04277, 1.03583, -1.55857
-0.14198, 0.94242, -1.43672, 0.16975, 0.95885, -1.38892, 0.05749, 1.04233, -1.53088, 0.04242, 1.03578, -1.55891
-0.14081, 0.94237, -1.43702, 0.17069, 0.95879, -1.38924, 0.05731, 1.04214, -1.53044, 0.04213, 1.03574, -1.55930
-0.13956, 0.94235, -1.43727, 0.17168, 0.95876, -1.38957, 0.05716, 1.04200, -1.52995, 0.04193, 1.03573, -1.55974
-0.13837, 0.94234, -1.43753, 0.17267, 0.95872, -1.38990, 0.05710, 1.04191, -1.52946, 0.04174, 1.03574, -1.56024
-0.13712, 0.94240, -1.43788, 0.17374, 0.95870, -1.39028, 0.05720, 1.04184, -1.52897, 0.04164, 1.03580, -1.56091
-0.13606, 0.94256, -1.43842, 0.17480, 0.95867, -1.39076, 0.05756, 1.04183, -1.52853, 0.04164, 1.03594, -1.56172
-0.13509, 0.94278, -1.43914, 0.17583, 0.95865, -1.39135, 0.05798, 1.04184, -1.52810, 0.04164, 1.03608, -1.56268
-0.13416, 0.94304, -1.43984, 0.17688, 0.95861, -1.39179, 0.05848, 1.04190, -1.52772, 0.04170, 1.03627, -1.56367
-0.13324, 0.94335, -1.44061, 0.17793, 0.95856, -1.39210, 0.05892, 1.04196, -1.52735, 0.04180, 1.03646, -1.56466
-0.13228, 0.94369, -1.44144, 0.17905, 0.95849, -1.39228, 0.05937, 1.04205, -1.52701, 0.04195, 1.03665, -1.56559
-0.13132, 0.94403, -1.44209, 0.18011, 0.95846, -1.39222, 0.05982, 1.04220, -1.52659, 0.04216, 1.03690, -1.56647
-0.13032, 0.94433, -1.44253, 0.18109, 0.95840, -1.39203, 0.06024, 1.04239, -1.52612, 0.04230, 1.03708, -1.56733
-0.12923, 0.94457, -1.44267, 0.18198, 0.95835, -1.39161, 0.06067, 1.04272, -1.52542, 0.04251, 1.03728, -1.56810
-0.12812, 0.94478, -1.44265, 0.18283, 0.95827, -1.39108, 0.06111, 1.04307, -1.52471, 0.04271, 1.03747, -1.56882
-0.12719, 0.94493, -1.44260, 0.18353, 0.95812, -1.39077, 0.06150, 1.04339, -1.52393, 0.04274, 1.03762, -1.56949
-0.12629, 0.94498, -1.44255, 0.18423, 0.95782, -1.39073, 0.06205, 1.04358, -1.52309, 0.04275, 1.03766, -1.57006
-0.12554, 0.94499, -1.44258, 0.18487, 0.95745, -1.39087, 0.06258, 1.04372, -1.52232, 0.04268, 1.03769, -1.57058
-0.12492, 0.94498, -1.44263, 0.18546, 0.95704, -1.39111, 0.06302, 1.04381, -1.52156, 0.04259, 1.03768, -1.57106
-0.12447, 0.94504, -1.44273, 0.18618, 0.95663, -1.39138, 0.06336, 1.04386, -1.52101, 0.04250, 1.03765, -1.57155
-0.12413, 0.94513, -1.44286, 0.18695, 0.95622, -1.39153, 0.06366, 1.04388, -1.52052, 0.04244, 1.03765, -1.57197
-0.12386, 0.94525, -1.44299, 0.18771, 0.95586, -1.39169, 0.06388, 1.04387, -1.52014, 0.04244, 1.03765, -1.57241
-0.12364, 0.94541, -1.44310, 0.18833, 0.95556, -1.39171, 0.06403, 1.04391, -1.51976, 0.04244, 1.03765, -1.57288
-0.12341, 0.94560, -1.44299, 0.18884, 0.95534, -1.39151, 0.06408, 1.04403, -1.51935, 0.04248, 1.03775, -1.57328
-0.12323, 0.94578, -1.44288, 0.18927, 0.95515, -1.39130, 0.06406, 1.04416, -1.51898, 0.04256, 1.03780, -1.57368
-0.12318, 0.94596, -1.44267, 0.18951, 0.95499, -1.39112, 0.06383, 1.04431, -1.51863, 0.04256, 1.03785, -1.57393
-0.12314, 0.94605, -1.44240, 0.18968, 0.95478, -1.39107, 0.06350, 1.04446, -1.51818, 0.04249, 1.03782, -1.57408
-0.12318, 0.94611, -1.44208, 0.18974, 0.95455, -1.39105, 0.06301, 1.04462, -1.51777, 0.04242, 1.03782, -1.57413
-0.12327, 0.94615, -1.44172, 0.18971, 0.95432, -1.39109, 0.06252, 1.04477, -1.51739, 0.04230, 1.03778, -1.57412
-0.12338, 0.94615, -1.44138, 0.18974, 0.95407, -1.39117, 0.06206, 1.04489, -1.51696, 0.04214, 1.03775, -1.57413
-0.12349, 0.94616, -1.44113, 0.18979, 0.95378, -1.39134, 0.06168, 1.04498, -1.51661, 0.04194, 1.03769, -1.57419
-0.12363, 0.94615, -1.44089, 0.18984, 0.95348, -1.39152, 0.06140, 1.04504, -1.51623, 0.04169, 1.03764, -1.57417
-0.12377, 0.94613, -1.44080, 0.18996, 0.95316, -1.39175, 0.06126, 1.04511, -1.51584, 0.04136, 1.03758, -1.57423
-0.12396, 0.94616, -1.44071, 0.19012, 0.95289, -1.39185, 0.06132, 1.04526, -1.51550, 0.04092, 1.03760, -1.57428
-0.12420, 0.94616, -1.44072, 0.19027, 0.95259, -1.39204, 0.06139, 1.04538, -1.51516, 0.04044, 1.03754, -1.57434
-0.12444, 0.94620, -1.44072, 0.19042, 0.95232, -1.39216, 0.06152, 1.04556, -1.51487, 0.04009, 1.03749, -1.57440
-0.12480, 0.94625, -1.44068, 0.19053, 0.95208, -1.39226, 0.06152, 1.04578, -1.51467, 0.03985, 1.03741, -1.57445
-0.12527, 0.94627, -1.44061, 0.19050, 0.95188, -1.39242, 0.06137, 1.04598, -1.51457, 0.03959, 1.03728, -1.57445
-0.12572, 0.94627, -1.44051, 0.19035, 0.95166, -1.39262, 0.06116, 1.04615, -1.51449, 0.03935, 1.03714, -1.57443
-0.12618, 0.94622, -1.44031, 0.19006, 0.95153, -1.39283, 0.06077, 1.04630, -1.51452, 0.03913, 1.03704, -1.57437
-0.12664, 0.94609, -1.44002, 0.18958, 0.95138, -1.39314, 0.06028, 1.04638, -1.51463, 0.03885, 1.03690, -1.57432
-0.12712, 0.94595, -1.43971, 0.18905, 0.95127, -1.39353, 0.05972, 1.04642, -1.51474, 0.03852, 1.03679, -1.57417
-0.12755, 0.94582, -1.43939, 0.18852, 0.95111, -1.39398, 0.05928, 1.04641, -1.51486, 0.03816, 1.03668, -1.57408
-0.12802, 0.94571, -1.43907, 0.18806, 0.95091, -1.39452, 0.05889, 1.04636, -1.51494, 0.03771, 1.03660, -1.57394
-0.12840, 0.94562, -1.43878, 0.18765, 0.95068, -1.39506, 0.05864, 1.04631, -1.51502, 0.03728, 1.03652, -1.57381
-0.12887, 0.94557, -1.43856, 0.18724, 0.95043, -1.39555, 0.05839, 1.04631, -1.51508, 0.03683, 1.03646, -1.57369
-0.12924, 0.94557, -1.43839, 0.18706, 0.95014, -1.39592, 0.05834, 1.04641, -1.51516, 0.03655, 1.03644, -1.57359
-0.12958, 0.94563, -1.43826, 0.18694, 0.94987, -1.39617, 0.05842, 1.04658, -1.51520, 0.03638, 1.03643, -1.57350
-0.12995, 0.94571, -1.43812, 0.18678, 0.94964, -1.39638, 0.05846, 1.04678, -1.51529, 0.03622, 1.03639, -1.57338
-0.13029, 0.94580, -1.43795, 0.18650, 0.94951, -1.39648, 0.05846, 1.04705, -1.51541, 0.03619, 1.03643, -1.57326
-0.13055, 0.94587, -1.43773, 0.18618, 0.94947, -1.39643, 0.05844, 1.04730, -1.51552, 0.03629, 1.03643, -1.57311
-0.13088, 0.94595, -1.43746, 0.18577, 0.94946, -1.39640, 0.05831, 1.04754, -1.51565, 0.03638, 1.03643, -1.57296
-0.13107, 0.94601, -1.43723, 0.18534, 0.94949, -1.39634, 0.05825, 1.04771, -1.51581, 0.03664, 1.03639, -1.57277
-0.13126, 0.94603, -1.43697, 0.18477, 0.94954, -1.39636, 0.05804, 1.04777, -1.51596, 0.03691, 1.03631, -1.57255
-0.13143, 0.94603, -1.43670, 0.18415, 0.94959, -1.39638, 0.05785, 1.04780, -1.51616, 0.03716, 1.03623, -1.57233
-0.13164, 0.94605, -1.43647, 0.18366, 0.94960, -1.39646, 0.05783, 1.04781, -1.51632, 0.03739, 1.03616, -1.57221
-0.13197, 0.94606, -1.43616, 0.18310, 0.94950, -1.39659, 0.05782, 1.04786, -1.51653, 0.03735, 1.03615, -1.57201
-0.13241, 0.94609, -1.43594, 0.18262, 0.94937, -1.39682, 0.05792, 1.04792, -1.51672, 0.03728, 1.03618, -1.57190
-0.13287, 0.94613, -1.43568, 0.18215, 0.94923, -1.39700, 0.05800, 1.04797, -1.51695, 0.03716, 1.03623, -1.57174
-0.13335, 0.94620, -1.43546, 0.18184, 0.94910, -1.39712, 0.05815, 1.04804, -1.51720, 0.03712, 1.03632, -1.57168
-0.13388, 0.94631, -1.43522, 0.18163, 0.94901, -1.39717, 0.05834, 1.04811, -1.51747, 0.03717, 1.03644, -1.57158
-0.13447, 0.94642, -1.43499, 0.18137, 0.94897, -1.39714, 0.05838, 1.04818, -1.51783, 0.03721, 1.03658, -1.57150
-0.13486, 0.94656, -1.43479, 0.18119, 0.94896, -1.39701, 0.05847, 1.04827, -1.51812, 0.03746, 1.03666, -1.57140
-0.13520, 0.94669, -1.43448, 0.18098, 0.94907, -1.39663, 0.05848, 1.04841, -1.51849, 0.03783, 1.03681, -1.57119
-0.13554, 0.94682, -1.43413, 0.18073, 0.94920, -1.39620, 0.05841, 1.04856, -1.51884, 0.03824, 1.03692, -1.57094
-0.13584, 0.94694, -1.43380, 0.18043, 0.94937, -1.39578, 0.05837, 1.04865, -1.51915, 0.03873, 1.03701, -1.57066
-0.13624, 0.94704, -1.43337, 0.17997, 0.94950, -1.39538, 0.05839, 1.04875, -1.51940, 0.03911, 1.03704, -1.57037
-0.13663, 0.94712, -1.43305, 0.17951, 0.94963, -1.39505, 0.05848, 1.04883, -1.51966, 0.03950, 1.03706, -1.57007
-0.13701, 0.94723, -1.43264, 0.17907, 0.94973, -1.39467, 0.05863, 1.04891, -1.51993, 0.03991, 1.03712, -1.56983
-0.13753, 0.94733, -1.43241, 0.17865, 0.94973, -1.39444, 0.05887, 1.04896, -1.52024, 0.04022, 1.03713, -1.56963
-0.13802, 0.94743, -1.43228, 0.17841, 0.94968, -1.39430, 0.05928, 1.04900, -1.52058, 0.04054, 1.03717, -1.56955
-0.13851, 0.94753, -1.43227, 0.17822, 0.94960, -1.39415, 0.05978, 1.04899, -1.52097, 0.04090, 1.03720, -1.56951
-0.13903, 0.94762, -1.43235, 0.17808, 0.94950, -1.39403, 0.06029, 1.04894, -1.52137, 0.04120, 1.03723, -1.56950
-0.13948, 0.94770, -1.43254, 0.17805, 0.94938, -1.39386, 0.06089, 1.04886, -1.52175, 0.04165, 1.03726, -1.56949
-0.13995, 0.94777, -1.43279, 0.17800, 0.94926, -1.39375, 0.06147, 1.04874, -1.52213, 0.04204, 1.03725, -1.56951
-0.14045, 0.94785, -1.43304, 0.17783, 0.94919, -1.39371, 0.06202, 1.04857, -1.52249, 0.04251, 1.03721, -1.56948
-0.14088, 0.94791, -1.43320, 0.17746, 0.94921, -1.39377, 0.06255, 1.04842, -1.52282, 0.04303, 1.03711, -1.56941
-0.14138, 0.94796, -1.43335, 0.17692, 0.94926, -1.39395, 0.06295, 1.04820, -1.52315, 0.04350, 1.03696, -1.56926
-0.14185, 0.94798, -1.43352, 0.17634, 0.94929, -1.39418, 0.06328, 1.04796, -1.52346, 0.04402, 1.03676, -1.56906
-0.14244, 0.94798, -1.43361, 0.17566, 0.94928, -1.39454, 0.06336, 1.04770, -1.52383, 0.04435, 1.03653, -1.56886
-0.14300, 0.94795, -1.43377, 0.17497, 0.94918, -1.39500, 0.06333, 1.04739, -1.52418, 0.04466, 1.03623, -1.56861
-0.14364, 0.94789, -1.43393, 0.17419, 0.94903, -1.39545, 0.06325, 1.04707, -1.52459, 0.04487, 1.03591, -1.56837
-0.14428, 0.94781, -1.43412, 0.17345, 0.94884, -1.39594, 0.06323, 1.04675, -1.52500, 0.04507, 1.03561, -1.56819
-0.14503, 0.94769, -1.43436, 0.17271, 0.94858, -1.39644, 0.06323, 1.04642, -1.52539, 0.04510, 1.03531, -1.56804
-0.14572, 0.94759, -1.43454, 0.17204, 0.94831, -1.39680, 0.06333, 1.04612, -1.52581, 0.04515, 1.03507, -1.56794
-0.14645, 0.94748, -1.43473, 0.17137, 0.94802, -1.39713, 0.06348, 1.04583, -1.52621, 0.04516, 1.03481, -1.56780
-0.14700, 0.94740, -1.43485, 0.17088, 0.94780, -1.39722, 0.06390, 1.04562, -1.52663, 0.04531, 1.03464, -1.56777
-0.14760, 0.94737, -1.43486, 0.17041, 0.94761, -1.39718, 0.06424, 1.04552, -1.52700, 0.04541, 1.03453, -1.56767
-0.14799, 0.94733, -1.43491, 0.17003, 0.94745, -1.39710, 0.06470, 1.04538, -1.52737, 0.04565, 1.03441, -1.56761
-0.14836, 0.94730, -1.43492, 0.16964, 0.94738, -1.39704, 0.06496, 1.04526, -1.52773, 0.04592, 1.03428, -1.56746
-0.14857, 0.94724, -1.43495, 0.16928, 0.94738, -1.39706, 0.06522, 1.04510, -1.52803, 0.04630, 1.03412, -1.56726
-0.14876, 0.94723, -1.43493, 0.16889, 0.94743, -1.39706, 0.06538, 1.04495, -1.52834, 0.04667, 1.03400, -1.56705
-0.14887, 0.94721, -1.43490, 0.16847, 0.94752, -1.39716, 0.06563, 1.04480, -1.52860, 0.04714, 1.03386, -1.56686
-0.14910, 0.94721, -1.43481, 0.16792, 0.94765, -1.39740, 0.06584, 1.04466, -1.52888, 0.04759, 1.03376, -1.56663
-0.14923, 0.94725, -1.43473, 0.16750, 0.94778, -1.39758, 0.06616, 1.04455, -1.52917, 0.04813, 1.03368, -1.56650
-0.14953, 0.94732, -1.43454, 0.16705, 0.94787, -1.39761, 0.06642, 1.04444, -1.52945, 0.04855, 1.03365, -1.56639
-0.14996, 0.94740, -1.43428, 0.16675, 0.94788, -1.39730, 0.06670, 1.04442, -1.52977, 0.04892, 1.03367, -1.56634
-0.15043, 0.94753, -1.43395, 0.16663, 0.94787, -1.39680, 0.06700, 1.04444, -1.53008, 0.04924, 1.03377, -1.56639
-0.15092, 0.94766, -1.43356, 0.16646, 0.94786, -1.39621, 0.06735, 1.04448, -1.53038, 0.04959, 1.03390, -1.56640
-0.15145, 0.94778, -1.43326, 0.16621, 0.94786, -1.39567, 0.06780, 1.04459, -1.53071, 0.04991, 1.03402, -1.56652
-0.15200, 0.94790, -1.43291, 0.16584, 0.94789, -1.39508, 0.06828, 1.04475, -1.53105, 0.05018, 1.03416, -1.56658
-0.15253, 0.94798, -1.43264, 0.16541, 0.94794, -1.39458, 0.06878, 1.04490, -1.53138, 0.05047, 1.03427, -1.56667
-0.15297, 0.94808, -1.43248, 0.16495, 0.94804, -1.39410, 0.06923, 1.04501, -1.53174, 0.05086, 1.03436, -1.56675
-0.15337, 0.94812, -1.43250, 0.16447, 0.94815, -1.39382, 0.06960, 1.04500, -1.53201, 0.05129, 1.03434, -1.56673
-0.15371, 0.94816, -1.43257, 0.16399, 0.94828, -1.39355, 0.07004, 1.04497, -1.53228, 0.05174, 1.03430, -1.56670
-0.15411, 0.94819, -1.43273, 0.16347, 0.94841, -1.39334, 0.07043, 1.04490, -1.53245, 0.05217, 1.03422, -1.56664
-0.15442, 0.94820, -1.43296, 0.16315, 0.94849, -1.39316, 0.07104, 1.04473, -1.53248, 0.05263, 1.03412, -1.56660
-0.15476, 0.94819, -1.43323, 0.16288, 0.94854, -1.39304, 0.07174, 1.04451, -1.53244, 0.05299, 1.03396, -1.56657
-0.15516, 0.94819, -1.43361, 0.16256, 0.94858, -1.39305, 0.07235, 1.04429, -1.53248, 0.05335, 1.03381, -1.56657
-0.15549, 0.94816, -1.43400, 0.16235, 0.94851, -1.39311, 0.07313, 1.04408, -1.53257, 0.05379, 1.03367, -1.56674
-0.15585, 0.94816, -1.43437, 0.16208, 0.94841, -1.39325, 0.07384, 1.04389, -1.53280, 0.05419, 1.03356, -1.56693
-0.15622, 0.94813, -1.43483, 0.16183, 0.94828, -1.39348, 0.07455, 1.04370, -1.53309, 0.05465, 1.03345, -1.56719
-0.15658, 0.94809, -1.43527, 0.16156, 0.94813, -1.39376, 0.07509, 1.04348, -1.53342, 0.05510, 1.03331, -1.56741
-0.15700, 0.94801, -1.43573, 0.16127, 0.94798, -1.39408, 0.07544, 1.04320, -1.53384, 0.05545, 1.03319, -1.56757
-0.15738, 0.94792, -1.43628, 0.16095, 0.94783, -1.39444, 0.07574, 1.04287, -1.53425, 0.05579, 1.03301, -1.56771
-0.15778, 0.94781, -1.43674, 0.16059, 0.94774, -1.39476, 0.07600, 1.04257, -1.53470, 0.05607, 1.03282, -1.56782
-0.15811, 0.94772, -1.43713, 0.16021, 0.94773, -1.39491, 0.07632, 1.04228, -1.53511, 0.05630, 1.03267, -1.56791
-0.15841, 0.94759, -1.43753, 0.15987, 0.94777, -1.39502, 0.07674, 1.04200, -1.53551, 0.05651, 1.03247, -1.56796
-0.15872, 0.94751, -1.43793, 0.15952, 0.94783, -1.39512, 0.07705, 1.04174, -1.53596, 0.05674, 1.03233, -1.56804
-0.15900, 0.94744, -1.43828, 0.15922, 0.94788, -1.39508, 0.07735, 1.04151, -1.53644, 0.05691, 1.03217, -1.56810
-0.15929, 0.94738, -1.43865, 0.15897, 0.94789, -1.39507, 0.07759, 1.04130, -1.53696, 0.05715, 1.03204, -1.56816
-0.15958, 0.94729, -1.43907, 0.15876, 0.94787, -1.39511, 0.07785, 1.04108, -1.53750, 0.05738, 1.03189, -1.56828
-0.15997, 0.94720, -1.43957, 0.15842, 0.94782, -1.39539, 0.07800, 1.04081, -1.53800, 0.05748, 1.03175, -1.56833
-0.16033, 0.94705, -1.44019, 0.15813, 0.94770, -1.39589, 0.07819, 1.04049, -1.53845, 0.05767, 1.03158, -1.56839
-0.16071, 0.94690, -1.44084, 0.15775, 0.94757, -1.39653, 0.07833, 1.04011, -1.53888, 0.05780, 1.03138, -1.56844
-0.16116, 0.94671, -1.44148, 0.15730, 0.94745, -1.39726, 0.07837, 1.03972, -1.53932, 0.05784, 1.03118, -1.56845
-0.16144, 0.94654, -1.44202, 0.15682, 0.94736, -1.39789, 0.07853, 1.03935, -1.53969, 0.05801, 1.03099, -1.56850
-0.16176, 0.94639, -1.44241, 0.15626, 0.94731, -1.39846, 0.07859, 1.03902, -1.54010, 0.05810, 1.03082, -1.56854
-0.16205, 0.94623, -1.44278, 0.15576, 0.94726, -1.39892, 0.07871, 1.03867, -1.54044, 0.05819, 1.03064, -1.56851
-0.16227, 0.94610, -1.44309, 0.15535, 0.94723, -1.39915, 0.07893, 1.03837, -1.54077, 0.05826, 1.03051, -1.56846
-0.16249, 0.94598, -1.44335, 0.15497, 0.94721, -1.39919, 0.07917, 1.03809, -1.54102, 0.05828, 1.03038, -1.56835
-0.16269, 0.94587, -1.44363, 0.15474, 0.94718, -1.39914, 0.07949, 1.03779, -1.54124, 0.05828, 1.03028, -1.56823
-0.16290, 0.94578, -1.44389, 0.15448, 0.94717, -1.39904, 0.07986, 1.03748, -1.54147, 0.05828, 1.03017, -1.56813
-0.16310, 0.94569, -1.44422, 0.15427, 0.94716, -1.39899, 0.08029, 1.03711, -1.54163, 0.05833, 1.03008, -1.56804
-0.16335, 0.94562, -1.44451, 0.15403, 0.94717, -1.39887, 0.08062, 1.03677, -1.54183, 0.05835, 1.03004, -1.56796
-0.16367, 0.94552, -1.44475, 0.15379, 0.94714, -1.39887, 0.08084, 1.03640, -1.54199, 0.05838, 1.02997, -1.56786
-0.16391, 0.94544, -1.44493, 0.15363, 0.94709, -1.39884, 0.08097, 1.03609, -1.54223, 0.05852, 1.02994, -1.56785
-0.16427, 0.94534, -1.44500, 0.15340, 0.94700, -1.39891, 0.08095, 1.03579, -1.54244, 0.05862, 1.02987, -1.56781
-0.16459, 0.94525, -1.44502, 0.15316, 0.94692, -1.39894, 0.08087, 1.03553, -1.54270, 0.05879, 1.02986, -1.56780
-0.16487, 0.94515, -1.44503, 0.15295, 0.94682, -1.39902, 0.08082, 1.03533, -1.54292, 0.05897, 1.02987, -1.56782
-0.16510, 0.94505, -1.44498, 0.15272, 0.94674, -1.39903, 0.08081, 1.03519, -1.54314, 0.05919, 1.02992, -1.56786
-0.16532, 0.94497, -1.44497, 0.15252, 0.94665, -1.39906, 0.08092, 1.03504, -1.54329, 0.05946, 1.02996, -1.56788
-0.16548, 0.94493, -1.44497, 0.15236, 0.94661, -1.39893, 0.08123, 1.03493, -1.54348, 0.05975, 1.03004, -1.56798
-0.16567, 0.94492, -1.44500, 0.15222, 0.94661, -1.39869, 0.08172, 1.03485, -1.54358, 0.06007, 1.03015, -1.56804
-0.16586, 0.94490, -1.44508, 0.15204, 0.94664, -1.39841, 0.08221, 1.03474, -1.54367, 0.06036, 1.03025, -1.56808
-0.16608, 0.94487, -1.44527, 0.15190, 0.94664, -1.39816, 0.08279, 1.03460, -1.54371, 0.06071, 1.03029, -1.56813
-0.16642, 0.94483, -1.44559, 0.15162, 0.94667, -1.39794, 0.08319, 1.03447, -1.54373, 0.06088, 1.03027, -1.56819
-0.16673, 0.94475, -1.44597, 0.15137, 0.94667, -1.39770, 0.08362, 1.03429, -1.54369, 0.06115, 1.03023, -1.56822
-0.16705, 0.94466, -1.44644, 0.15109, 0.94667, -1.39753, 0.08394, 1.03409, -1.54367, 0.06140, 1.03012, -1.56826
-0.16741, 0.94455, -1.44691, 0.15075, 0.94669, -1.39745, 0.08410, 1.03388, -1.54369, 0.06156, 1.03004, -1.56830
-0.16769, 0.94443, -1.44735, 0.15046, 0.94670, -1.39740, 0.08422, 1.03364, -1.54376, 0.06181, 1.02995, -1.56838
-0.16795, 0.94432, -1.44780, 0.15019, 0.94668, -1.39743, 0.08429, 1.03340, -1.54381, 0.06204, 1.02986, -1.56849
-0.16817, 0.94421, -1.44819, 0.14996, 0.94666, -1.39750, 0.08444, 1.03320, -1.54388, 0.06227, 1.02980, -1.56857
-0.16836, 0.94411, -1.44854, 0.14976, 0.94662, -1.39770, 0.08459, 1.03301, -1.54402, 0.06243, 1.02975, -1.56866
-0.16851, 0.94404, -1.44889, 0.14969, 0.94656, -1.39790, 0.08493, 1.03286, -1.54414, 0.06267, 1.02972, -1.56878
-0.16865, 0.94398, -1.44917, 0.14962, 0.94649, -1.39801, 0.08527, 1.03275, -1.54426, 0.06288, 1.02969, -1.56889
-0.16879, 0.94394, -1.44965, 0.14964, 0.94640, -1.39814, 0.08582, 1.03261, -1.54439, 0.06311, 1.02967, -1.56909
-0.16896, 0.94392, -1.45006, 0.14965, 0.94633, -1.39811, 0.08635, 1.03253, -1.54447, 0.06334, 1.02966, -1.56927
-0.16911, 0.94386, -1.45056, 0.14979, 0.94625, -1.39812, 0.08693, 1.03242, -1.54457, 0.06360, 1.02965, -1.56951
-0.16915, 0.94377, -1.45119, 0.15008, 0.94619, -1.39815, 0.08759, 1.03227, -1.54462, 0.06391, 1.02960, -1.56977
-0.16925, 0.94363, -1.45181, 0.15040, 0.94617, -1.39817, 0.08816, 1.03213, -1.54469, 0.06422, 1.02955, -1.57006
-0.16931, 0.94347, -1.45246, 0.15071, 0.94618, -1.39823, 0.08862, 1.03195, -1.54471, 0.06453, 1.02947, -1.57030
-0.16938, 0.94330, -1.45295, 0.15079, 0.94621, -1.39815, 0.08888, 1.03177, -1.54474, 0.06481, 1.02941, -1.57050
-0.16949, 0.94310, -1.45336, 0.15058, 0.94624, -1.39801, 0.08879, 1.03158, -1.54477, 0.06498, 1.02931, -1.57062
-0.16966, 0.94292, -1.45362, 0.15014, 0.94629, -1.39787, 0.08852, 1.03139, -1.54481, 0.06506, 1.02922, -1.57073
-0.16981, 0.94276, -1.45381, 0.14967, 0.94635, -1.39772, 0.08826, 1.03126, -1.54486, 0.06516, 1.02915, -1.57079
-0.17000, 0.94267, -1.45386, 0.14907, 0.94639, -1.39770, 0.08796, 1.03127, -1.54496, 0.06516, 1.02914, -1.57082
-0.17026, 0.94264, -1.45388, 0.14846, 0.94641, -1.39781, 0.08766, 1.03131, -1.54515, 0.06511, 1.02915, -1.57083
-0.17046, 0.94260, -1.45387, 0.14805, 0.94638, -1.39787, 0.08753, 1.03136, -1.54526, 0.06513, 1.02918, -1.57086
-0.17063, 0.94260, -1.45395, 0.14790, 0.94634, -1.39802, 0.08761, 1.03141, -1.54537, 0.06514, 1.02923, -1.57098
-0.17087, 0.94258, -1.45408, 0.14802, 0.94624, -1.39815, 0.08786, 1.03142, -1.54546, 0.06521, 1.02933, -1.57111
-0.17104, 0.94256, -1.45422, 0.14821, 0.94617, -1.39814, 0.08817, 1.03141, -1.54549, 0.06530, 1.02941, -1.57120
-0.17126, 0.94250, -1.45435, 0.14825, 0.94617, -1.39789, 0.08837, 1.03133, -1.54549, 0.06534, 1.02943, -1.57129
-0.17150, 0.94243, -1.45439, 0.14802, 0.94628, -1.39725, 0.08832, 1.03117, -1.54549, 0.06533, 1.02943, -1.57128
-0.17182, 0.94231, -1.45443, 0.14763, 0.94642, -1.39661, 0.08815, 1.03099, -1.54548, 0.06526, 1.02938, -1.57125
-0.17218, 0.94218, -1.45438, 0.14708, 0.94659, -1.39600, 0.08787, 1.03084, -1.54546, 0.06517, 1.02931, -1.57121
-0.17251, 0.94205, -1.45434, 0.14640, 0.94675, -1.39569, 0.08750, 1.03078, -1.54550, 0.06516, 1.02923, -1.57112
-0.17298, 0.94189, -1.45430, 0.14555, 0.94690, -1.39564, 0.08700, 1.03074, -1.54563, 0.06507, 1.02914, -1.57105
-0.17337, 0.94177, -1.45424, 0.14483, 0.94699, -1.39562, 0.08664, 1.03075, -1.54572, 0.06507, 1.02908, -1.57104
-0.17381, 0.94166, -1.45426, 0.14428, 0.94698, -1.39583, 0.08635, 1.03076, -1.54588, 0.06509, 1.02906, -1.57107
-0.17427, 0.94161, -1.45419, 0.14388, 0.94692, -1.39602, 0.08625, 1.03086, -1.54603, 0.06520, 1.02913, -1.57120
-0.17463, 0.94156, -1.45423, 0.14368, 0.94684, -1.39622, 0.08630, 1.03093, -1.54619, 0.06533, 1.02922, -1.57137
-0.17502, 0.94151, -1.45425, 0.14339, 0.94681, -1.39632, 0.08634, 1.03103, -1.54632, 0.06537, 1.02930, -1.57148
-0.17524, 0.94148, -1.45430, 0.14325, 0.94687, -1.39614, 0.08657, 1.03114, -1.54634, 0.06542, 1.02941, -1.57150
-0.17549, 0.94141, -1.45444, 0.14307, 0.94696, -1.39594, 0.08675, 1.03119, -1.54635, 0.06540, 1.02946, -1.57152
-0.17566, 0.94136, -1.45460, 0.14292, 0.94707, -1.39559, 0.08693, 1.03120, -1.54634, 0.06541, 1.02952, -1.57150
-0.17576, 0.94124, -1.45485, 0.14286, 0.94715, -1.39520, 0.08703, 1.03112, -1.54621, 0.06546, 1.02948, -1.57149
-0.17584, 0.94113, -1.45520, 0.14279, 0.94721, -1.39485, 0.08700, 1.03098, -1.54616, 0.06556, 1.02940, -1.57148
-0.17592, 0.94100, -1.45557, 0.14268, 0.94723, -1.39459, 0.08691, 1.03077, -1.54607, 0.06561, 1.02933, -1.57148
-0.17602, 0.94082, -1.45600, 0.14254, 0.94720, -1.39460, 0.08680, 1.03051, -1.54602, 0.06567, 1.02916, -1.57151
-0.17613, 0.94068, -1.45634, 0.14233, 0.94713, -1.39479, 0.08663, 1.03028, -1.54602, 0.06574, 1.02905, -1.57160
-0.17623, 0.94054, -1.45674, 0.14216, 0.94706, -1.39506, 0.08654, 1.03005, -1.54605, 0.06582, 1.02896, -1.57170
-0.17641, 0.94041, -1.45707, 0.14198, 0.94701, -1.39536, 0.08653, 1.02990, -1.54614, 0.06579, 1.02892, -1.57183
-0.17661, 0.94030, -1.45747, 0.14186, 0.94697, -1.39567, 0.08673, 1.02986, -1.54624, 0.06579, 1.02897, -1.57198
-0.17678, 0.94019, -1.45789, 0.14180, 0.94696, -1.39600, 0.08706, 1.02983, -1.54641, 0.06577, 1.02903, -1.57218
-0.17690, 0.94009, -1.45837, 0.14185, 0.94691, -1.39627, 0.08747, 1.02980, -1.54657, 0.06581, 1.02911, -1.57239
-0.17699, 0.93997, -1.45897, 0.14200, 0.94687, -1.39638, 0.08797, 1.02975, -1.54668, 0.06587, 1.02914, -1.57259
-0.17698, 0.93985, -1.45963, 0.14222, 0.94682, -1.39641, 0.08851, 1.02966, -1.54672, 0.06602, 1.02916, -1.57287
-0.17690, 0.93972, -1.46030, 0.14251, 0.94678, -1.39643, 0.08898, 1.02954, -1.54677, 0.06621, 1.02914, -1.57313
-0.17685, 0.93957, -1.46095, 0.14266, 0.94675, -1.39651, 0.08920, 1.02933, -1.54681, 0.06632, 1.02907, -1.57331
-0.17665, 0.93942, -1.46160, 0.14279, 0.94674, -1.39656, 0.08929, 1.02909, -1.54679, 0.06650, 1.02896, -1.57350
-0.17647, 0.93926, -1.46214, 0.14289, 0.94673, -1.39658, 0.08926, 1.02883, -1.54673, 0.06668, 1.02885, -1.57364
-0.17626, 0.93909, -1.46263, 0.14289, 0.94677, -1.39664, 0.08922, 1.02858, -1.54671, 0.06681, 1.02874, -1.57379
-0.17621, 0.93893, -1.46297, 0.14265, 0.94678, -1.39679, 0.08899, 1.02833, -1.54676, 0.06684, 1.02865, -1.57389
-0.17605, 0.93878, -1.46327, 0.14248, 0.94680, -1.39691, 0.08886, 1.02813, -1.54679, 0.06693, 1.02860, -1.57399
-0.17602, 0.93868, -1.46350, 0.14238, 0.94677, -1.39702, 0.08879, 1.02802, -1.54688, 0.06698, 1.02859, -1.57415
-0.17605, 0.93861, -1.46371, 0.14244, 0.94661, -1.39720, 0.08887, 1.02803, -1.54701, 0.06708, 1.02863, -1.57434
-0.17615, 0.93854, -1.46388, 0.14265, 0.94641, -1.39740, 0.08910, 1.02807, -1.54713, 0.06717, 1.02869, -1.57455
-0.17626, 0.93853, -1.46401, 0.14286, 0.94621, -1.39749, 0.08941, 1.02821, -1.54721, 0.06728, 1.02881, -1.57476
-0.17630, 0.93851, -1.46418, 0.14313, 0.94606, -1.39742, 0.08988, 1.02831, -1.54720, 0.06745, 1.02891, -1.57497
-0.17634, 0.93853, -1.46441, 0.14340, 0.94599, -1.39728, 0.09040, 1.02840, -1.54717, 0.06763, 1.02903, -1.57514
-0.17645, 0.93852, -1.46461, 0.14351, 0.94598, -1.39705, 0.09081, 1.02845, -1.54714, 0.06772, 1.02912, -1.57528
-0.17648, 0.93852, -1.46476, 0.14348, 0.94605, -1.39679, 0.09107, 1.02842, -1.54699, 0.06785, 1.02919, -1.57533
-0.17641, 0.93846, -1.46488, 0.14331, 0.94620, -1.39652, 0.09115, 1.02832, -1.54683, 0.06796, 1.02921, -1.57530
-0.17638, 0.93840, -1.46499, 0.14302, 0.94639, -1.39631, 0.09107, 1.02814, -1.54665, 0.06801, 1.02919, -1.57523
-0.17637, 0.93834, -1.46502, 0.14275, 0.94655, -1.39606, 0.09087, 1.02801, -1.54649, 0.06803, 1.02918, -1.57519
-0.17647, 0.93827, -1.46491, 0.14243, 0.94668, -1.39584, 0.09042, 1.02792, -1.54643, 0.06795, 1.02922, -1.57510
-0.17653, 0.93818, -1.46475, 0.14224, 0.94674, -1.39561, 0.08997, 1.02789, -1.54637, 0.06789, 1.02927, -1.57508
-0.17670, 0.93812, -1.46452, 0.14204, 0.94676, -1.39538, 0.08957, 1.02794, -1.54638, 0.06778, 1.02937, -1.57506
-0.17700, 0.93806, -1.46429, 0.14192, 0.94670, -1.39515, 0.08932, 1.02811, -1.54647, 0.06767, 1.02953, -1.57505
-0.17732, 0.93804, -1.46408, 0.14190, 0.94660, -1.39494, 0.08932, 1.02842, -1.54664, 0.06761, 1.02976, -1.57515
-0.17768, 0.93801, -1.46387, 0.14196, 0.94644, -1.39470, 0.08943, 1.02873, -1.54678, 0.06754, 1.02998, -1.57518
-0.17796, 0.93801, -1.46365, 0.14223, 0.94631, -1.39434, 0.08964, 1.02908, -1.54685, 0.06756, 1.03026, -1.57524
-0.17815, 0.93798, -1.46342, 0.14270, 0.94619, -1.39387, 0.08992, 1.02937, -1.54680, 0.06761, 1.03051, -1.57521
-0.17824, 0.93798, -1.46319, 0.14321, 0.94610, -1.39336, 0.09022, 1.02966, -1.54667, 0.06771, 1.03079, -1.57520
-0.17827, 0.93795, -1.46299, 0.14355, 0.94611, -1.39282, 0.09040, 1.02983, -1.54648, 0.06787, 1.03100, -1.57513
-0.17820, 0.93785, -1.46298, 0.14349, 0.94624, -1.39246, 0.09035, 1.02981, -1.54623, 0.06796, 1.03106, -1.57507
-0.17812, 0.93777, -1.46298, 0.14314, 0.94648, -1.39215, 0.09006, 1.02971, -1.54599, 0.06802, 1.03107, -1.57499
-0.17803, 0.93765, -1.46304, 0.14269, 0.94675, -1.39197, 0.08972, 1.02959, -1.54580, 0.06808, 1.03103, -1.57487
-0.17806, 0.93755, -1.46314, 0.14210, 0.94698, -1.39196, 0.08931, 1.02947, -1.54573, 0.06809, 1.03097, -1.57482
-0.17806, 0.93747, -1.46326, 0.14149, 0.94720, -1.39206, 0.08896, 1.02940, -1.54577, 0.06809, 1.03094, -1.57482
-0.17820, 0.93740, -1.46341, 0.14094, 0.94736, -1.39222, 0.08860, 1.02940, -1.54587, 0.06801, 1.03092, -1.57483
-0.17828, 0.93736, -1.46358, 0.14075, 0.94744, -1.39226, 0.08861, 1.02943, -1.54601, 0.06804, 1.03097, -1.57493
-0.17846, 0.93738, -1.46373, 0.14082, 0.94742, -1.39222, 0.08882, 1.02958, -1.54615, 0.06801, 1.03111, -1.57507
-0.17858, 0.93740, -1.46391, 0.14120, 0.94734, -1.39214, 0.08926, 1.02974, -1.54628, 0.06803, 1.03126, -1.57528
-0.17873, 0.93742, -1.46417, 0.14163, 0.94721, -1.39206, 0.08973, 1.02989, -1.54641, 0.06807, 1.03138, -1.57545
-0.17886, 0.93746, -1.46441, 0.14211, 0.94706, -1.39195, 0.09012, 1.02997, -1.54651, 0.06814, 1.03145, -1.57557
-0.17893, 0.93747, -1.46476, 0.14260, 0.94688, -1.39187, 0.09047, 1.03001, -1.54658, 0.06823, 1.03148, -1.57571
-0.17896, 0.93744, -1.46510, 0.14303, 0.94677, -1.39183, 0.09066, 1.03000, -1.54665, 0.06834, 1.03144, -1.57583
-0.17881, 0.93735, -1.46553, 0.14331, 0.94675, -1.39182, 0.09071, 1.02988, -1.54664, 0.06856, 1.03136, -1.57594
-0.17855, 0.93717, -1.46595, 0.14340, 0.94682, -1.39186, 0.09051, 1.02968, -1.54663, 0.06877, 1.03120, -1.57605
-0.17825, 0.93699, -1.46642, 0.14343, 0.94692, -1.39196, 0.09029, 1.02941, -1.54663, 0.06902, 1.03100, -1.57616
-0.17791, 0.93682, -1.46682, 0.14334, 0.94708, -1.39205, 0.09006, 1.02919, -1.54663, 0.06923, 1.03087, -1.57627
-0.17760, 0.93664, -1.46730, 0.14319, 0.94720, -1.39229, 0.08996, 1.02889, -1.54662, 0.06936, 1.03070, -1.57636
-0.17733, 0.93652, -1.46769, 0.14308, 0.94732, -1.39251, 0.08991, 1.02869, -1.54665, 0.06954, 1.03064, -1.57649
-0.17709, 0.93643, -1.46812, 0.14307, 0.94733, -1.39283, 0.09010, 1.02850, -1.54666, 0.06965, 1.03058, -1.57666
-0.17702, 0.93637, -1.46853, 0.14332, 0.94715, -1.39332, 0.09045, 1.02846, -1.54675, 0.06973, 1.03059, -1.57687
-0.17694, 0.93638, -1.46888, 0.14369, 0.94689, -1.39383, 0.09094, 1.02847, -1.54687, 0.06976, 1.03065, -1.57718
-0.17690, 0.93641, -1.46919, 0.14404, 0.94665, -1.39422, 0.09147, 1.02854, -1.54689, 0.06982, 1.03075, -1.57739
-0.17675, 0.93644, -1.46944, 0.14437, 0.94653, -1.39443, 0.09195, 1.02864, -1.54694, 0.06994, 1.03089, -1.57769
-0.17650, 0.93646, -1.46958, 0.14459, 0.94652, -1.39443, 0.09230, 1.02875, -1.54690, 0.07014, 1.03103, -1.57791
-0.17625, 0.93649, -1.46974, 0.14474, 0.94660, -1.39430, 0.09257, 1.02882, -1.54684, 0.07031, 1.03117, -1.57815
-0.17597, 0.93651, -1.46976, 0.14483, 0.94674, -1.39398, 0.09264, 1.02885, -1.54675, 0.07049, 1.03129, -1.57823
-0.17570, 0.93652, -1.46977, 0.14480, 0.94698, -1.39356, 0.09242, 1.02876, -1.54666, 0.07061, 1.03133, -1.57822
-0.17546, 0.93653, -1.46974, 0.14471, 0.94721, -1.39314, 0.09208, 1.02867, -1.54657, 0.07066, 1.03136, -1.57813
-0.17531, 0.93650, -1.46961, 0.14456, 0.94743, -1.39280, 0.09165, 1.02859, -1.54649, 0.07062, 1.03136, -1.57800
-0.17524, 0.93649, -1.46947, 0.14447, 0.94757, -1.39272, 0.09132, 1.02855, -1.54648, 0.07053, 1.03136, -1.57793
-0.17536, 0.93647, -1.46925, 0.14428, 0.94765, -1.39278, 0.09095, 1.02852, -1.54647, 0.07034, 1.03134, -1.57780
-0.17549, 0.93643, -1.46902, 0.14418, 0.94767, -1.39295, 0.09067, 1.02855, -1.54646, 0.07017, 1.03137, -1.57771
-0.17566, 0.93635, -1.46879, 0.14413, 0.94762, -1.39305, 0.09057, 1.02862, -1.54645, 0.07000, 1.03142, -1.57768
-0.17594, 0.93628, -1.46848, 0.14412, 0.94752, -1.39309, 0.09054, 1.02874, -1.54642, 0.06981, 1.03154, -1.57766
-0.17615, 0.93619, -1.46821, 0.14413, 0.94740, -1.39304, 0.09065, 1.02891, -1.54638, 0.06969, 1.03167, -1.57765
-0.17638, 0.93612, -1.46797, 0.14405, 0.94732, -1.39293, 0.09065, 1.02908, -1.54639, 0.06954, 1.03180, -1.57763
-0.17657, 0.93606, -1.46770, 0.14388, 0.94734, -1.39257, 0.09052, 1.02933, -1.54637, 0.06939, 1.03194, -1.57761
-0.17665, 0.93599, -1.46750, 0.14374, 0.94737, -1.39221, 0.09039, 1.02954, -1.54634, 0.06934, 1.03205, -1.57756
-0.17673, 0.93596, -1.46727, 0.14351, 0.94746, -1.39179, 0.09011, 1.02972, -1.54632, 0.06923, 1.03215, -1.57744
-0.17668, 0.93593, -1.46699, 0.14327, 0.94766, -1.39141, 0.08968, 1.02981, -1.54621, 0.06913, 1.03218, -1.57726
-0.17664, 0.93590, -1.46669, 0.14303, 0.94790, -1.39109, 0.08906, 1.02985, -1.54614, 0.06896, 1.03220, -1.57702
-0.17666, 0.93589, -1.46644, 0.14276, 0.94810, -1.39090, 0.08843, 1.02984, -1.54609, 0.06877, 1.03220, -1.57679
-0.17665, 0.93584, -1.46626, 0.14274, 0.94827, -1.39078, 0.08801, 1.02983, -1.54602, 0.06857, 1.03222, -1.57664
-0.17673, 0.93581, -1.46615, 0.14284, 0.94835, -1.39082, 0.08767, 1.02981, -1.54602, 0.06833, 1.03228, -1.57651
-0.17687, 0.93573, -1.46613, 0.14291, 0.94837, -1.39095, 0.08742, 1.02977, -1.54606, 0.06804, 1.03232, -1.57642
-0.17701, 0.93568, -1.46614, 0.14300, 0.94837, -1.39106, 0.08741, 1.02981, -1.54605, 0.06784, 1.03240, -1.57635
-0.17716, 0.93561, -1.46628, 0.14307, 0.94831, -1.39121, 0.08769, 1.02991, -1.54612, 0.06765, 1.03251, -1.57640
-0.17721, 0.93556, -1.46643, 0.14318, 0.94823, -1.39129, 0.08811, 1.03006, -1.54613, 0.06758, 1.03261, -1.57653
-0.17728, 0.93550, -1.46657, 0.14320, 0.94818, -1.39133, 0.08842, 1.03019, -1.54620, 0.06747, 1.03269, -1.57655
-0.17716, 0.93545, -1.46671, 0.14336, 0.94813, -1.39129, 0.08856, 1.03027, -1.54622, 0.06747, 1.03269, -1.57657
-0.17703, 0.93536, -1.46684, 0.14346, 0.94811, -1.39123, 0.08852, 1.03028, -1.54624, 0.06748, 1.03265, -1.57652
-0.17677, 0.93531, -1.46694, 0.14362, 0.94813, -1.39110, 0.08844, 1.03027, -1.54624, 0.06752, 1.03259, -1.57648
-0.17644, 0.93525, -1.46708, 0.14379, 0.94821, -1.39098, 0.08829, 1.03015, -1.54620, 0.06761, 1.03251, -1.57645
-0.17612, 0.93517, -1.46729, 0.14393, 0.94832, -1.39096, 0.08805, 1.02994, -1.54612, 0.06768, 1.03238, -1.57639
-0.17579, 0.93511, -1.46745, 0.14409, 0.94846, -1.39089, 0.08787, 1.02973, -1.54604, 0.06772, 1.03229, -1.57641
-0.17546, 0.93503, -1.46775, 0.14426, 0.94856, -1.39094, 0.08782, 1.02944, -1.54595, 0.06777, 1.03217, -1.57645
-0.17512, 0.93494, -1.46810, 0.14449, 0.94865, -1.39101, 0.08797, 1.02918, -1.54583, 0.06786, 1.03211, -1.57659
-0.17482, 0.93484, -1.46847, 0.14475, 0.94869, -1.39110, 0.08823, 1.02896, -1.54574, 0.06792, 1.03207, -1.57674
-0.17453, 0.93475, -1.46883, 0.14512, 0.94865, -1.39135, 0.08854, 1.02878, -1.54567, 0.06801, 1.03206, -1.57694
-0.17424, 0.93468, -1.46917, 0.14564, 0.94848, -1.39167, 0.08881, 1.02881, -1.54573, 0.06807, 1.03208, -1.57716
-0.17395, 0.93464, -1.46940, 0.14625, 0.94828, -1.39200, 0.08912, 1.02892, -1.54579, 0.06819, 1.03213, -1.57735
-0.17363, 0.93459, -1.46962, 0.14683, 0.94807, -1.39231, 0.08935, 1.02907, -1.54586, 0.06824, 1.03222, -1.57756
-0.17326, 0.93457, -1.46978, 0.14732, 0.94796, -1.39248, 0.08956, 1.02917, -1.54589, 0.06838, 1.03227, -1.57771
-0.17288, 0.93454, -1.46987, 0.14767, 0.94791, -1.39246, 0.08967, 1.02926, -1.54587, 0.06846, 1.03236, -1.57782
-0.17248, 0.93452, -1.46991, 0.14793, 0.94796, -1.39235, 0.08969, 1.02929, -1.54582, 0.06853, 1.03241, -1.57789
-0.17212, 0.93452, -1.46990, 0.14801, 0.94810, -1.39217, 0.08957, 1.02933, -1.54575, 0.06848, 1.03248, -1.57791
-0.17177, 0.93455, -1.46986, 0.14795, 0.94838, -1.39186, 0.08941, 1.02931, -1.54566, 0.06845, 1.03251, -1.57792
-0.17149, 0.93454, -1.46985, 0.14778, 0.94866, -1.39160, 0.08915, 1.02924, -1.54559, 0.06832, 1.03250, -1.57790
-0.17132, 0.93454, -1.46976, 0.14757, 0.94891, -1.39140, 0.08888, 1.02917, -1.54551, 0.06816, 1.03249, -1.57782
-0.17117, 0.93455, -1.46970, 0.14749, 0.94907, -1.39132, 0.08879, 1.02913, -1.54545, 0.06806, 1.03250, -1.57786
-0.17113, 0.93454, -1.46961, 0.14742, 0.94914, -1.39137, 0.08867, 1.02909, -1.54547, 0.06794, 1.03248, -1.57785
-0.17115, 0.93451, -1.46949, 0.14735, 0.94915, -1.39146, 0.08851, 1.02908, -1.54546, 0.06778, 1.03248, -1.57783
-0.17122, 0.93444, -1.46942, 0.14734, 0.94909, -1.39166, 0.08841, 1.02906, -1.54544, 0.06769, 1.03249, -1.57783
-0.17133, 0.93433, -1.46930, 0.14732, 0.94897, -1.39188, 0.08823, 1.02906, -1.54544, 0.06755, 1.03249, -1.57780
-0.17142, 0.93422, -1.46921, 0.14736, 0.94885, -1.39209, 0.08805, 1.02906, -1.54542, 0.06748, 1.03249, -1.57780
-0.17153, 0.93410, -1.46912, 0.14734, 0.94873, -1.39224, 0.08773, 1.02910, -1.54539, 0.06740, 1.03244, -1.57774
-0.17159, 0.93401, -1.46896, 0.14736, 0.94868, -1.39224, 0.08736, 1.02914, -1.54532, 0.06733, 1.03237, -1.57774
-0.17168, 0.93393, -1.46883, 0.14730, 0.94866, -1.39220, 0.08689, 1.02919, -1.54528, 0.06725, 1.03227, -1.57767
-0.17177, 0.93385, -1.46872, 0.14719, 0.94869, -1.39206, 0.08644, 1.02922, -1.54520, 0.06716, 1.03220, -1.57761
-0.17178, 0.93375, -1.46864, 0.14706, 0.94879, -1.39182, 0.08608, 1.02920, -1.54510, 0.06711, 1.03213, -1.57755
-0.17173, 0.93365, -1.46861, 0.14695, 0.94892, -1.39159, 0.08583, 1.02911, -1.54499, 0.06712, 1.03203, -1.57747
-0.17168, 0.93354, -1.46860, 0.14681, 0.94903, -1.39141, 0.08566, 1.02905, -1.54488, 0.06708, 1.03197, -1.57740
-0.17159, 0.93344, -1.46861, 0.14683, 0.94913, -1.39132, 0.08557, 1.02905, -1.54480, 0.06703, 1.03200, -1.57734
-0.17145, 0.93334, -1.46861, 0.14700, 0.94920, -1.39129, 0.08570, 1.02904, -1.54471, 0.06695, 1.03206, -1.57736
-0.17130, 0.93323, -1.46867, 0.14723, 0.94922, -1.39132, 0.08590, 1.02905, -1.54463, 0.06693, 1.03211, -1.57734
-0.17116, 0.93313, -1.46880, 0.14749, 0.94918, -1.39146, 0.08607, 1.02908, -1.54464, 0.06679, 1.03216, -1.57738
-0.17101, 0.93303, -1.46895, 0.14783, 0.94909, -1.39159, 0.08627, 1.02913, -1.54472, 0.06671, 1.03219, -1.57743
-0.17092, 0.93290, -1.46916, 0.14813, 0.94896, -1.39177, 0.08638, 1.02916, -1.54484, 0.06652, 1.03217, -1.57745
-0.17077, 0.93278, -1.46936, 0.14847, 0.94884, -1.39191, 0.08648, 1.02921, -1.54490, 0.06637, 1.03215, -1.57751
-0.17052, 0.93268, -1.46957, 0.14893, 0.94877, -1.39193, 0.08650, 1.02924, -1.54490, 0.06635, 1.03210, -1.57752
-0.17031, 0.93259, -1.46983, 0.14930, 0.94873, -1.39202, 0.08639, 1.02922, -1.54493, 0.06627, 1.03204, -1.57754
-0.17001, 0.93250, -1.47006, 0.14973, 0.94873, -1.39203, 0.08634, 1.02919, -1.54486, 0.06632, 1.03197, -1.57756
-0.16968, 0.93251, -1.47021, 0.15003, 0.94880, -1.39200, 0.08625, 1.02913, -1.54473, 0.06633, 1.03191, -1.57765
-0.16936, 0.93256, -1.47033, 0.15023, 0.94897, -1.39197, 0.08606, 1.02905, -1.54457, 0.06630, 1.03188, -1.57773
-0.16903, 0.93262, -1.47051, 0.15036, 0.94912, -1.39200, 0.08591, 1.02890, -1.54445, 0.06629, 1.03184, -1.57782
-0.16863, 0.93261, -1.47075, 0.15056, 0.94928, -1.39204, 0.08587, 1.02871, -1.54434, 0.06628, 1.03182, -1.57800
-0.16825, 0.93252, -1.47109, 0.15067, 0.94938, -1.39221, 0.08587, 1.02839, -1.54429, 0.06621, 1.03176, -1.57816
-0.16787, 0.93238, -1.47156, 0.15081, 0.94943, -1.39244, 0.08593, 1.02806, -1.54428, 0.06611, 1.03168, -1.57833
-0.16741, 0.93224, -1.47192, 0.15109, 0.94943, -1.39262, 0.08608, 1.02781, -1.54429, 0.06606, 1.03166, -1.57856
-0.16704, 0.93208, -1.47225, 0.15142, 0.94937, -1.39282, 0.08628, 1.02767, -1.54437, 0.06605, 1.03164, -1.57872
-0.16666, 0.93193, -1.47250, 0.15187, 0.94930, -1.39292, 0.08656, 1.02767, -1.54447, 0.06608, 1.03169, -1.57890
-0.16627, 0.93183, -1.47271, 0.15232, 0.94923, -1.39304, 0.08679, 1.02772, -1.54456, 0.06613, 1.03172, -1.57904
-0.16591, 0.93179, -1.47283, 0.15273, 0.94922, -1.39310, 0.08695, 1.02786, -1.54465, 0.06623, 1.03180, -1.57913
-0.16554, 0.93184, -1.47283, 0.15309, 0.94926, -1.39305, 0.08702, 1.02811, -1.54473, 0.06631, 1.03190, -1.57921
-0.16527, 0.93188, -1.47283, 0.15334, 0.94937, -1.39304, 0.08698, 1.02834, -1.54487, 0.06633, 1.03198, -1.57927
-0.16492, 0.93192, -1.47272, 0.15358, 0.94949, -1.39291, 0.08689, 1.02843, -1.54485, 0.06636, 1.03207, -1.57929
-0.16453, 0.93188, -1.47270, 0.15378, 0.94965, -1.39285, 0.08669, 1.02833, -1.54475, 0.06635, 1.03208, -1.57923
-0.16425, 0.93185, -1.47255, 0.15382, 0.94984, -1.39273, 0.08637, 1.02822, -1.54459, 0.06623, 1.03209, -1.57913
-0.16397, 0.93177, -1.47245, 0.15387, 0.95000, -1.39265, 0.08610, 1.02803, -1.54447, 0.06613, 1.03207, -1.57907
-0.16378, 0.93172, -1.47227, 0.15386, 0.95013, -1.39251, 0.08581, 1.02793, -1.54432, 0.06602, 1.03209, -1.57905
-0.16370, 0.93166, -1.47209, 0.15375, 0.95024, -1.39236, 0.08548, 1.02787, -1.54423, 0.06585, 1.03210, -1.57903
-0.16360, 0.93162, -1.47183, 0.15374, 0.95030, -1.39219, 0.08522, 1.02785, -1.54411, 0.06567, 1.03214, -1.57906
-0.16365, 0.93160, -1.47158, 0.15363, 0.95033, -1.39215, 0.08490, 1.02790, -1.54409, 0.06541, 1.03221, -1.57913
-0.16361, 0.93158, -1.47133, 0.15367, 0.95033, -1.39207, 0.08468, 1.02800, -1.54412, 0.06522, 1.03230, -1.57921
-0.16368, 0.93156, -1.47111, 0.15364, 0.95031, -1.39204, 0.08434, 1.02811, -1.54414, 0.06496, 1.03238, -1.57926
-0.16366, 0.93151, -1.47085, 0.15370, 0.95031, -1.39194, 0.08405, 1.02825, -1.54419, 0.06474, 1.03245, -1.57929
-0.16366, 0.93143, -1.47062, 0.15381, 0.95034, -1.39178, 0.08368, 1.02840, -1.54426, 0.06458, 1.03248, -1.57926
-0.16366, 0.93134, -1.47043, 0.15390, 0.95037, -1.39168, 0.08326, 1.02852, -1.54432, 0.06434, 1.03248, -1.57919
-0.16364, 0.93123, -1.47027, 0.15400, 0.95040, -1.39155, 0.08290, 1.02861, -1.54441, 0.06416, 1.03245, -1.57908
-0.16364, 0.93116, -1.47016, 0.15408, 0.95048, -1.39146, 0.08260, 1.02867, -1.54445, 0.06398, 1.03239, -1.57895
-0.16361, 0.93112, -1.47006, 0.15415, 0.95057, -1.39143, 0.08226, 1.02874, -1.54450, 0.06381, 1.03233, -1.57885
-0.16359, 0.93105, -1.47005, 0.15418, 0.95064, -1.39151, 0.08201, 1.02876, -1.54451, 0.06363, 1.03224, -1.57876
-0.16352, 0.93095, -1.47007, 0.15416, 0.95068, -1.39165, 0.08175, 1.02875, -1.54461, 0.06338, 1.03214, -1.57867
-0.16339, 0.93081, -1.47019, 0.15419, 0.95072, -1.39188, 0.08151, 1.02872, -1.54463, 0.06316, 1.03204, -1.57863
-0.16333, 0.93067, -1.47031, 0.15417, 0.95071, -1.39213, 0.08127, 1.02869, -1.54469, 0.06288, 1.03197, -1.57859
-0.16322, 0.93051, -1.47042, 0.15417, 0.95066, -1.39237, 0.08108, 1.02865, -1.54471, 0.06256, 1.03191, -1.57860
-0.16311, 0.93030, -1.47064, 0.15428, 0.95057, -1.39258, 0.08101, 1.02858, -1.54470, 0.06232, 1.03184, -1.57864
-0.16296, 0.93009, -1.47084, 0.15446, 0.95043, -1.39278, 0.08100, 1.02850, -1.54463, 0.06212, 1.03177, -1.57874
-0.16283, 0.92992, -1.47108, 0.15466, 0.95029, -1.39295, 0.08107, 1.02839, -1.54456, 0.06187, 1.03167, -1.57881
-0.16266, 0.92977, -1.47135, 0.15496, 0.95018, -1.39316, 0.08122, 1.02827, -1.54443, 0.06177, 1.03157, -1.57890
-0.16252, 0.92967, -1.47166, 0.15526, 0.95009, -1.39336, 0.08140, 1.02817, -1.54430, 0.06161, 1.03144, -1.57902
-0.16225, 0.92958, -1.47201, 0.15565, 0.95001, -1.39358, 0.08161, 1.02800, -1.54415, 0.06156, 1.03129, -1.57915
-0.16196, 0.92953, -1.47235, 0.15600, 0.95001, -1.39378, 0.08166, 1.02787, -1.54416, 0.06151, 1.03116, -1.57926
-0.16156, 0.92947, -1.47273, 0.15638, 0.95006, -1.39406, 0.08163, 1.02773, -1.54422, 0.06144, 1.03101, -1.57943
-0.16112, 0.92940, -1.47307, 0.15670, 0.95011, -1.39431, 0.08151, 1.02758, -1.54431, 0.06134, 1.03086, -1.57957
-0.16063, 0.92935, -1.47339, 0.15710, 0.95015, -1.39459, 0.08142, 1.02740, -1.54443, 0.06136, 1.03072, -1.57975
-0.16011, 0.92928, -1.47370, 0.15748, 0.95017, -1.39495, 0.08130, 1.02718, -1.54453, 0.06129, 1.03057, -1.57993
-0.15959, 0.92919, -1.47392, 0.15783, 0.95017, -1.39526, 0.08117, 1.02700, -1.54467, 0.06121, 1.03046, -1.58013
-0.15918, 0.92910, -1.47419, 0.15808, 0.95014, -1.39564, 0.08101, 1.02680, -1.54478, 0.06112, 1.03031, -1.58028
-0.15876, 0.92899, -1.47439, 0.15836, 0.95003, -1.39594, 0.08100, 1.02665, -1.54479, 0.06111, 1.03017, -1.58047
-0.15838, 0.92890, -1.47456, 0.15857, 0.94992, -1.39620, 0.08106, 1.02656, -1.54481, 0.06111, 1.03006, -1.58066
-0.15809, 0.92881, -1.47470, 0.15880, 0.94982, -1.39639, 0.08110, 1.02651, -1.54484, 0.06109, 1.02997, -1.58084
-0.15779, 0.92875, -1.47473, 0.15900, 0.94972, -1.39646, 0.08119, 1.02652, -1.54479, 0.06101, 1.02991, -1.58093
-0.15749, 0.92871, -1.47475, 0.15928, 0.94966, -1.39644, 0.08135, 1.02660, -1.54480, 0.06100, 1.02988, -1.58107
-0.15723, 0.92872, -1.47470, 0.15951, 0.94964, -1.39629, 0.08147, 1.02672, -1.54478, 0.06093, 1.02993, -1.58117
-0.15700, 0.92874, -1.47469, 0.15976, 0.94966, -1.39618, 0.08160, 1.02679, -1.54474, 0.06089, 1.02994, -1.58126
-0.15672, 0.92879, -1.47473, 0.16006, 0.94972, -1.39607, 0.08178, 1.02684, -1.54466, 0.06095, 1.02998, -1.58143
-0.15649, 0.92882, -1.47471, 0.16033, 0.94981, -1.39592, 0.08190, 1.02688, -1.54457, 0.06095, 1.03003, -1.58153
-0.15624, 0.92886, -1.47468, 0.16056, 0.94990, -1.39577, 0.08196, 1.02686, -1.54445, 0.06100, 1.03002, -1.58163
-0.15611, 0.92888, -1.47443, 0.16066, 0.95000, -1.39560, 0.08180, 1.02681, -1.54429, 0.06088, 1.02996, -1.58168
-0.15589, 0.92887, -1.47422, 0.16078, 0.95010, -1.39543, 0.08171, 1.02670, -1.54413, 0.06085, 1.02987, -1.58170
-0.15579, 0.92885, -1.47385, 0.16081, 0.95019, -1.39528, 0.08136, 1.02665, -1.54405, 0.06067, 1.02982, -1.58170
-0.15567, 0.92879, -1.47347, 0.16083, 0.95024, -1.39514, 0.08096, 1.02665, -1.54403, 0.06049, 1.02980, -1.58166
-0.15565, 0.92874, -1.47304, 0.16078, 0.95026, -1.39509, 0.08041, 1.02676, -1.54412, 0.06017, 1.02981, -1.58161
-0.15558, 0.92866, -1.47266, 0.16083, 0.95026, -1.39501, 0.07999, 1.02690, -1.54421, 0.05998, 1.02987, -1.58161
-0.15561, 0.92859, -1.47229, 0.16080, 0.95027, -1.39491, 0.07952, 1.02708, -1.54440, 0.05976, 1.02997, -1.58162
-0.15563, 0.92856, -1.47211, 0.16085, 0.95023, -1.39487, 0.07930, 1.02721, -1.54459, 0.05963, 1.03006, -1.58163
-0.15572, 0.92852, -1.47194, 0.16086, 0.95022, -1.39479, 0.07912, 1.02735, -1.54483, 0.05952, 1.03013, -1.58165
-0.15574, 0.92847, -1.47190, 0.16090, 0.95022, -1.39477, 0.07898, 1.02745, -1.54501, 0.05943, 1.03018, -1.58167
-0.15579, 0.92841, -1.47192, 0.16088, 0.95027, -1.39473, 0.07884, 1.02748, -1.54509, 0.05931, 1.03014, -1.58161
-0.15578, 0.92833, -1.47199, 0.16084, 0.95034, -1.39473, 0.07870, 1.02748, -1.54516, 0.05914, 1.03005, -1.58152
-0.15575, 0.92825, -1.47211, 0.16081, 0.95041, -1.39480, 0.07855, 1.02741, -1.54519, 0.05899, 1.02994, -1.58145
-0.15561, 0.92813, -1.47231, 0.16083, 0.95047, -1.39501, 0.07823, 1.02730, -1.54520, 0.05877, 1.02976, -1.58143
-0.15542, 0.92796, -1.47251, 0.16089, 0.95051, -1.39534, 0.07787, 1.02711, -1.54520, 0.05854, 1.02957, -1.58141
-0.15521, 0.92779, -1.47280, 0.16101, 0.95051, -1.39575, 0.07752, 1.02688, -1.54522, 0.05827, 1.02936, -1.58140
-0.15496, 0.92763, -1.47304, 0.16122, 0.95046, -1.39616, 0.07732, 1.02669, -1.54523, 0.05803, 1.02920, -1.58144
-0.15479, 0.92746, -1.47330, 0.16149, 0.95033, -1.39663, 0.07729, 1.02648, -1.54521, 0.05775, 1.02902, -1.58148
-0.15461, 0.92728, -1.47359, 0.16181, 0.95015, -1.39711, 0.07742, 1.02628, -1.54524, 0.05751, 1.02886, -1.58156
-0.15440, 0.92716, -1.47391, 0.16215, 0.95000, -1.39759, 0.07764, 1.02611, -1.54530, 0.05729, 1.02873, -1.58167
-0.15426, 0.92704, -1.47418, 0.16251, 0.94988, -1.39803, 0.07789, 1.02603, -1.54544, 0.05712, 1.02862, -1.58186
-0.15401, 0.92694, -1.47452, 0.16286, 0.94978, -1.39845, 0.07823, 1.02594, -1.54562, 0.05703, 1.02850, -1.58205
-0.15373, 0.92682, -1.47492, 0.16319, 0.94970, -1.39893, 0.07852, 1.02582, -1.54581, 0.05690, 1.02833, -1.58228
-0.15340, 0.92664, -1.47540, 0.16349, 0.94962, -1.39945, 0.07853, 1.02559, -1.54601, 0.05676, 1.02807, -1.58242
-0.15293, 0.92642, -1.47594, 0.16378, 0.94953, -1.39998, 0.07845, 1.02525, -1.54615, 0.05662, 1.02771, -1.58247
-0.15254, 0.92619, -1.47643, 0.16397, 0.94949, -1.40050, 0.07813, 1.02491, -1.54631, 0.05640, 1.02734, -1.58250
-0.15204, 0.92594, -1.47682, 0.16419, 0.94950, -1.40097, 0.07771, 1.02458, -1.54645, 0.05617, 1.02703, -1.58252
-0.15155, 0.92571, -1.47703, 0.16430, 0.94956, -1.40131, 0.07710, 1.02427, -1.54658, 0.05594, 1.02675, -1.58247
-0.15105, 0.92549, -1.47716, 0.16443, 0.94964, -1.40156, 0.07653, 1.02401, -1.54667, 0.05569, 1.02653, -1.58242
-0.15062, 0.92531, -1.47732, 0.16453, 0.94971, -1.40187, 0.07602, 1.02379, -1.54680, 0.05538, 1.02637, -1.58243
-0.15026, 0.92521, -1.47737, 0.16467, 0.94976, -1.40213, 0.07578, 1.02367, -1.54699, 0.05516, 1.02634, -1.58255
-0.14995, 0.92512, -1.47749, 0.16488, 0.94976, -1.40243, 0.07578, 1.02359, -1.54722, 0.05495, 1.02632, -1.58274
-0.14969, 0.92508, -1.47751, 0.16514, 0.94974, -1.40264, 0.07582, 1.02360, -1.54743, 0.05475, 1.02640, -1.58292
-0.14940, 0.92506, -1.47755, 0.16551, 0.94969, -1.40286, 0.07600, 1.02362, -1.54767, 0.05460, 1.02645, -1.58311
-0.14912, 0.92505, -1.47758, 0.16600, 0.94961, -1.40293, 0.07625, 1.02369, -1.54790, 0.05454, 1.02652, -1.58327
-0.14879, 0.92507, -1.47747, 0.16648, 0.94957, -1.40291, 0.07646, 1.02381, -1.54807, 0.05452, 1.02661, -1.58340
-0.14851, 0.92503, -1.47746, 0.16684, 0.94962, -1.40292, 0.07634, 1.02389, -1.54823, 0.05445, 1.02661, -1.58346
-0.14811, 0.92497, -1.47730, 0.16719, 0.94975, -1.40277, 0.07595, 1.02398, -1.54827, 0.05449, 1.02658, -1.58343
-0.14778, 0.92493, -1.47710, 0.16736, 0.94995, -1.40259, 0.07539, 1.02405, -1.54830, 0.05445, 1.02654, -1.58339
-0.14746, 0.92489, -1.47683, 0.16746, 0.95018, -1.40239, 0.07478, 1.02409, -1.54830, 0.05439, 1.02650, -1.58330
-0.14726, 0.92494, -1.47634, 0.16741, 0.95042, -1.40216, 0.07416, 1.02411, -1.54823, 0.05420, 1.02651, -1.58313
-0.14717, 0.92502, -1.47582, 0.16724, 0.95063, -1.40195, 0.07353, 1.02409, -1.54813, 0.05394, 1.02652, -1.58294
-0.14712, 0.92509, -1.47525, 0.16707, 0.95081, -1.40172, 0.07300, 1.02415, -1.54807, 0.05362, 1.02656, -1.58278
-0.14709, 0.92514, -1.47479, 0.16709, 0.95089, -1.40154, 0.07282, 1.02431, -1.54810, 0.05329, 1.02665, -1.58267
-0.14708, 0.92512, -1.47437, 0.16725, 0.95087, -1.40140, 0.07283, 1.02457, -1.54811, 0.05301, 1.02678, -1.58255
-0.14702, 0.92509, -1.47409, 0.16750, 0.95080, -1.40136, 0.07296, 1.02484, -1.54825, 0.05271, 1.02691, -1.58250
-0.14694, 0.92502, -1.47397, 0.16778, 0.95069, -1.40139, 0.07303, 1.02508, -1.54839, 0.05246, 1.02699, -1.58248
-0.14678, 0.92488, -1.47414, 0.16820, 0.95056, -1.40161, 0.07310, 1.02525, -1.54865, 0.05230, 1.02699, -1.58253
-0.14658, 0.92476, -1.47436, 0.16861, 0.95047, -1.40187, 0.07306, 1.02538, -1.54895, 0.05216, 1.02697, -1.58260
-0.14637, 0.92464, -1.47467, 0.16896, 0.95043, -1.40217, 0.07285, 1.02538, -1.54923, 0.05205, 1.02688, -1.58269
-0.14602, 0.92462, -1.47481, 0.16915, 0.95054, -1.40234, 0.07245, 1.02524, -1.54947, 0.05199, 1.02675, -1.58275
-0.14567, 0.92463, -1.47496, 0.16926, 0.95075, -1.40252, 0.07189, 1.02502, -1.54970, 0.05196, 1.02660, -1.58280
-0.14532, 0.92463, -1.47516, 0.16939, 0.95095, -1.40272, 0.07136, 1.02473, -1.54983, 0.05186, 1.02640, -1.58288
-0.14493, 0.92466, -1.47544, 0.16954, 0.95107, -1.40304, 0.07099, 1.02449, -1.54993, 0.05172, 1.02623, -1.58302
-0.14460, 0.92465, -1.47583, 0.16973, 0.95112, -1.40349, 0.07074, 1.02424, -1.54999, 0.05152, 1.02604, -1.58322
-0.14423, 0.92463, -1.47622, 0.17006, 0.95108, -1.40399, 0.07069, 1.02401, -1.54998, 0.05132, 1.02582, -1.58345
-0.14387, 0.92461, -1.47672, 0.17059, 0.95090, -1.40454, 0.07091, 1.02377, -1.54994, 0.05115, 1.02566, -1.58382
-0.14343, 0.92461, -1.47727, 0.17133, 0.95057, -1.40516, 0.07150, 1.02359, -1.54990, 0.05105, 1.02556, -1.58424
-0.14295, 0.92461, -1.47777, 0.17221, 0.95017, -1.40581, 0.07222, 1.02341, -1.54981, 0.05106, 1.02542, -1.58468
-0.14246, 0.92455, -1.47832, 0.17305, 0.94979, -1.40645, 0.07292, 1.02319, -1.54974, 0.05103, 1.02525, -1.58510
-0.14183, 0.92445, -1.47886, 0.17391, 0.94943, -1.40709, 0.07358, 1.02294, -1.54967, 0.05119, 1.02501, -1.58547
-0.14119, 0.92432, -1.47933, 0.17465, 0.94915, -1.40767, 0.07404, 1.02265, -1.54964, 0.05135, 1.02472, -1.58574
-0.14043, 0.92421, -1.47972, 0.17535, 0.94896, -1.40816, 0.07439, 1.02236, -1.54962, 0.05162, 1.02440, -1.58597
-0.13962, 0.92419, -1.48002, 0.17590, 0.94893, -1.40849, 0.07434, 1.02206, -1.54965, 0.05189, 1.02411, -1.58620
-0.13862, 0.92417, -1.48028, 0.17644, 0.94902, -1.40874, 0.07417, 1.02172, -1.54972, 0.05225, 1.02378, -1.58642
-0.13773, 0.92417, -1.48041, 0.17682, 0.94912, -1.40891, 0.07380, 1.02143, -1.54981, 0.05256, 1.02349, -1.58655
-0.13694, 0.92417, -1.48056, 0.17713, 0.94924, -1.40899, 0.07348, 1.02121, -1.54987, 0.05281, 1.02323, -1.58672
-0.13629, 0.92419, -1.48068, 0.17742, 0.94928, -1.40910, 0.07328, 1.02112, -1.54999, 0.05294, 1.02304, -1.58691
-0.13574, 0.92421, -1.48077, 0.17772, 0.94930, -1.40914, 0.07321, 1.02113, -1.55008, 0.05304, 1.02292, -1.58709
-0.13532, 0.92420, -1.48087, 0.17805, 0.94923, -1.40927, 0.07325, 1.02113, -1.55009, 0.05303, 1.02280, -1.58724
-0.13515, 0.92423, -1.48094, 0.17841, 0.94906, -1.40949, 0.07348, 1.02120, -1.55004, 0.05292, 1.02275, -1.58746
-0.13507, 0.92421, -1.48098, 0.17883, 0.94882, -1.40975, 0.07382, 1.02123, -1.54994, 0.05277, 1.02268, -1.58762
-0.13504, 0.92423, -1.48098, 0.17923, 0.94857, -1.41000, 0.07417, 1.02125, -1.54980, 0.05258, 1.02263, -1.58777
-0.13496, 0.92424, -1.48094, 0.17955, 0.94834, -1.41019, 0.07441, 1.02119, -1.54965, 0.05244, 1.02255, -1.58783
-0.13484, 0.92421, -1.48089, 0.17981, 0.94814, -1.41041, 0.07455, 1.02101, -1.54948, 0.05232, 1.02238, -1.58784
-0.13469, 0.92420, -1.48075, 0.18001, 0.94797, -1.41053, 0.07452, 1.02087, -1.54928, 0.05217, 1.02221, -1.58780
-0.13457, 0.92419, -1.48048, 0.18008, 0.94792, -1.41055, 0.07430, 1.02081, -1.54912, 0.05198, 1.02205, -1.58771
-0.13433, 0.92421, -1.48009, 0.18012, 0.94796, -1.41040, 0.07394, 1.02086, -1.54894, 0.05186, 1.02193, -1.58756
-0.13411, 0.92424, -1.47966, 0.18010, 0.94807, -1.41018, 0.07348, 1.02098, -1.54881, 0.05170, 1.02184, -1.58748
-0.13395, 0.92433, -1.47925, 0.18007, 0.94819, -1.40993, 0.07317, 1.02112, -1.54874, 0.05161, 1.02177, -1.58739
-0.13388, 0.92442, -1.47886, 0.18002, 0.94833, -1.40969, 0.07292, 1.02128, -1.54874, 0.05151, 1.02177, -1.58738
-0.13382, 0.92457, -1.47854, 0.18004, 0.94845, -1.40945, 0.07286, 1.02147, -1.54882, 0.05147, 1.02183, -1.58740
-0.13382, 0.92467, -1.47824, 0.18006, 0.94849, -1.40928, 0.07282, 1.02168, -1.54892, 0.05144, 1.02188, -1.58744
-0.13401, 0.92471, -1.47802, 0.18006, 0.94840, -1.40929, 0.07277, 1.02186, -1.54905, 0.05128, 1.02188, -1.58740
-0.13425, 0.92466, -1.47789, 0.18008, 0.94818, -1.40945, 0.07274, 1.02200, -1.54927, 0.05105, 1.02185, -1.58735
-0.13452, 0.92461, -1.47775, 0.18004, 0.94794, -1.40967, 0.07259, 1.02214, -1.54945, 0.05071, 1.02180, -1.58726
-0.13469, 0.92458, -1.47755, 0.18007, 0.94780, -1.40983, 0.07238, 1.02228, -1.54961, 0.05044, 1.02174, -1.58717
-0.13483, 0.92457, -1.47722, 0.17996, 0.94776, -1.40990, 0.07186, 1.02245, -1.54973, 0.05006, 1.02169, -1.58700
-0.13490, 0.92459, -1.47682, 0.17986, 0.94779, -1.40993, 0.07132, 1.02264, -1.54986, 0.04976, 1.02164, -1.58687
-0.13496, 0.92463, -1.47655, 0.17970, 0.94787, -1.40999, 0.07073, 1.02276, -1.54994, 0.04941, 1.02156, -1.58671
-0.13491, 0.92461, -1.47651, 0.17958, 0.94799, -1.41014, 0.07030, 1.02278, -1.54993, 0.04917, 1.02139, -1.58658
-0.13479, 0.92458, -1.47654, 0.17950, 0.94812, -1.41029, 0.06999, 1.02274, -1.54991, 0.04901, 1.02123, -1.58646
-0.13463, 0.92455, -1.47670, 0.17949, 0.94819, -1.41053, 0.06974, 1.02266, -1.54984, 0.04880, 1.02103, -1.58638
-0.13446, 0.92449, -1.47691, 0.17966, 0.94816, -1.41085, 0.06969, 1.02257, -1.54978, 0.04868, 1.02087, -1.58636
-0.13433, 0.92438, -1.47719, 0.17987, 0.94805, -1.41131, 0.06966, 1.02246, -1.54970, 0.04846, 1.02070, -1.58637
-0.13416, 0.92431, -1.47745, 0.18013, 0.94790, -1.41177, 0.06971, 1.02237, -1.54973, 0.04826, 1.02056, -1.58645
-0.13398, 0.92424, -1.47768, 0.18040, 0.94775, -1.41233, 0.06984, 1.02222, -1.54981, 0.04807, 1.02044, -1.58657
-0.13377, 0.92423, -1.47781, 0.18063, 0.94766, -1.41287, 0.06996, 1.02213, -1.54995, 0.04795, 1.02037, -1.58676
-0.13357, 0.92424, -1.47796, 0.18085, 0.94756, -1.41346, 0.07005, 1.02200, -1.55017, 0.04780, 1.02032, -1.58694
-0.13335, 0.92423, -1.47811, 0.18103, 0.94746, -1.41406, 0.07013, 1.02185, -1.55035, 0.04772, 1.02023, -1.58711
-0.13317, 0.92418, -1.47830, 0.18115, 0.94740, -1.41464, 0.07011, 1.02172, -1.55053, 0.04762, 1.02009, -1.58716
-0.13296, 0.92412, -1.47852, 0.18127, 0.94734, -1.41520, 0.07011, 1.02159, -1.55066, 0.04759, 1.01989, -1.58719
-0.13283, 0.92405, -1.47869, 0.18134, 0.94729, -1.41567, 0.07000, 1.02148, -1.55082, 0.04754, 1.01969, -1.58713
-0.13261, 0.92400, -1.47879, 0.18148, 0.94731, -1.41598, 0.06988, 1.02139, -1.55092, 0.04754, 1.01950, -1.58694
-0.13237, 0.92396, -1.47873, 0.18166, 0.94734, -1.41605, 0.06972, 1.02132, -1.55099, 0.04761, 1.01936, -1.58675
-0.13204, 0.92391, -1.47873, 0.18191, 0.94738, -1.41608, 0.06971, 1.02126, -1.55108, 0.04775, 1.01922, -1.58655
-0.13174, 0.92393, -1.47863, 0.18214, 0.94745, -1.41606, 0.06958, 1.02123, -1.55117, 0.04779, 1.01914, -1.58640
-0.13146, 0.92393, -1.47852, 0.18234, 0.94747, -1.41604, 0.06945, 1.02117, -1.55126, 0.04781, 1.01906, -1.58628
-0.13121, 0.92396, -1.47843, 0.18249, 0.94751, -1.41610, 0.06931, 1.02115, -1.55144, 0.04779, 1.01899, -1.58624
-0.13095, 0.92398, -1.47831, 0.18264, 0.94751, -1.41614, 0.06915, 1.02111, -1.55151, 0.04774, 1.01896, -1.58623
-0.13083, 0.92399, -1.47815, 0.18265, 0.94748, -1.41624, 0.06893, 1.02106, -1.55157, 0.04754, 1.01892, -1.58623
-0.13072, 0.92401, -1.47794, 0.18263, 0.94745, -1.41631, 0.06874, 1.02107, -1.55163, 0.04736, 1.01895, -1.58627
-0.13059, 0.92403, -1.47769, 0.18265, 0.94744, -1.41636, 0.06858, 1.02108, -1.55158, 0.04718, 1.01897, -1.58629
-0.13049, 0.92410, -1.47731, 0.18268, 0.94748, -1.41622, 0.06854, 1.02120, -1.55152, 0.04711, 1.01906, -1.58630
-0.13028, 0.92423, -1.47687, 0.18288, 0.94752, -1.41598, 0.06869, 1.02132, -1.55137, 0.04723, 1.01918, -1.58628
-0.13006, 0.92435, -1.47647, 0.18309, 0.94758, -1.41565, 0.06886, 1.02148, -1.55121, 0.04734, 1.01929, -1.58627
-0.12973, 0.92447, -1.47606, 0.18350, 0.94765, -1.41519, 0.06914, 1.02165, -1.55106, 0.04765, 1.01945, -1.58627
-0.12933, 0.92457, -1.47580, 0.18401, 0.94770, -1.41474, 0.06949, 1.02181, -1.55101, 0.04801, 1.01956, -1.58624
-0.12894, 0.92465, -1.47557, 0.18451, 0.94779, -1.41420, 0.06978, 1.02199, -1.55097, 0.04843, 1.01971, -1.58624
-0.12856, 0.92468, -1.47542, 0.18497, 0.94785, -1.41377, 0.07011, 1.02209, -1.55099, 0.04880, 1.01980, -1.58626
-0.12833, 0.92462, -1.47541, 0.18524, 0.94789, -1.41351, 0.07032, 1.02214, -1.55100, 0.04915, 1.01985, -1.58620
-0.12822, 0.92453, -1.47536, 0.18529, 0.94795, -1.41335, 0.07042, 1.02215, -1.55103, 0.04935, 1.01990, -1.58614
-0.12810, 0.92445, -1.47532, 0.18534, 0.94798, -1.41322, 0.07056, 1.02219, -1.55102, 0.04955, 1.01996, -1.58608
-0.12808, 0.92441, -1.47516, 0.18526, 0.94801, -1.41316, 0.07064, 1.02226, -1.55098, 0.04969, 1.01997, -1.58596
-0.12814, 0.92438, -1.47495, 0.18511, 0.94802, -1.41318, 0.07071, 1.02239, -1.55098, 0.04973, 1.02001, -1.58584
-0.12820, 0.92438, -1.47477, 0.18500, 0.94801, -1.41317, 0.07073, 1.02250, -1.55092, 0.04977, 1.02002, -1.58571
-0.12820, 0.92444, -1.47459, 0.18504, 0.94801, -1.41316, 0.07076, 1.02265, -1.55095, 0.04975, 1.02007, -1.58561
-0.12816, 0.92450, -1.47444, 0.18521, 0.94800, -1.41303, 0.07072, 1.02278, -1.55104, 0.04975, 1.02014, -1.58556
-0.12809, 0.92458, -1.47440, 0.18547, 0.94799, -1.41298, 0.07070, 1.02286, -1.55118, 0.04971, 1.02018, -1.58550
-0.12794, 0.92466, -1.47443, 0.18582, 0.94800, -1.41299, 0.07069, 1.02294, -1.55130, 0.04975, 1.02024, -1.58552
-0.12773, 0.92473, -1.47460, 0.18613, 0.94801, -1.41308, 0.07077, 1.02293, -1.55142, 0.04984, 1.02025, -1.58560
-0.12742, 0.92476, -1.47486, 0.18652, 0.94801, -1.41319, 0.07091, 1.02285, -1.55147, 0.04999, 1.02023, -1.58570
-0.12711, 0.92478, -1.47513, 0.18691, 0.94800, -1.41334, 0.07109, 1.02276, -1.55147, 0.05015, 1.02020, -1.58578
-0.12677, 0.92479, -1.47539, 0.18732, 0.94796, -1.41341, 0.07119, 1.02264, -1.55137, 0.05026, 1.02016, -1.58584
-0.12636, 0.92478, -1.47557, 0.18779, 0.94792, -1.41342, 0.07135, 1.02250, -1.55121, 0.05045, 1.02010, -1.58589
-0.12595, 0.92476, -1.47580, 0.18830, 0.94787, -1.41349, 0.07152, 1.02236, -1.55105, 0.05066, 1.02002, -1.58595
-0.12558, 0.92471, -1.47598, 0.18868, 0.94782, -1.41368, 0.07162, 1.02219, -1.55093, 0.05080, 1.01995, -1.58603
-0.12539, 0.92467, -1.47611, 0.18892, 0.94778, -1.41404, 0.07160, 1.02208, -1.55096, 0.05084, 1.01987, -1.58602
-0.12517, 0.92462, -1.47635, 0.18917, 0.94773, -1.41451, 0.07170, 1.02192, -1.55101, 0.05097, 1.01976, -1.58608
-0.12510, 0.92459, -1.47651, 0.18921, 0.94768, -1.41498, 0.07178, 1.02183, -1.55117, 0.05102, 1.01970, -1.58610
-0.12508, 0.92462, -1.47674, 0.18915, 0.94764, -1.41553, 0.07211, 1.02179, -1.55139, 0.05112, 1.01964, -1.58619
-0.12511, 0.92472, -1.47693, 0.18904, 0.94761, -1.41598, 0.07250, 1.02182, -1.55166, 0.05123, 1.01962, -1.58629
-0.12510, 0.92478, -1.47708, 0.18893, 0.94759, -1.41635, 0.07283, 1.02185, -1.55191, 0.05133, 1.01961, -1.58634
-0.12507, 0.92487, -1.47713, 0.18894, 0.94758, -1.41645, 0.07298, 1.02188, -1.55214, 0.05139, 1.01958, -1.58633
-0.12495, 0.92491, -1.47705, 0.18904, 0.94759, -1.41632, 0.07301, 1.02187, -1.55226, 0.05141, 1.01952, -1.58628
-0.12479, 0.92495, -1.47697, 0.18918, 0.94759, -1.41613, 0.07294, 1.02184, -1.55235, 0.05146, 1.01949, -1.58619
-0.12460, 0.92493, -1.47679, 0.18921, 0.94765, -1.41597, 0.07272, 1.02179, -1.55237, 0.05143, 1.01945, -1.58608
-0.12444, 0.92487, -1.47654, 0.18912, 0.94774, -1.41589, 0.07231, 1.02169, -1.55227, 0.05130, 1.01933, -1.58594
-0.12422, 0.92481, -1.47630, 0.18904, 0.94785, -1.41586, 0.07195, 1.02163, -1.55213, 0.05121, 1.01927, -1.58585
-0.12412, 0.92476, -1.47604, 0.18883, 0.94794, -1.41585, 0.07157, 1.02161, -1.55200, 0.05108, 1.01923, -1.58576
-0.12401, 0.92476, -1.47582, 0.18870, 0.94801, -1.41591, 0.07152, 1.02168, -1.55191, 0.05101, 1.01926, -1.58573
-0.12397, 0.92481, -1.47566, 0.18852, 0.94804, -1.41599, 0.07159, 1.02182, -1.55183, 0.05102, 1.01933, -1.58576
-0.12396, 0.92491, -1.47550, 0.18842, 0.94804, -1.41607, 0.07176, 1.02199, -1.55182, 0.05107, 1.01942, -1.58582
-0.12401, 0.92504, -1.47546, 0.18856, 0.94795, -1.41613, 0.07221, 1.02217, -1.55192, 0.05124, 1.01953, -1.58596
-0.12407, 0.92519, -1.47553, 0.18884, 0.94785, -1.41616, 0.07278, 1.02235, -1.55205, 0.05153, 1.01964, -1.58616
-0.12411, 0.92535, -1.47551, 0.18920, 0.94776, -1.41609, 0.07340, 1.02256, -1.55219, 0.05189, 1.01976, -1.58634
-0.12417, 0.92546, -1.47553, 0.18950, 0.94771, -1.41598, 0.07379, 1.02265, -1.55231, 0.05217, 1.01985, -1.58645
-0.12421, 0.92550, -1.47547, 0.18963, 0.94773, -1.41585, 0.07395, 1.02268, -1.55238, 0.05233, 1.01986, -1.58646
-0.12418, 0.92551, -1.47535, 0.18971, 0.94783, -1.41560, 0.07393, 1.02270, -1.55242, 0.05248, 1.01988, -1.58639
-0.12419, 0.92547, -1.47513, 0.18961, 0.94795, -1.41536, 0.07363, 1.02267, -1.55242, 0.05253, 1.01983, -1.58622
-0.12411, 0.92534, -1.47478, 0.18929, 0.94810, -1.41516, 0.07297, 1.02261, -1.55240, 0.05236, 1.01975, -1.58590
-0.12408, 0.92521, -1.47433, 0.18879, 0.94829, -1.41496, 0.07211, 1.02259, -1.55234, 0.05213, 1.01966, -1.58556
-0.12416, 0.92507, -1.47395, 0.18826, 0.94843, -1.41485, 0.07131, 1.02258, -1.55231, 0.05183, 1.01955, -1.58520
-0.12444, 0.92498, -1.47372, 0.18777, 0.94848, -1.41493, 0.07084, 1.02262, -1.55229, 0.05154, 1.01947, -1.58492
-0.12481, 0.92490, -1.47362, 0.18743, 0.94842, -1.41510, 0.07077, 1.02274, -1.55227, 0.05130, 1.01943, -1.58474
-0.12533, 0.92484, -1.47360, 0.18707, 0.94831, -1.41532, 0.07083, 1.02288, -1.55226, 0.05102, 1.01938, -1.58459
-0.12567, 0.92486, -1.47380, 0.18704, 0.94813, -1.41561, 0.07130, 1.02300, -1.55226, 0.05098, 1.01935, -1.58455
-0.12600, 0.92492, -1.47414, 0.18713, 0.94791, -1.41591, 0.07194, 1.02317, -1.55231, 0.05103, 1.01937, -1.58465
-0.12623, 0.92498, -1.47453, 0.18732, 0.94770, -1.41617, 0.07268, 1.02331, -1.55233, 0.05115, 1.01938, -1.58474
-0.12633, 0.92506, -1.47494, 0.18762, 0.94749, -1.41637, 0.07328, 1.02337, -1.55236, 0.05136, 1.01937, -1.58490
-0.12619, 0.92510, -1.47521, 0.18806, 0.94737, -1.41642, 0.07363, 1.02332, -1.55234, 0.05160, 1.01934, -1.58494
-0.12591, 0.92510, -1.47545, 0.18844, 0.94732, -1.41641, 0.07372, 1.02318, -1.55227, 0.05182, 1.01929, -1.58498
-0.12557, 0.92512, -1.47559, 0.18878, 0.94737, -1.41636, 0.07365, 1.02303, -1.55223, 0.05199, 1.01926, -1.58498
-0.12524, 0.92511, -1.47557, 0.18884, 0.94755, -1.41637, 0.07340, 1.02288, -1.55222, 0.05204, 1.01922, -1.58494
-0.12486, 0.92514, -1.47538, 0.18876, 0.94782, -1.41628, 0.07309, 1.02278, -1.55217, 0.05207, 1.01925, -1.58483
-0.12454, 0.92513, -1.47527, 0.18863, 0.94813, -1.41631, 0.07282, 1.02268, -1.55219, 0.05207, 1.01926, -1.58474
-0.12439, 0.92513, -1.47526, 0.18845, 0.94832, -1.41647, 0.07269, 1.02264, -1.55232, 0.05203, 1.01926, -1.58473
-0.12437, 0.92516, -1.47539, 0.18836, 0.94838, -1.41672, 0.07287, 1.02271, -1.55252, 0.05206, 1.01926, -1.58485
-0.12453, 0.92516, -1.47566, 0.18825, 0.94835, -1.41711, 0.07309, 1.02277, -1.55281, 0.05201, 1.01927, -1.58495
-0.12470, 0.92520, -1.47590, 0.18830, 0.94823, -1.41745, 0.07347, 1.02289, -1.55308, 0.05207, 1.01926, -1.58508
-0.12490, 0.92520, -1.47627, 0.18854, 0.94797, -1.41786, 0.07394, 1.02293, -1.55329, 0.05214, 1.01917, -1.58518
-0.12506, 0.92520, -1.47664, 0.18893, 0.94768, -1.41823, 0.07448, 1.02294, -1.55347, 0.05230, 1.01907, -1.58527
-0.12520, 0.92518, -1.47696, 0.18916, 0.94743, -1.41850, 0.07485, 1.02292, -1.55359, 0.05246, 1.01893, -1.58531
-0.12526, 0.92515, -1.47712, 0.18914, 0.94737, -1.41863, 0.07498, 1.02278, -1.55365, 0.05265, 1.01877, -1.58520
-0.12522, 0.92511, -1.47711, 0.18888, 0.94745, -1.41855, 0.07489, 1.02255, -1.55360, 0.05280, 1.01861, -1.58505
-0.12510, 0.92507, -1.47716, 0.18859, 0.94760, -1.41844, 0.07480, 1.02231, -1.55354, 0.05305, 1.01843, -1.58487
-0.12504, 0.92508, -1.47706, 0.18829, 0.94775, -1.41820, 0.07459, 1.02216, -1.55350, 0.05325, 1.01835, -1.58476
-0.12505, 0.92511, -1.47698, 0.18806, 0.94787, -1.41793, 0.07439, 1.02203, -1.55349, 0.05340, 1.01833, -1.58476
-0.12497, 0.92517, -1.47682, 0.18798, 0.94800, -1.41759, 0.07436, 1.02203, -1.55346, 0.05363, 1.01838, -1.58480
-0.12489, 0.92525, -1.47667, 0.18799, 0.94806, -1.41736, 0.07438, 1.02209, -1.55350, 0.05379, 1.01851, -1.58493
-0.12476, 0.92538, -1.47652, 0.18819, 0.94804, -1.41733, 0.07460, 1.02229, -1.55363, 0.05391, 1.01868, -1.58515
-0.12451, 0.92554, -1.47637, 0.18855, 0.94796, -1.41733, 0.07507, 1.02258, -1.55376, 0.05413, 1.01897, -1.58541
-0.12439, 0.92571, -1.47623, 0.18885, 0.94788, -1.41743, 0.07547, 1.02286, -1.55389, 0.05424, 1.01923, -1.58562
-0.12431, 0.92579, -1.47624, 0.18903, 0.94782, -1.41754, 0.07603, 1.02298, -1.55399, 0.05446, 1.01938, -1.58576
-0.12435, 0.92585, -1.47627, 0.18907, 0.94780, -1.41767, 0.07645, 1.02303, -1.55397, 0.05463, 1.01949, -1.58583
-0.12441, 0.92592, -1.47622, 0.18898, 0.94780, -1.41769, 0.07686, 1.02307, -1.55399, 0.05484, 1.01958, -1.58579
-0.12449, 0.92592, -1.47618, 0.18886, 0.94784, -1.41763, 0.07709, 1.02304, -1.55397, 0.05511, 1.01957, -1.58566
-0.12468, 0.92589, -1.47598, 0.18855, 0.94796, -1.41738, 0.07700, 1.02303, -1.55395, 0.05531, 1.01952, -1.58534
-0.12493, 0.92587, -1.47572, 0.18812, 0.94813, -1.41701, 0.07679, 1.02306, -1.55393, 0.05549, 1.01945, -1.58497
-0.12510, 0.92582, -1.47539, 0.18774, 0.94828, -1.41664, 0.07653, 1.02308, -1.55389, 0.05564, 1.01937, -1.58459
-0.12523, 0.92580, -1.47496, 0.18739, 0.94845, -1.41620, 0.07629, 1.02318, -1.55387, 0.05574, 1.01937, -1.58423
-0.12538, 0.92578, -1.47452, 0.18700, 0.94860, -1.41574, 0.07599, 1.02330, -1.55383, 0.05574, 1.01941, -1.58398
-0.12557, 0.92575, -1.47409, 0.18673, 0.94869, -1.41535, 0.07582, 1.02343, -1.55378, 0.05573, 1.01947, -1.58369
-0.12574, 0.92576, -1.47378, 0.18663, 0.94867, -1.41504, 0.07599, 1.02355, -1.55372, 0.05570, 1.01958, -1.58360
-0.12602, 0.92577, -1.47363, 0.18662, 0.94856, -1.41492, 0.07628, 1.02364, -1.55365, 0.05561, 1.01971, -1.58359
-0.12623, 0.92581, -1.47349, 0.18669, 0.94841, -1.41480, 0.07669, 1.02376, -1.55361, 0.05555, 1.01987, -1.58363
-0.12643, 0.92584, -1.47355, 0.18682, 0.94827, -1.41482, 0.07705, 1.02385, -1.55356, 0.05552, 1.02001, -1.58371
-0.12657, 0.92591, -1.47360, 0.18693, 0.94819, -1.41490, 0.07736, 1.02397, -1.55359, 0.05550, 1.02015, -1.58379
-0.12669, 0.92598, -1.47374, 0.18705, 0.94815, -1.41498, 0.07757, 1.02404, -1.55363, 0.05554, 1.02025, -1.58383
-0.12671, 0.92605, -1.47386, 0.18717, 0.94815, -1.41503, 0.07770, 1.02413, -1.55369, 0.05563, 1.02033, -1.58386
-0.12668, 0.92613, -1.47399, 0.18724, 0.94822, -1.41496, 0.07769, 1.02412, -1.55370, 0.05574, 1.02038, -1.58381
-0.12654, 0.92618, -1.47408, 0.18739, 0.94833, -1.41484, 0.07765, 1.02408, -1.55374, 0.05598, 1.02038, -1.58374
-0.12642, 0.92619, -1.47422, 0.18746, 0.94844, -1.41473, 0.07763, 1.02400, -1.55375, 0.05619, 1.02035, -1.58359
-0.12626, 0.92621, -1.47433, 0.18749, 0.94849, -1.41468, 0.07779, 1.02390, -1.55373, 0.05645, 1.02031, -1.58349
-0.12616, 0.92617, -1.47451, 0.18748, 0.94849, -1.41470, 0.07803, 1.02378, -1.55378, 0.05668, 1.02021, -1.58338
-0.12613, 0.92612, -1.47458, 0.18742, 0.94848, -1.41479, 0.07831, 1.02368, -1.55379, 0.05682, 1.02013, -1.58325
-0.12613, 0.92613, -1.47468, 0.18734, 0.94840, -1.41494, 0.07863, 1.02362, -1.55388, 0.05697, 1.02005, -1.58317
-0.12631, 0.92610, -1.47479, 0.18718, 0.94831, -1.41525, 0.07885, 1.02358, -1.55406, 0.05698, 1.01996, -1.58309
-0.12647, 0.92610, -1.47489, 0.18705, 0.94817, -1.41553, 0.07909, 1.02357, -1.55419, 0.05699, 1.01989, -1.58303
-0.12671, 0.92612, -1.47500, 0.18689, 0.94806, -1.41589, 0.07924, 1.02354, -1.55440, 0.05698, 1.01981, -1.58300
-0.12700, 0.92613, -1.47506, 0.18671, 0.94795, -1.41618, 0.07925, 1.02347, -1.55461, 0.05697, 1.01971, -1.58297
-0.12724, 0.92615, -1.47515, 0.18658, 0.94786, -1.41645, 0.07918, 1.02341, -1.55479, 0.05697, 1.01963, -1.58296
-0.12749, 0.92620, -1.47517, 0.18641, 0.94780, -1.41661, 0.07912, 1.02333, -1.55493, 0.05697, 1.01955, -1.58290
-0.12759, 0.92624, -1.47512, 0.18630, 0.94782, -1.41663, 0.07906, 1.02327, -1.55501, 0.05703, 1.01953, -1.58285
-0.12761, 0.92629, -1.47501, 0.18624, 0.94786, -1.41650, 0.07904, 1.02321, -1.55500, 0.05715, 1.01953, -1.58276
-0.12751, 0.92635, -1.47493, 0.18627, 0.94793, -1.41633, 0.07913, 1.02320, -1.55495, 0.05732, 1.01958, -1.58277
-0.12743, 0.92646, -1.47486, 0.18630, 0.94801, -1.41614, 0.07928, 1.02323, -1.55495, 0.05751, 1.01967, -1.58279
-0.12729, 0.92656, -1.47492, 0.18646, 0.94807, -1.41595, 0.07969, 1.02332, -1.55497, 0.05778, 1.01980, -1.58289
-0.12712, 0.92669, -1.47502, 0.18662, 0.94811, -1.41574, 0.08018, 1.02344, -1.55502, 0.05812, 1.01995, -1.58309
-0.12706, 0.92678, -1.47516, 0.18662, 0.94811, -1.41567, 0.08060, 1.02353, -1.55509, 0.05842, 1.02006, -1.58326
-0.12703, 0.92684, -1.47533, 0.18657, 0.94809, -1.41565, 0.08107, 1.02364, -1.55518, 0.05892, 1.02012, -1.58349
-0.12709, 0.92686, -1.47551, 0.18638, 0.94801, -1.41570, 0.08152, 1.02369, -1.55523, 0.05936, 1.02014, -1.58366
-0.12715, 0.92691, -1.47555, 0.18623, 0.94796, -1.41570, 0.08191, 1.02375, -1.55531, 0.05979, 1.02016, -1.58381
-0.12736, 0.92697, -1.47544, 0.18601, 0.94789, -1.41566, 0.08217, 1.02379, -1.55534, 0.06005, 1.02013, -1.58374
-0.12764, 0.92704, -1.47516, 0.18578, 0.94782, -1.41561, 0.08228, 1.02383, -1.55536, 0.06017, 1.02011, -1.58358
-0.12793, 0.92712, -1.47490, 0.18560, 0.94777, -1.41553, 0.08235, 1.02386, -1.55533, 0.06025, 1.02009, -1.58340
-0.12826, 0.92717, -1.47464, 0.18542, 0.94771, -1.41546, 0.08240, 1.02386, -1.55532, 0.06028, 1.02006, -1.58314
-0.12869, 0.92717, -1.47453, 0.18522, 0.94767, -1.41541, 0.08239, 1.02380, -1.55536, 0.06020, 1.02000, -1.58291
-0.12901, 0.92715, -1.47444, 0.18502, 0.94762, -1.41532, 0.08240, 1.02377, -1.55537, 0.06018, 1.01998, -1.58268
-0.12941, 0.92710, -1.47437, 0.18476, 0.94761, -1.41525, 0.08236, 1.02371, -1.55545, 0.06016, 1.01993, -1.58250
-0.12964, 0.92706, -1.47428, 0.18447, 0.94766, -1.41506, 0.08240, 1.02370, -1.55547, 0.06030, 1.01996, -1.58241
-0.12986, 0.92698, -1.47415, 0.18412, 0.94772, -1.41491, 0.08239, 1.02367, -1.55551, 0.06041, 1.01997, -1.58234
-0.13006, 0.92693, -1.47399, 0.18374, 0.94780, -1.41466, 0.08242, 1.02372, -1.55553, 0.06058, 1.02002, -1.58230
-0.13028, 0.92692, -1.47385, 0.18338, 0.94785, -1.41454, 0.08241, 1.02382, -1.55556, 0.06064, 1.02012, -1.58232
-0.13057, 0.92691, -1.47369, 0.18295, 0.94788, -1.41444, 0.08240, 1.02396, -1.55561, 0.06060, 1.02022, -1.58235
-0.13088, 0.92693, -1.47358, 0.18255, 0.94789, -1.41438, 0.08234, 1.02411, -1.55566, 0.06058, 1.02032, -1.58237
-0.13121, 0.92694, -1.47353, 0.18227, 0.94784, -1.41435, 0.08235, 1.02421, -1.55570, 0.06055, 1.02038, -1.58235
-0.13153, 0.92695, -1.47352, 0.18209, 0.94775, -1.41434, 0.08249, 1.02430, -1.55575, 0.06057, 1.02044, -1.58233
-0.13178, 0.92698, -1.47357, 0.18201, 0.94761, -1.41429, 0.08271, 1.02432, -1.55580, 0.06066, 1.02048, -1.58228
-0.13207, 0.92702, -1.47370, 0.18197, 0.94750, -1.41429, 0.08295, 1.02431, -1.55581, 0.06076, 1.02045, -1.58218
-0.13226, 0.92707, -1.47379, 0.18200, 0.94743, -1.41417, 0.08338, 1.02427, -1.55579, 0.06103, 1.02044, -1.58206
-0.13238, 0.92714, -1.47391, 0.18215, 0.94740, -1.41404, 0.08394, 1.02423, -1.55574, 0.06135, 1.02042, -1.58194
-0.13253, 0.92720, -1.47404, 0.18218, 0.94740, -1.41398, 0.08441, 1.02413, -1.55571, 0.06165, 1.02034, -1.58182
-0.13272, 0.92722, -1.47417, 0.18204, 0.94744, -1.41399, 0.08468, 1.02401, -1.55572, 0.06189, 1.02024, -1.58166
-0.13289, 0.92718, -1.47431, 0.18180, 0.94753, -1.41413, 0.08485, 1.02386, -1.55569, 0.06209, 1.02010, -1.58153
-0.13312, 0.92713, -1.47442, 0.18148, 0.94760, -1.41430, 0.08486, 1.02370, -1.55574, 0.06220, 1.01995, -1.58141
-0.13332, 0.92704, -1.47452, 0.18113, 0.94765, -1.41451, 0.08484, 1.02351, -1.55578, 0.06230, 1.01981, -1.58127
-0.13358, 0.92695, -1.47459, 0.18077, 0.94760, -1.41484, 0.08472, 1.02334, -1.55589, 0.06236, 1.01967, -1.58113
-0.13376, 0.92684, -1.47470, 0.18044, 0.94752, -1.41516, 0.08468, 1.02317, -1.55597, 0.06245, 1.01954, -1.58103
-0.13394, 0.92675, -1.47481, 0.18018, 0.94740, -1.41541, 0.08465, 1.02302, -1.55612, 0.06249, 1.01946, -1.58096
-0.13404, 0.92667, -1.47503, 0.18014, 0.94721, -1.41568, 0.08488, 1.02288, -1.55629, 0.06260, 1.01939, -1.58099
-0.13411, 0.92664, -1.47528, 0.18016, 0.94703, -1.41583, 0.08513, 1.02282, -1.55652, 0.06269, 1.01938, -1.58106
-0.13413, 0.92662, -1.47554, 0.18025, 0.94684, -1.41593, 0.08550, 1.02275, -1.55667, 0.06284, 1.01937, -1.58117
-0.13403, 0.92669, -1.47576, 0.18046, 0.94671, -1.41591, 0.08588, 1.02271, -1.55675, 0.06312, 1.01939, -1.58129
-0.13396, 0.92678, -1.47591, 0.18062, 0.94663, -1.41579, 0.08622, 1.02267, -1.55680, 0.06342, 1.01946, -1.58139
-0.13381, 0.92688, -1.47609, 0.18078, 0.94660, -1.41565, 0.08657, 1.02261, -1.55682, 0.06380, 1.01950, -1.58149
-0.13368, 0.92696, -1.47625, 0.18091, 0.94663, -1.41547, 0.08690, 1.02257, -1.55678, 0.06422, 1.01957, -1.58153
-0.13353, 0.92698, -1.47641, 0.18086, 0.94675, -1.41535, 0.08717, 1.02250, -1.55665, 0.06465, 1.01959, -1.58156
-0.13348, 0.92696, -1.47655, 0.18068, 0.94686, -1.41529, 0.08732, 1.02241, -1.55657, 0.06495, 1.01956, -1.58152
-0.13346, 0.92694, -1.47669, 0.18054, 0.94699, -1.41521, 0.08755, 1.02236, -1.55650, 0.06534, 1.01958, -1.58150
-0.13358, 0.92692, -1.47677, 0.18032, 0.94710, -1.41524, 0.08780, 1.02240, -1.55653, 0.06555, 1.01963, -1.58147
-0.13376, 0.92686, -1.47685, 0.18006, 0.94713, -1.41530, 0.08804, 1.02246, -1.55660, 0.06571, 1.01969, -1.58138
-0.13400, 0.92683, -1.47687, 0.17984, 0.94714, -1.41534, 0.08836, 1.02255, -1.55667, 0.06587, 1.01976, -1.58132
-0.13426, 0.92686, -1.47673, 0.17973, 0.94706, -1.41526, 0.08880, 1.02268, -1.55676, 0.06609, 1.01988, -1.58124
-0.13454, 0.92690, -1.47659, 0.17967, 0.94693, -1.41515, 0.08927, 1.02282, -1.55684, 0.06628, 1.01999, -1.58116
-0.13480, 0.92698, -1.47643, 0.17968, 0.94679, -1.41495, 0.08976, 1.02300, -1.55690, 0.06656, 1.02014, -1.58110
-0.13508, 0.92703, -1.47621, 0.17952, 0.94672, -1.41474, 0.09006, 1.02311, -1.55697, 0.06669, 1.02026, -1.58099
-0.13528, 0.92704, -1.47612, 0.17929, 0.94671, -1.41455, 0.09014, 1.02315, -1.55700, 0.06685, 1.02030, -1.58091
-0.13552, 0.92704, -1.47595, 0.17895, 0.94679, -1.41433, 0.09005, 1.02323, -1.55701, 0.06692, 1.02039, -1.58079
-0.13573, 0.92701, -1.47571, 0.17857, 0.94694, -1.41396, 0.08982, 1.02329, -1.55702, 0.06699, 1.02048, -1.58069
-0.13599, 0.92701, -1.47525, 0.17804, 0.94725, -1.41331, 0.08940, 1.02341, -1.55701, 0.06699, 1.02061, -1.58053
-0.13637, 0.92699, -1.47470, 0.17738, 0.94761, -1.41263, 0.08873, 1.02355, -1.55698, 0.06688, 1.02079, -1.58034
-0.13667, 0.92698, -1.47417, 0.17688, 0.94794, -1.41191, 0.08831, 1.02369, -1.55693, 0.06686, 1.02099, -1.58019
-0.13703, 0.92694, -1.47378, 0.17650, 0.94814, -1.41139, 0.08801, 1.02382, -1.55691, 0.06681, 1.02121, -1.58001
-0.13742, 0.92691, -1.47350, 0.17620, 0.94825, -1.41105, 0.08793, 1.02399, -1.55693, 0.06674, 1.02143, -1.57987
-0.13780, 0.92686, -1.47338, 0.17599, 0.94825, -1.41091, 0.08796, 1.02409, -1.55691, 0.06666, 1.02160, -1.57971
-0.13818, 0.92681, -1.47331, 0.17585, 0.94820, -1.41085, 0.08809, 1.02426, -1.55697, 0.06665, 1.02174, -1.57961
-0.13853, 0.92676, -1.47347, 0.17573, 0.94809, -1.41107, 0.08827, 1.02439, -1.55707, 0.06658, 1.02182, -1.57956
-0.13881, 0.92670, -1.47368, 0.17568, 0.94796, -1.41128, 0.08857, 1.02453, -1.55721, 0.06658, 1.02191, -1.57952
-0.13910, 0.92661, -1.47395, 0.17558, 0.94788, -1.41148, 0.08878, 1.02462, -1.55736, 0.06658, 1.02190, -1.57946
-0.13925, 0.92653, -1.47415, 0.17545, 0.94790, -1.41145, 0.08896, 1.02463, -1.55746, 0.06674, 1.02189, -1.57935
-0.13930, 0.92643, -1.47438, 0.17538, 0.94794, -1.41134, 0.08921, 1.02460, -1.55751, 0.06697, 1.02182, -1.57927
-0.13936, 0.92635, -1.47459, 0.17530, 0.94807, -1.41117, 0.08935, 1.02453, -1.55754, 0.06719, 1.02176, -1.57913
-0.13938, 0.92627, -1.47483, 0.17524, 0.94819, -1.41109, 0.08948, 1.02441, -1.55758, 0.06739, 1.02171, -1.57903
-0.13934, 0.92621, -1.47506, 0.17516, 0.94835, -1.41112, 0.08953, 1.02423, -1.55765, 0.06752, 1.02162, -1.57896
-0.13933, 0.92613, -1.47535, 0.17510, 0.94850, -1.41119, 0.08956, 1.02405, -1.55770, 0.06761, 1.02157, -1.57887
-0.13931, 0.92605, -1.47568, 0.17513, 0.94860, -1.41131, 0.08964, 1.02393, -1.55779, 0.06769, 1.02154, -1.57889
-0.13921, 0.92598, -1.47602, 0.17526, 0.94864, -1.41142, 0.08981, 1.02387, -1.55795, 0.06772, 1.02158, -1.57904
-0.13924, 0.92586, -1.47642, 0.17533, 0.94859, -1.41162, 0.08991, 1.02382, -1.55809, 0.06770, 1.02161, -1.57919
-0.13918, 0.92576, -1.47688, 0.17550, 0.94848, -1.41189, 0.09012, 1.02377, -1.55825, 0.06773, 1.02163, -1.57942
-0.13910, 0.92560, -1.47731, 0.17577, 0.94830, -1.41215, 0.09043, 1.02368, -1.55830, 0.06782, 1.02168, -1.57964
-0.13905, 0.92548, -1.47775, 0.17602, 0.94809, -1.41248, 0.09076, 1.02360, -1.55836, 0.06792, 1.02168, -1.57986
-0.13890, 0.92534, -1.47820, 0.17627, 0.94789, -1.41275, 0.09111, 1.02348, -1.55839, 0.06815, 1.02169, -1.58008
-0.13868, 0.92522, -1.47851, 0.17649, 0.94780, -1.41291, 0.09140, 1.02331, -1.55830, 0.06848, 1.02164, -1.58017
-0.13843, 0.92514, -1.47871, 0.17664, 0.94784, -1.41295, 0.09154, 1.02313, -1.55821, 0.06884, 1.02159, -1.58021
-0.13813, 0.92504, -1.47893, 0.17676, 0.94792, -1.41295, 0.09176, 1.02293, -1.55809, 0.06931, 1.02150, -1.58023
-0.13782, 0.92497, -1.47915, 0.17685, 0.94804, -1.41287, 0.09199, 1.02275, -1.55803, 0.06971, 1.02140, -1.58023
-0.13747, 0.92492, -1.47931, 0.17697, 0.94824, -1.41258, 0.09232, 1.02265, -1.55799, 0.07022, 1.02137, -1.58018
-0.13711, 0.92492, -1.47945, 0.17707, 0.94841, -1.41226, 0.09270, 1.02259, -1.55798, 0.07072, 1.02137, -1.58014
-0.13677, 0.92496, -1.47952, 0.17717, 0.94857, -1.41188, 0.09315, 1.02262, -1.55796, 0.07124, 1.02145, -1.58009
-0.13664, 0.92505, -1.47953, 0.17727, 0.94864, -1.41158, 0.09363, 1.02278, -1.55802, 0.07158, 1.02159, -1.58016
-0.13657, 0.92519, -1.47946, 0.17736, 0.94864, -1.41128, 0.09413, 1.02300, -1.55807, 0.07187, 1.02180, -1.58023
-0.13657, 0.92534, -1.47936, 0.17748, 0.94864, -1.41101, 0.09458, 1.02326, -1.55810, 0.07214, 1.02203, -1.58032
-0.13658, 0.92542, -1.47924, 0.17765, 0.94856, -1.41075, 0.09483, 1.02342, -1.55807, 0.07238, 1.02225, -1.58045
-0.13667, 0.92549, -1.47901, 0.17781, 0.94847, -1.41049, 0.09497, 1.02358, -1.55799, 0.07256, 1.02248, -1.58057
-0.13679, 0.92551, -1.47882, 0.17794, 0.94839, -1.41028, 0.09498, 1.02365, -1.55790, 0.07266, 1.02267, -1.58063
-0.13683, 0.92549, -1.47855, 0.17805, 0.94837, -1.40992, 0.09488, 1.02369, -1.55775, 0.07279, 1.02285, -1.58065
-0.13694, 0.92544, -1.47821, 0.17794, 0.94844, -1.40954, 0.09453, 1.02367, -1.55760, 0.07281, 1.02297, -1.58058
-0.13702, 0.92537, -1.47797, 0.17783, 0.94853, -1.40916, 0.09418, 1.02360, -1.55737, 0.07284, 1.02305, -1.58045
-0.13711, 0.92531, -1.47765, 0.17762, 0.94867, -1.40879, 0.09385, 1.02354, -1.55722, 0.07283, 1.02311, -1.58027
-0.13725, 0.92525, -1.47737, 0.17732, 0.94883, -1.40851, 0.09355, 1.02347, -1.55709, 0.07283, 1.02314, -1.58004
-0.13738, 0.92523, -1.47705, 0.17697, 0.94901, -1.40827, 0.09327, 1.02348, -1.55698, 0.07281, 1.02319, -1.57983
-0.13762, 0.92519, -1.47681, 0.17653, 0.94915, -1.40810, 0.09304, 1.02350, -1.55695, 0.07277, 1.02320, -1.57956
-0.13785, 0.92519, -1.47655, 0.17621, 0.94922, -1.40793, 0.09296, 1.02364, -1.55690, 0.07274, 1.02329, -1.57937
-0.13813, 0.92520, -1.47626, 0.17589, 0.94921, -1.40782, 0.09298, 1.02381, -1.55695, 0.07268, 1.02340, -1.57916
-0.13840, 0.92522, -1.47606, 0.17567, 0.94918, -1.40771, 0.09311, 1.02403, -1.55697, 0.07268, 1.02351, -1.57903
-0.13869, 0.92523, -1.47589, 0.17543, 0.94913, -1.40767, 0.09320, 1.02425, -1.55702, 0.07264, 1.02366, -1.57893
-0.13895, 0.92524, -1.47587, 0.17532, 0.94905, -1.40765, 0.09340, 1.02443, -1.55707, 0.07265, 1.02376, -1.57883
-0.13916, 0.92524, -1.47595, 0.17532, 0.94897, -1.40773, 0.09364, 1.02455, -1.55710, 0.07273, 1.02383, -1.57880
-0.13925, 0.92520, -1.47610, 0.17544, 0.94889, -1.40775, 0.09389, 1.02459, -1.55709, 0.07279, 1.02386, -1.57877
-0.13926, 0.92516, -1.47645, 0.17561, 0.94886, -1.40780, 0.09405, 1.02446, -1.55700, 0.07288, 1.02384, -1.57876
-0.13921, 0.92509, -1.47686, 0.17590, 0.94885, -1.40786, 0.09424, 1.02426, -1.55695, 0.07298, 1.02379, -1.57875
-0.13909, 0.92502, -1.47728, 0.17615, 0.94884, -1.40793, 0.09442, 1.02405, -1.55684, 0.07304, 1.02372, -1.57879
-0.13887, 0.92495, -1.47761, 0.17649, 0.94885, -1.40786, 0.09466, 1.02388, -1.55670, 0.07314, 1.02368, -1.57888
-0.13858, 0.92490, -1.47790, 0.17681, 0.94887, -1.40773, 0.09495, 1.02375, -1.55657, 0.07323, 1.02371, -1.57903
-0.13825, 0.92486, -1.47817, 0.17716, 0.94887, -1.40759, 0.09527, 1.02366, -1.55641, 0.07336, 1.02375, -1.57923
-0.13796, 0.92481, -1.47840, 0.17744, 0.94885, -1.40758, 0.09551, 1.02357, -1.55628, 0.07347, 1.02378, -1.57941
-0.13772, 0.92478, -1.47869, 0.17767, 0.94879, -1.40776, 0.09572, 1.02350, -1.55624, 0.07357, 1.02377, -1.57964
-0.13753, 0.92471, -1.47898, 0.17780, 0.94871, -1.40799, 0.09590, 1.02346, -1.55624, 0.07367, 1.02375, -1.57988
-0.13741, 0.92465, -1.47927, 0.17787, 0.94860, -1.40826, 0.09600, 1.02337, -1.55627, 0.07371, 1.02372, -1.58005
-0.13734, 0.92456, -1.47952, 0.17792, 0.94845, -1.40863, 0.09611, 1.02325, -1.55629, 0.07383, 1.02365, -1.58016
-0.13736, 0.92449, -1.47975, 0.17780, 0.94831, -1.40893, 0.09616, 1.02314, -1.55639, 0.07389, 1.02358, -1.58024
-0.13732, 0.92442, -1.48000, 0.17778, 0.94820, -1.40921, 0.09627, 1.02303, -1.55644, 0.07407, 1.02348, -1.58025
-0.13726, 0.92442, -1.48025, 0.17790, 0.94814, -1.40934, 0.09651, 1.02294, -1.55652, 0.07435, 1.02339, -1.58029
-0.13723, 0.92448, -1.48040, 0.17803, 0.94816, -1.40932, 0.09676, 1.02293, -1.55652, 0.07470, 1.02337, -1.58035
-0.13711, 0.92456, -1.48058, 0.17824, 0.94821, -1.40923, 0.09709, 1.02291, -1.55646, 0.07516, 1.02334, -1.58034
-0.13694, 0.92466, -1.48077, 0.17854, 0.94830, -1.40903, 0.09752, 1.02290, -1.55643, 0.07563, 1.02335, -1.58043
-0.13674, 0.92477, -1.48096, 0.17880, 0.94841, -1.40880, 0.09790, 1.02289, -1.55638, 0.07605, 1.02336, -1.58046
-0.13654, 0.92491, -1.48111, 0.17909, 0.94855, -1.40851, 0.09828, 1.02290, -1.55634, 0.07645, 1.02344, -1.58052
-0.13639, 0.92499, -1.48123, 0.17928, 0.94864, -1.40819, 0.09859, 1.02293, -1.55630, 0.07677, 1.02353, -1.58060
-0.13631, 0.92506, -1.48120, 0.17937, 0.94871, -1.40792, 0.09878, 1.02301, -1.55628, 0.07700, 1.02368, -1.58072
-0.13628, 0.92514, -1.48108, 0.17944, 0.94876, -1.40754, 0.09894, 1.02314, -1.55625, 0.07718, 1.02391, -1.58088
-0.13630, 0.92517, -1.48093, 0.17938, 0.94878, -1.40727, 0.09900, 1.02329, -1.55627, 0.07729, 1.02410, -1.58097
-0.13632, 0.92522, -1.48062, 0.17945, 0.94880, -1.40696, 0.09902, 1.02349, -1.55619, 0.07740, 1.02435, -1.58110
-0.13642, 0.92522, -1.48023, 0.17931, 0.94880, -1.40671, 0.09895, 1.02373, -1.55612, 0.07745, 1.02456, -1.58119
-0.13646, 0.92523, -1.47987, 0.17929, 0.94879, -1.40647, 0.09891, 1.02395, -1.55605, 0.07757, 1.02476, -1.58126
-0.13657, 0.92524, -1.47946, 0.17916, 0.94882, -1.40624, 0.09884, 1.02419, -1.55600, 0.07766, 1.02495, -1.58124
-0.13665, 0.92521, -1.47912, 0.17894, 0.94887, -1.40604, 0.09875, 1.02440, -1.55589, 0.07777, 1.02508, -1.58120
-0.13677, 0.92517, -1.47881, 0.17869, 0.94893, -1.40583, 0.09865, 1.02461, -1.55585, 0.07791, 1.02519, -1.58109
-0.13697, 0.92511, -1.47852, 0.17836, 0.94904, -1.40565, 0.09843, 1.02477, -1.55584, 0.07795, 1.02529, -1.58090
-0.13726, 0.92502, -1.47824, 0.17794, 0.94920, -1.40542, 0.09810, 1.02493, -1.55585, 0.07795, 1.02537, -1.58066
-0.13758, 0.92492, -1.47800, 0.17749, 0.94934, -1.40523, 0.09776, 1.02502, -1.55592, 0.07788, 1.02543, -1.58040
-0.13791, 0.92479, -1.47781, 0.17704, 0.94948, -1.40512, 0.09739, 1.02507, -1.55602, 0.07776, 1.02547, -1.58011
-0.13817, 0.92464, -1.47766, 0.17659, 0.94954, -1.40514, 0.09704, 1.02510, -1.55615, 0.07761, 1.02546, -1.57984
-0.13845, 0.92448, -1.47761, 0.17618, 0.94956, -1.40529, 0.09674, 1.02510, -1.55635, 0.07743, 1.02544, -1.57963
-0.13867, 0.92434, -1.47758, 0.17581, 0.94954, -1.40551, 0.09651, 1.02510, -1.55660, 0.07722, 1.02540, -1.57948
-0.13883, 0.92421, -1.47770, 0.17566, 0.94948, -1.40573, 0.09652, 1.02512, -1.55677, 0.07711, 1.02541, -1.57940
-0.13898, 0.92412, -1.47791, 0.17561, 0.94935, -1.40604, 0.09665, 1.02515, -1.55692, 0.07696, 1.02542, -1.57944
-0.13908, 0.92403, -1.47827, 0.17572, 0.94920, -1.40636, 0.09696, 1.02517, -1.55697, 0.07687, 1.02544, -1.57951
-0.13913, 0.92393, -1.47864, 0.17593, 0.94908, -1.40656, 0.09725, 1.02517, -1.55702, 0.07681, 1.02548, -1.57968
-0.13912, 0.92388, -1.47906, 0.17625, 0.94903, -1.40666, 0.09756, 1.02513, -1.55703, 0.07677, 1.02554, -1.57983
-0.13908, 0.92380, -1.47950, 0.17657, 0.94902, -1.40669, 0.09784, 1.02507, -1.55704, 0.07673, 1.02561, -1.58000
-0.13892, 0.92373, -1.47998, 0.17695, 0.94901, -1.40671, 0.09812, 1.02495, -1.55702, 0.07681, 1.02563, -1.58020
-0.13879, 0.92363, -1.48047, 0.17720, 0.94903, -1.40679, 0.09827, 1.02479, -1.55707, 0.07685, 1.02559, -1.58038
-0.13855, 0.92352, -1.48096, 0.17742, 0.94906, -1.40693, 0.09839, 1.02456, -1.55716, 0.07699, 1.02551, -1.58059
-0.13826, 0.92338, -1.48148, 0.17769, 0.94907, -1.40710, 0.09858, 1.02434, -1.55725, 0.07728, 1.02541, -1.58078
-0.13799, 0.92324, -1.48188, 0.17781, 0.94906, -1.40735, 0.09865, 1.02413, -1.55734, 0.07745, 1.02527, -1.58094
-0.13778, 0.92308, -1.48224, 0.17787, 0.94900, -1.40773, 0.09872, 1.02385, -1.55738, 0.07762, 1.02511, -1.58101
-0.13750, 0.92294, -1.48249, 0.17798, 0.94895, -1.40808, 0.09885, 1.02366, -1.55746, 0.07785, 1.02500, -1.58106
-0.13726, 0.92281, -1.48271, 0.17810, 0.94886, -1.40842, 0.09894, 1.02349, -1.55757, 0.07806, 1.02491, -1.58109
-0.13707, 0.92268, -1.48278, 0.17821, 0.94876, -1.40867, 0.09888, 1.02344, -1.55776, 0.07822, 1.02484, -1.58105
-0.13681, 0.92259, -1.48283, 0.17839, 0.94866, -1.40887, 0.09890, 1.02344, -1.55802, 0.07846, 1.02485, -1.58101
-0.13659, 0.92253, -1.48286, 0.17859, 0.94859, -1.40896, 0.09894, 1.02349, -1.55827, 0.07872, 1.02488, -1.58098
-0.13621, 0.92247, -1.48287, 0.17891, 0.94857, -1.40880, 0.09914, 1.02361, -1.55840, 0.07910, 1.02498, -1.58093
-0.13587, 0.92245, -1.48285, 0.17922, 0.94859, -1.40847, 0.09945, 1.02373, -1.55852, 0.07946, 1.02509, -1.58097
-0.13547, 0.92246, -1.48282, 0.17958, 0.94865, -1.40809, 0.09980, 1.02388, -1.55856, 0.07985, 1.02525, -1.58100
-0.13519, 0.92250, -1.48279, 0.17982, 0.94878, -1.40770, 0.10009, 1.02395, -1.55858, 0.08018, 1.02538, -1.58104
-0.13505, 0.92252, -1.48274, 0.17996, 0.94894, -1.40733, 0.10028, 1.02392, -1.55846, 0.08039, 1.02549, -1.58109
-0.13484, 0.92254, -1.48274, 0.18017, 0.94910, -1.40697, 0.10047, 1.02387, -1.55835, 0.08060, 1.02557, -1.58120
-0.13471, 0.92253, -1.48266, 0.18029, 0.94926, -1.40666, 0.10055, 1.02383, -1.55820, 0.08070, 1.02566, -1.58128
-0.13459, 0.92243, -1.48263, 0.18036, 0.94933, -1.40648, 0.10048, 1.02381, -1.55808, 0.08068, 1.02576, -1.58134
-0.13452, 0.92230, -1.48249, 0.18039, 0.94942, -1.40631, 0.10032, 1.02382, -1.55798, 0.08058, 1.02589, -1.58138
-0.13443, 0.92214, -1.48245, 0.18045, 0.94942, -1.40621, 0.10020, 1.02387, -1.55787, 0.08056, 1.02599, -1.58139
-0.13440, 0.92200, -1.48227, 0.18047, 0.94941, -1.40602, 0.10022, 1.02404, -1.55778, 0.08057, 1.02620, -1.58141
-0.13446, 0.92183, -1.48215, 0.18040, 0.94932, -1.40583, 0.10028, 1.02426, -1.55771, 0.08056, 1.02637, -1.58137
-0.13460, 0.92168, -1.48202, 0.18031, 0.94922, -1.40563, 0.10041, 1.02455, -1.55764, 0.08060, 1.02656, -1.58131
-0.13483, 0.92154, -1.48185, 0.18015, 0.94914, -1.40544, 0.10058, 1.02479, -1.55756, 0.08067, 1.02670, -1.58119
-0.13524, 0.92144, -1.48165, 0.17987, 0.94908, -1.40519, 0.10073, 1.02506, -1.55755, 0.08074, 1.02681, -1.58098
-0.13564, 0.92133, -1.48147, 0.17958, 0.94902, -1.40497, 0.10092, 1.02527, -1.55753, 0.08078, 1.02685, -1.58079
-0.13600, 0.92125, -1.48124, 0.17927, 0.94903, -1.40471, 0.10091, 1.02544, -1.55752, 0.08083, 1.02691, -1.58057
-0.13624, 0.92108, -1.48115, 0.17900, 0.94909, -1.40455, 0.10077, 1.02546, -1.55750, 0.08076, 1.02686, -1.58031
-0.13639, 0.92089, -1.48104, 0.17877, 0.94918, -1.40442, 0.10048, 1.02544, -1.55751, 0.08064, 1.02679, -1.58004
-0.13657, 0.92069, -1.48107, 0.17853, 0.94927, -1.40443, 0.10011, 1.02532, -1.55760, 0.08042, 1.02667, -1.57980
-0.13662, 0.92046, -1.48111, 0.17838, 0.94931, -1.40451, 0.09968, 1.02517, -1.55765, 0.08019, 1.02659, -1.57956
-0.13660, 0.92022, -1.48129, 0.17830, 0.94932, -1.40472, 0.09930, 1.02495, -1.55776, 0.07994, 1.02649, -1.57942
-0.13658, 0.91997, -1.48157, 0.17830, 0.94928, -1.40500, 0.09897, 1.02470, -1.55787, 0.07969, 1.02640, -1.57934
-0.13657, 0.91974, -1.48188, 0.17834, 0.94920, -1.40533, 0.09881, 1.02456, -1.55798, 0.07944, 1.02634, -1.57930
-0.13646, 0.91955, -1.48220, 0.17857, 0.94909, -1.40564, 0.09896, 1.02456, -1.55807, 0.07936, 1.02638, -1.57938
-0.13637, 0.91940, -1.48258, 0.17883, 0.94896, -1.40592, 0.09919, 1.02466, -1.55817, 0.07925, 1.02648, -1.57952
-0.13633, 0.91923, -1.48298, 0.17908, 0.94880, -1.40625, 0.09939, 1.02469, -1.55822, 0.07913, 1.02650, -1.57968
-0.13622, 0.91907, -1.48341, 0.17941, 0.94868, -1.40648, 0.09977, 1.02476, -1.55823, 0.07914, 1.02651, -1.57986
-0.13614, 0.91890, -1.48385, 0.17966, 0.94854, -1.40672, 0.10004, 1.02475, -1.55822, 0.07909, 1.02641, -1.57999
-0.13613, 0.91875, -1.48429, 0.17984, 0.94843, -1.40695, 0.10024, 1.02466, -1.55822, 0.07898, 1.02630, -1.58014
-0.13603, 0.91858, -1.48467, 0.17999, 0.94836, -1.40719, 0.10036, 1.02440, -1.55817, 0.07899, 1.02612, -1.58021
-0.13588, 0.91841, -1.48509, 0.18015, 0.94829, -1.40743, 0.10040, 1.02398, -1.55813, 0.07903, 1.02584, -1.58026
-0.13571, 0.91824, -1.48541, 0.18027, 0.94825, -1.40766, 0.10043, 1.02354, -1.55809, 0.07909, 1.02557, -1.58024
-0.13538, 0.91809, -1.48575, 0.18045, 0.94824, -1.40794, 0.10046, 1.02311, -1.55812, 0.07919, 1.02538, -1.58027
-0.13495, 0.91793, -1.48599, 0.18057, 0.94823, -1.40818, 0.10044, 1.02276, -1.55819, 0.07928, 1.02527, -1.58033
-0.13446, 0.91780, -1.48624, 0.18083, 0.94823, -1.40841, 0.10054, 1.02245, -1.55828, 0.07945, 1.02520, -1.58039
-0.13396, 0.91774, -1.48631, 0.18104, 0.94825, -1.40854, 0.10059, 1.02233, -1.55839, 0.07956, 1.02526, -1.58051
-0.13346, 0.91770, -1.48633, 0.18137, 0.94828, -1.40850, 0.10078, 1.02237, -1.55843, 0.07967, 1.02542, -1.58061
-0.13303, 0.91770, -1.48627, 0.18171, 0.94832, -1.40843, 0.10096, 1.02252, -1.55850, 0.07972, 1.02559, -1.58074
-0.13256, 0.91773, -1.48618, 0.18211, 0.94835, -1.40829, 0.10114, 1.02271, -1.55851, 0.07978, 1.02582, -1.58089
-0.13216, 0.91775, -1.48612, 0.18258, 0.94841, -1.40810, 0.10128, 1.02281, -1.55851, 0.07985, 1.02598, -1.58104
-0.13186, 0.91775, -1.48604, 0.18297, 0.94846, -1.40787, 0.10125, 1.02290, -1.55850, 0.07985, 1.02613, -1.58111
-0.13157, 0.91775, -1.48600, 0.18333, 0.94854, -1.40766, 0.10113, 1.02292, -1.55846, 0.07984, 1.02622, -1.58117
-0.13131, 0.91769, -1.48595, 0.18362, 0.94864, -1.40745, 0.10087, 1.02285, -1.55838, 0.07985, 1.02623, -1.58115
-0.13111, 0.91757, -1.48585, 0.18369, 0.94875, -1.40726, 0.10035, 1.02272, -1.55829, 0.07981, 1.02620, -1.58106
-0.13096, 0.91747, -1.48571, 0.18367, 0.94887, -1.40707, 0.09976, 1.02256, -1.55816, 0.07969, 1.02614, -1.58099
-0.13088, 0.91739, -1.48551, 0.18361, 0.94902, -1.40685, 0.09920, 1.02250, -1.55805, 0.07960, 1.02612, -1.58085
-0.13098, 0.91732, -1.48525, 0.18346, 0.94914, -1.40659, 0.09877, 1.02253, -1.55791, 0.07944, 1.02614, -1.58070
-0.13111, 0.91729, -1.48486, 0.18331, 0.94924, -1.40623, 0.09848, 1.02271, -1.55773, 0.07934, 1.02622, -1.58060
-0.13132, 0.91727, -1.48448, 0.18307, 0.94932, -1.40592, 0.09820, 1.02290, -1.55764, 0.07912, 1.02634, -1.58047
-0.13156, 0.91725, -1.48414, 0.18290, 0.94935, -1.40564, 0.09807, 1.02319, -1.55757, 0.07894, 1.02652, -1.58040
-0.13182, 0.91722, -1.48379, 0.18277, 0.94936, -1.40535, 0.09805, 1.02351, -1.55757, 0.07876, 1.02676, -1.58034
-0.13202, 0.91720, -1.48349, 0.18270, 0.94936, -1.40510, 0.09811, 1.02386, -1.55762, 0.07867, 1.02703, -1.58031
-0.13226, 0.91716, -1.48321, 0.18259, 0.94933, -1.40487, 0.09811, 1.02413, -1.55761, 0.07853, 1.02724, -1.58026
-0.13238, 0.91710, -1.48296, 0.18255, 0.94935, -1.40470, 0.09813, 1.02433, -1.55760, 0.07843, 1.02740, -1.58018
-0.13255, 0.91702, -1.48275, 0.18242, 0.94937, -1.40460, 0.09799, 1.02445, -1.55754, 0.07826, 1.02750, -1.58007
-0.13265, 0.91693, -1.48256, 0.18237, 0.94943, -1.40448, 0.09779, 1.02453, -1.55749, 0.07807, 1.02757, -1.57993
-0.13268, 0.91685, -1.48247, 0.18232, 0.94952, -1.40432, 0.09747, 1.02452, -1.55739, 0.07785, 1.02754, -1.57981
-0.13271, 0.91677, -1.48245, 0.18229, 0.94965, -1.40415, 0.09705, 1.02444, -1.55734, 0.07761, 1.02746, -1.57967
-0.13270, 0.91666, -1.48250, 0.18229, 0.94976, -1.40407, 0.09660, 1.02436, -1.55724, 0.07728, 1.02734, -1.57954
-0.13259, 0.91653, -1.48268, 0.18236, 0.94983, -1.40410, 0.09621, 1.02426, -1.55721, 0.07701, 1.02723, -1.57947
-0.13246, 0.91643, -1.48292, 0.18250, 0.94989, -1.40419, 0.09589, 1.02422, -1.55715, 0.07673, 1.02717, -1.57947
-0.13231, 0.91632, -1.48318, 0.18264, 0.94993, -1.40439, 0.09558, 1.02415, -1.55715, 0.07644, 1.02713, -1.57949
-0.13212, 0.91620, -1.48352, 0.18288, 0.94990, -1.40465, 0.09550, 1.02407, -1.55712, 0.07620, 1.02706, -1.57961
-0.13195, 0.91608, -1.48386, 0.18307, 0.94977, -1.40502, 0.09553, 1.02395, -1.55708, 0.07592, 1.02698, -1.57979
-0.13180, 0.91597, -1.48420, 0.18332, 0.94963, -1.40543, 0.09559, 1.02380, -1.55703, 0.07563, 1.02688, -1.57999
-0.13155, 0.91585, -1.48460, 0.18362, 0.94945, -1.40581, 0.09572, 1.02364, -1.55694, 0.07546, 1.02678, -1.58023
-0.13127, 0.91575, -1.48495, 0.18393, 0.94930, -1.40620, 0.09580, 1.02341, -1.55689, 0.07537, 1.02666, -1.58050
-0.13098, 0.91565, -1.48537, 0.18425, 0.94916, -1.40660, 0.09579, 1.02316, -1.55679, 0.07530, 1.02647, -1.58074
-0.13067, 0.91556, -1.48583, 0.18456, 0.94905, -1.40704, 0.09576, 1.02288, -1.55676, 0.07524, 1.02627, -1.58101
-0.13022, 0.91550, -1.48622, 0.18495, 0.94902, -1.40737, 0.09569, 1.02260, -1.55676, 0.07528, 1.02609, -1.58118
-0.12971, 0.91546, -1.48662, 0.18539, 0.94906, -1.40766, 0.09556, 1.02235, -1.55678, 0.07534, 1.02591, -1.58138
-0.12915, 0.91542, -1.48699, 0.18583, 0.94909, -1.40789, 0.09548, 1.02212, -1.55683, 0.07539, 1.02575, -1.58155
-0.12862, 0.91543, -1.48728, 0.18625, 0.94918, -1.40797, 0.09540, 1.02198, -1.55686, 0.07543, 1.02566, -1.58175
-0.12799, 0.91547, -1.48742, 0.18677, 0.94928, -1.40785, 0.09553, 1.02193, -1.55689, 0.07548, 1.02567, -1.58195
-0.12745, 0.91553, -1.48753, 0.18721, 0.94937, -1.40766, 0.09560, 1.02192, -1.55692, 0.07550, 1.02571, -1.58218
-0.12697, 0.91556, -1.48759, 0.18762, 0.94940, -1.40745, 0.09573, 1.02193, -1.55693, 0.07544, 1.02577, -1.58244
-0.12651, 0.91559, -1.48766, 0.18814, 0.94936, -1.40727, 0.09600, 1.02194, -1.55682, 0.07550, 1.02588, -1.58271
-0.12614, 0.91561, -1.48770, 0.18854, 0.94929, -1.40711, 0.09620, 1.02192, -1.55673, 0.07549, 1.02597, -1.58300
-0.12586, 0.91562, -1.48767, 0.18887, 0.94920, -1.40699, 0.09628, 1.02193, -1.55661, 0.07543, 1.02604, -1.58326
-0.12564, 0.91559, -1.48769, 0.18911, 0.94913, -1.40705, 0.09624, 1.02186, -1.55647, 0.07541, 1.02602, -1.58344
-0.12550, 0.91554, -1.48770, 0.18924, 0.94906, -1.40718, 0.09603, 1.02178, -1.55634, 0.07538, 1.02594, -1.58351
-0.12540, 0.91549, -1.48765, 0.18929, 0.94904, -1.40728, 0.09572, 1.02172, -1.55615, 0.07537, 1.02584, -1.58355
-0.12528, 0.91543, -1.48753, 0.18933, 0.94907, -1.40733, 0.09529, 1.02169, -1.55601, 0.07533, 1.02572, -1.58352
-0.12517, 0.91538, -1.48737, 0.18934, 0.94916, -1.40728, 0.09481, 1.02169, -1.55584, 0.07532, 1.02560, -1.58342
-0.12506, 0.91533, -1.48719, 0.18934, 0.94929, -1.40717, 0.09433, 1.02171, -1.55570, 0.07530, 1.02550, -1.58333
-0.12503, 0.91528, -1.48694, 0.18925, 0.94945, -1.40697, 0.09380, 1.02177, -1.55559, 0.07520, 1.02543, -1.58315
-0.12489, 0.91526, -1.48671, 0.18930, 0.94961, -1.40658, 0.09357, 1.02189, -1.55554, 0.07518, 1.02548, -1.58308
-0.12482, 0.91528, -1.48642, 0.18932, 0.94979, -1.40615, 0.09340, 1.02207, -1.55555, 0.07506, 1.02558, -1.58307
-0.12484, 0.91530, -1.48615, 0.18935, 0.94994, -1.40570, 0.09330, 1.02228, -1.55555, 0.07495, 1.02572, -1.58302
-0.12485, 0.91534, -1.48590, 0.18938, 0.95005, -1.40531, 0.09332, 1.02255, -1.55559, 0.07478, 1.02592, -1.58309
-0.12486, 0.91537, -1.48567, 0.18944, 0.95014, -1.40500, 0.09345, 1.02285, -1.55565, 0.07455, 1.02617, -1.58320
-0.12489, 0.91541, -1.48556, 0.18950, 0.95021, -1.40484, 0.09357, 1.02310, -1.55572, 0.07425, 1.02637, -1.58333
-0.12494, 0.91542, -1.48545, 0.18952, 0.95024, -1.40478, 0.09353, 1.02329, -1.55578, 0.07393, 1.02655, -1.58346
-0.12494, 0.91541, -1.48544, 0.18959, 0.95024, -1.40488, 0.09334, 1.02338, -1.55582, 0.07354, 1.02666, -1.58362
-0.12493, 0.91537, -1.48550, 0.18964, 0.95020, -1.40511, 0.09307, 1.02336, -1.55582, 0.07312, 1.02672, -1.58375
-0.12495, 0.91530, -1.48564, 0.18971, 0.95018, -1.40543, 0.09270, 1.02329, -1.55586, 0.07270, 1.02667, -1.58380
-0.12485, 0.91520, -1.48581, 0.18980, 0.95016, -1.40576, 0.09228, 1.02310, -1.55582, 0.07225, 1.02653, -1.58380
-0.12474, 0.91507, -1.48600, 0.18990, 0.95014, -1.40613, 0.09186, 1.02289, -1.55578, 0.07181, 1.02634, -1.58376
-0.12462, 0.91494, -1.48629, 0.19001, 0.95011, -1.40657, 0.09144, 1.02266, -1.55573, 0.07146, 1.02608, -1.58368
-0.12448, 0.91483, -1.48658, 0.19015, 0.95010, -1.40699, 0.09117, 1.02248, -1.55575, 0.07122, 1.02581, -1.58362
-0.12434, 0.91475, -1.48687, 0.19028, 0.95011, -1.40732, 0.09095, 1.02240, -1.55579, 0.07109, 1.02554, -1.58359
-0.12415, 0.91470, -1.48718, 0.19045, 0.95013, -1.40768, 0.09085, 1.02233, -1.55589, 0.07101, 1.02527, -1.58365
-0.12399, 0.91465, -1.48753, 0.19055, 0.95009, -1.40809, 0.09074, 1.02223, -1.55599, 0.07092, 1.02502, -1.58376
-0.12384, 0.91465, -1.48787, 0.19065, 0.95002, -1.40849, 0.09063, 1.02210, -1.55617, 0.07076, 1.02486, -1.58398
-0.12353, 0.91468, -1.48825, 0.19091, 0.94994, -1.40883, 0.09067, 1.02197, -1.55630, 0.07078, 1.02475, -1.58436
-0.12329, 0.91467, -1.48864, 0.19107, 0.94982, -1.40927, 0.09061, 1.02174, -1.55645, 0.07064, 1.02460, -1.58466
-0.12287, 0.91466, -1.48906, 0.19142, 0.94965, -1.40978, 0.09065, 1.02140, -1.55650, 0.07060, 1.02442, -1.58502
-0.12246, 0.91462, -1.48945, 0.19180, 0.94952, -1.41025, 0.09058, 1.02104, -1.55647, 0.07050, 1.02422, -1.58531
-0.12192, 0.91459, -1.48977, 0.19225, 0.94940, -1.41067, 0.09061, 1.02068, -1.55646, 0.07048, 1.02402, -1.58561
-0.12131, 0.91456, -1.49006, 0.19277, 0.94933, -1.41099, 0.09062, 1.02038, -1.55638, 0.07053, 1.02382, -1.58579
-0.12075, 0.91456, -1.49024, 0.19328, 0.94934, -1.41115, 0.09052, 1.02016, -1.55639, 0.07057, 1.02364, -1.58593
-0.12017, 0.91459, -1.49038, 0.19381, 0.94939, -1.41124, 0.09050, 1.02000, -1.55635, 0.07062, 1.02349, -1.58606
-0.11968, 0.91467, -1.49047, 0.19425, 0.94949, -1.41120, 0.09049, 1.01994, -1.55635, 0.07063, 1.02345, -1.58620
-0.11925, 0.91483, -1.49050, 0.19463, 0.94963, -1.41100, 0.09063, 1.01997, -1.55633, 0.07065, 1.02354, -1.58641
-0.11888, 0.91502, -1.49053, 0.19497, 0.94975, -1.41079, 0.09087, 1.02001, -1.55629, 0.07066, 1.02365, -1.58661
-0.11858, 0.91519, -1.49050, 0.19526, 0.94983, -1.41052, 0.09116, 1.02011, -1.55621, 0.07066, 1.02380, -1.58681
-0.11843, 0.91533, -1.49033, 0.19538, 0.94982, -1.41028, 0.09148, 1.02018, -1.55605, 0.07050, 1.02387, -1.58696
-0.11833, 0.91543, -1.49015, 0.19548, 0.94975, -1.41007, 0.09181, 1.02023, -1.55585, 0.07032, 1.02390, -1.58710
-0.11826, 0.91552, -1.48989, 0.19553, 0.94968, -1.40985, 0.09204, 1.02030, -1.55560, 0.07014, 1.02394, -1.58718
-0.11811, 0.91557, -1.48966, 0.19559, 0.94963, -1.40972, 0.09202, 1.02032, -1.55540, 0.07002, 1.02392, -1.58721
-0.11789, 0.91563, -1.48934, 0.19564, 0.94963, -1.40955, 0.09176, 1.02035, -1.55522, 0.06995, 1.02393, -1.58717
-0.11766, 0.91568, -1.48903, 0.19576, 0.94965, -1.40942, 0.09143, 1.02037, -1.55506, 0.06998, 1.02390, -1.58715
-0.11745, 0.91578, -1.48875, 0.19586, 0.94973, -1.40923, 0.09104, 1.02045, -1.55494, 0.07013, 1.02391, -1.58713
-0.11726, 0.91591, -1.48842, 0.19598, 0.94992, -1.40895, 0.09056, 1.02063, -1.55490, 0.07044, 1.02397, -1.58720
-0.11708, 0.91605, -1.48819, 0.19613, 0.95011, -1.40864, 0.09019, 1.02078, -1.55484, 0.07080, 1.02403, -1.58727
-0.11697, 0.91619, -1.48794, 0.19625, 0.95027, -1.40837, 0.08989, 1.02096, -1.55478, 0.07101, 1.02412, -1.58730
-0.11695, 0.91632, -1.48770, 0.19640, 0.95043, -1.40798, 0.08994, 1.02115, -1.55467, 0.07100, 1.02429, -1.58736
-0.11694, 0.91640, -1.48753, 0.19651, 0.95051, -1.40767, 0.09015, 1.02131, -1.55455, 0.07086, 1.02442, -1.58739
-0.11695, 0.91648, -1.48738, 0.19666, 0.95056, -1.40741, 0.09046, 1.02146, -1.55445, 0.07066, 1.02455, -1.58747
-0.11705, 0.91656, -1.48731, 0.19674, 0.95058, -1.40730, 0.09064, 1.02159, -1.55438, 0.07035, 1.02470, -1.58758
-0.11715, 0.91661, -1.48730, 0.19677, 0.95055, -1.40735, 0.09076, 1.02168, -1.55436, 0.07005, 1.02480, -1.58774
-0.11732, 0.91665, -1.48732, 0.19670, 0.95048, -1.40753, 0.09075, 1.02173, -1.55436, 0.06968, 1.02485, -1.58787
-0.11742, 0.91666, -1.48746, 0.19672, 0.95038, -1.40779, 0.09069, 1.02170, -1.55438, 0.06946, 1.02483, -1.58800
-0.11755, 0.91662, -1.48771, 0.19657, 0.95021, -1.40822, 0.09047, 1.02159, -1.55441, 0.06919, 1.02469, -1.58807
-0.11765, 0.91657, -1.48805, 0.19645, 0.95004, -1.40877, 0.09015, 1.02140, -1.55445, 0.06895, 1.02447, -1.58815
-0.11765, 0.91655, -1.48834, 0.19643, 0.94989, -1.40927, 0.08995, 1.02118, -1.55448, 0.06879, 1.02423, -1.58818
-0.11752, 0.91653, -1.48867, 0.19650, 0.94980, -1.40973, 0.08986, 1.02088, -1.55446, 0.06857, 1.02399, -1.58817
-0.11742, 0.91651, -1.48903, 0.19662, 0.94971, -1.41022, 0.08982, 1.02052, -1.55447, 0.06832, 1.02372, -1.58813
-0.11719, 0.91652, -1.48931, 0.19683, 0.94966, -1.41064, 0.08983, 1.02021, -1.55445, 0.06817, 1.02349, -1.58813
-0.11698, 0.91657, -1.48967, 0.19706, 0.94966, -1.41104, 0.08994, 1.02004, -1.55450, 0.06804, 1.02332, -1.58822
-0.11670, 0.91667, -1.48998, 0.19730, 0.94971, -1.41142, 0.09006, 1.01996, -1.55454, 0.06799, 1.02321, -1.58841
-0.11645, 0.91677, -1.49030, 0.19752, 0.94974, -1.41179, 0.09017, 1.01992, -1.55463, 0.06794, 1.02310, -1.58865
-0.11613, 0.91688, -1.49063, 0.19775, 0.94978, -1.41219, 0.09023, 1.01981, -1.55470, 0.06795, 1.02301, -1.58895
-0.11583, 0.91695, -1.49095, 0.19797, 0.94975, -1.41266, 0.09024, 1.01964, -1.55482, 0.06802, 1.02291, -1.58928
-0.11550, 0.91699, -1.49123, 0.19820, 0.94970, -1.41311, 0.09020, 1.01941, -1.55489, 0.06812, 1.02279, -1.58957
-0.11512, 0.91702, -1.49149, 0.19846, 0.94959, -1.41347, 0.09018, 1.01915, -1.55495, 0.06831, 1.02266, -1.58988
-0.11482, 0.91705, -1.49168, 0.19866, 0.94947, -1.41382, 0.09010, 1.01890, -1.55504, 0.06849, 1.02251, -1.59007
-0.11445, 0.91707, -1.49182, 0.19890, 0.94931, -1.41411, 0.09014, 1.01863, -1.55509, 0.06872, 1.02234, -1.59022
-0.11421, 0.91710, -1.49194, 0.19909, 0.94917, -1.41428, 0.09014, 1.01842, -1.55514, 0.06888, 1.02222, -1.59032
-0.11393, 0.91717, -1.49197, 0.19932, 0.94910, -1.41422, 0.09032, 1.01838, -1.55516, 0.06896, 1.02219, -1.59034
-0.11378, 0.91729, -1.49198, 0.19945, 0.94913, -1.41404, 0.09052, 1.01847, -1.55521, 0.06894, 1.02226, -1.59028
-0.11364, 0.91739, -1.49194, 0.19961, 0.94919, -1.41377, 0.09085, 1.01857, -1.55520, 0.06889, 1.02231, -1.59020
-0.11357, 0.91752, -1.49174, 0.19966, 0.94930, -1.41344, 0.09108, 1.01878, -1.55513, 0.06879, 1.02238, -1.59011
-0.11360, 0.91764, -1.49141, 0.19963, 0.94943, -1.41304, 0.09131, 1.01897, -1.55503, 0.06865, 1.02247, -1.58999
-0.11372, 0.91775, -1.49102, 0.19952, 0.94959, -1.41266, 0.09138, 1.01917, -1.55487, 0.06849, 1.02252, -1.58985
-0.11386, 0.91786, -1.49052, 0.19935, 0.94974, -1.41225, 0.09139, 1.01938, -1.55471, 0.06841, 1.02255, -1.58971
-0.11414, 0.91795, -1.49001, 0.19902, 0.94986, -1.41196, 0.09112, 1.01957, -1.55460, 0.06841, 1.02260, -1.58963
-0.11443, 0.91802, -1.48948, 0.19866, 0.94993, -1.41175, 0.09073, 1.01972, -1.55451, 0.06847, 1.02258, -1.58956
-0.11472, 0.91809, -1.48893, 0.19828, 0.95001, -1.41154, 0.09035, 1.01993, -1.55442, 0.06858, 1.02263, -1.58947
-0.11497, 0.91816, -1.48842, 0.19796, 0.95003, -1.41138, 0.08994, 1.02007, -1.55435, 0.06859, 1.02270, -1.58939
-0.11522, 0.91824, -1.48796, 0.19773, 0.95004, -1.41118, 0.08968, 1.02021, -1.55425, 0.06858, 1.02279, -1.58926
-0.11543, 0.91832, -1.48749, 0.19755, 0.95006, -1.41094, 0.08944, 1.02040, -1.55420, 0.06857, 1.02296, -1.58911
-0.11570, 0.91839, -1.48709, 0.19731, 0.95011, -1.41071, 0.08926, 1.02056, -1.55417, 0.06841, 1.02312, -1.58898
-0.11598, 0.91844, -1.48681, 0.19716, 0.95016, -1.41040, 0.08921, 1.02078, -1.55414, 0.06823, 1.02331, -1.58881
-0.11626, 0.91846, -1.48652, 0.19699, 0.95023, -1.41003, 0.08918, 1.02099, -1.55408, 0.06800, 1.02351, -1.58865
-0.11647, 0.91851, -1.48632, 0.19690, 0.95031, -1.40965, 0.08920, 1.02121, -1.55403, 0.06786, 1.02368, -1.58850
-0.11679, 0.91857, -1.48618, 0.19667, 0.95042, -1.40933, 0.08912, 1.02137, -1.55409, 0.06765, 1.02379, -1.58840
-0.11703, 0.91862, -1.48608, 0.19644, 0.95051, -1.40902, 0.08905, 1.02150, -1.55413, 0.06751, 1.02388, -1.58826
-0.11730, 0.91864, -1.48598, 0.19617, 0.95057, -1.40881, 0.08895, 1.02158, -1.55415, 0.06737, 1.02387, -1.58814
-0.11750, 0.91863, -1.48594, 0.19592, 0.95061, -1.40878, 0.08888, 1.02166, -1.55420, 0.06735, 1.02382, -1.58804
-0.11775, 0.91857, -1.48591, 0.19558, 0.95057, -1.40903, 0.08872, 1.02167, -1.55426, 0.06729, 1.02369, -1.58791
-0.11802, 0.91847, -1.48592, 0.19521, 0.95051, -1.40935, 0.08850, 1.02164, -1.55432, 0.06714, 1.02352, -1.58779
-0.11818, 0.91838, -1.48603, 0.19499, 0.95042, -1.40980, 0.08839, 1.02156, -1.55439, 0.06709, 1.02336, -1.58766
-0.11825, 0.91829, -1.48614, 0.19490, 0.95034, -1.41024, 0.08832, 1.02147, -1.55452, 0.06700, 1.02328, -1.58760
-0.11830, 0.91818, -1.48634, 0.19492, 0.95023, -1.41074, 0.08827, 1.02133, -1.55469, 0.06687, 1.02316, -1.58757
-0.11836, 0.91813, -1.48649, 0.19494, 0.95016, -1.41113, 0.08825, 1.02121, -1.55481, 0.06671, 1.02310, -1.58756
-0.11839, 0.91809, -1.48677, 0.19503, 0.95007, -1.41143, 0.08830, 1.02104, -1.55491, 0.06651, 1.02308, -1.58757
-0.11850, 0.91807, -1.48704, 0.19508, 0.95001, -1.41164, 0.08832, 1.02091, -1.55500, 0.06623, 1.02305, -1.58764
-0.11844, 0.91804, -1.48732, 0.19524, 0.94994, -1.41182, 0.08845, 1.02072, -1.55507, 0.06604, 1.02302, -1.58768
-0.11838, 0.91802, -1.48764, 0.19533, 0.94993, -1.41205, 0.08854, 1.02054, -1.55515, 0.06593, 1.02297, -1.58777
-0.11826, 0.91798, -1.48792, 0.19540, 0.94996, -1.41228, 0.08858, 1.02035, -1.55527, 0.06585, 1.02292, -1.58783
-0.11807, 0.91798, -1.48826, 0.19551, 0.95001, -1.41256, 0.08865, 1.02016, -1.55538, 0.06590, 1.02283, -1.58792
-0.11781, 0.91796, -1.48857, 0.19566, 0.95002, -1.41294, 0.08872, 1.01994, -1.55554, 0.06599, 1.02267, -1.58802
-0.11738, 0.91797, -1.48884, 0.19594, 0.95004, -1.41331, 0.08895, 1.01977, -1.55570, 0.06630, 1.02254, -1.58813
-0.11705, 0.91802, -1.48908, 0.19615, 0.95007, -1.41365, 0.08907, 1.01962, -1.55593, 0.06664, 1.02240, -1.58826
-0.11666, 0.91809, -1.48926, 0.19639, 0.95005, -1.41394, 0.08928, 1.01950, -1.55609, 0.06702, 1.02228, -1.58837
-0.11638, 0.91816, -1.48935, 0.19664, 0.95002, -1.41409, 0.08943, 1.01950, -1.55622, 0.06746, 1.02225, -1.58854
-0.11626, 0.91827, -1.48933, 0.19676, 0.94999, -1.41412, 0.08956, 1.01956, -1.55638, 0.06783, 1.02225, -1.58868
-0.11613, 0.91836, -1.48931, 0.19685, 0.94995, -1.41409, 0.08969, 1.01964, -1.55646, 0.06819, 1.02229, -1.58883
-0.11616, 0.91839, -1.48921, 0.19687, 0.94994, -1.41396, 0.08984, 1.01975, -1.55648, 0.06832, 1.02238, -1.58882
-0.11625, 0.91841, -1.48914, 0.19682, 0.94989, -1.41381, 0.09002, 1.01981, -1.55644, 0.06831, 1.02245, -1.58876
-0.11646, 0.91840, -1.48901, 0.19671, 0.94990, -1.41362, 0.09015, 1.01986, -1.55636, 0.06816, 1.02252, -1.58860
-0.11666, 0.91838, -1.48889, 0.19655, 0.94995, -1.41338, 0.09022, 1.01993, -1.55634, 0.06802, 1.02255, -1.58847
-0.11687, 0.91837, -1.48873, 0.19625, 0.95005, -1.41319, 0.09011, 1.01991, -1.55637, 0.06780, 1.02249, -1.58829
-0.11709, 0.91834, -1.48853, 0.19597, 0.95018, -1.41289, 0.08997, 1.01992, -1.55643, 0.06768, 1.02243, -1.58809
-0.11731, 0.91834, -1.48832, 0.19565, 0.95029, -1.41269, 0.08975, 1.01989, -1.55649, 0.06760, 1.02236, -1.58794
-0.11743, 0.91840, -1.48796, 0.19542, 0.95039, -1.41237, 0.08956, 1.01989, -1.55661, 0.06775, 1.02238, -1.58783
-0.11754, 0.91845, -1.48763, 0.19518, 0.95043, -1.41217, 0.08933, 1.01985, -1.55671, 0.06797, 1.02237, -1.58775
-0.11758, 0.91852, -1.48728, 0.19506, 0.95047, -1.41190, 0.08921, 1.01991, -1.55679, 0.06831, 1.02245, -1.58773
-0.11763, 0.91854, -1.48695, 0.19505, 0.95047, -1.41171, 0.08926, 1.02006, -1.55680, 0.06865, 1.02257, -1.58770
-0.11777, 0.91854, -1.48672, 0.19505, 0.95039, -1.41162, 0.08935, 1.02028, -1.55677, 0.06895, 1.02270, -1.58767
-0.11785, 0.91858, -1.48651, 0.19511, 0.95036, -1.41148, 0.08952, 1.02056, -1.55675, 0.06929, 1.02289, -1.58769
-0.11798, 0.91856, -1.48634, 0.19514, 0.95034, -1.41134, 0.08969, 1.02085, -1.55672, 0.06944, 1.02308, -1.58764
-0.11819, 0.91853, -1.48629, 0.19503, 0.95041, -1.41116, 0.08969, 1.02111, -1.55677, 0.06934, 1.02328, -1.58753
-0.11838, 0.91851, -1.48631, 0.19489, 0.95048, -1.41104, 0.08972, 1.02132, -1.55683, 0.06922, 1.02345, -1.58742
-0.11854, 0.91847, -1.48628, 0.19475, 0.95057, -1.41083, 0.08970, 1.02150, -1.55686, 0.06904, 1.02356, -1.58730
-0.11878, 0.91841, -1.48636, 0.19437, 0.95068, -1.41079, 0.08959, 1.02149, -1.55691, 0.06885, 1.02352, -1.58715
-0.11891, 0.91834, -1.48642, 0.19414, 0.95075, -1.41069, 0.08959, 1.02140, -1.55689, 0.06874, 1.02345, -1.58700
-0.11904, 0.91828, -1.48655, 0.19390, 0.95080, -1.41070, 0.08957, 1.02125, -1.55691, 0.06866, 1.02331, -1.58689
-0.11912, 0.91819, -1.48671, 0.19378, 0.95078, -1.41088, 0.08954, 1.02109, -1.55689, 0.06864, 1.02312, -1.58684
-0.11906, 0.91815, -1.48681, 0.19387, 0.95075, -1.41107, 0.08964, 1.02100, -1.55686, 0.06876, 1.02302, -1.58685
-0.11896, 0.91810, -1.48697, 0.19408, 0.95067, -1.41127, 0.08976, 1.02087, -1.55684, 0.06891, 1.02289, -1.58692
-0.11889, 0.91807, -1.48716, 0.19429, 0.95056, -1.41155, 0.08991, 1.02075, -1.55682, 0.06899, 1.02278, -1.58698
-0.11879, 0.91810, -1.48733, 0.19460, 0.95043, -1.41180, 0.09004, 1.02067, -1.55680, 0.06903, 1.02279, -1.58705
-0.11868, 0.91810, -1.48758, 0.19490, 0.95026, -1.41213, 0.09016, 1.02051, -1.55682, 0.06905, 1.02272, -1.58715
-0.11847, 0.91810, -1.48783, 0.19526, 0.95011, -1.41244, 0.09031, 1.02034, -1.55680, 0.06909, 1.02267, -1.58722
-0.11826, 0.91812, -1.48812, 0.19562, 0.94998, -1.41279, 0.09026, 1.02009, -1.55686, 0.06913, 1.02257, -1.58728
-0.11798, 0.91809, -1.48853, 0.19594, 0.94987, -1.41320, 0.09021, 1.01977, -1.55697, 0.06918, 1.02240, -1.58734
-0.11764, 0.91807, -1.48888, 0.19622, 0.94980, -1.41357, 0.09012, 1.01941, -1.55708, 0.06928, 1.02219, -1.58741
-0.11726, 0.91803, -1.48933, 0.19641, 0.94981, -1.41398, 0.09007, 1.01905, -1.55724, 0.06936, 1.02196, -1.58749
-0.11689, 0.91800, -1.48972, 0.19653, 0.94986, -1.41431, 0.09009, 1.01870, -1.55741, 0.06941, 1.02172, -1.58755
-0.11645, 0.91801, -1.49011, 0.19659, 0.94994, -1.41464, 0.09020, 1.01840, -1.55759, 0.06951, 1.02153, -1.58768
-0.11608, 0.91803, -1.49036, 0.19674, 0.94999, -1.41485, 0.09036, 1.01819, -1.55773, 0.06955, 1.02142, -1.58780
-0.11575, 0.91811, -1.49056, 0.19685, 0.94999, -1.41507, 0.09057, 1.01803, -1.55779, 0.06950, 1.02138, -1.58794
-0.11549, 0.91818, -1.49065, 0.19700, 0.94996, -1.41521, 0.09083, 1.01796, -1.55777, 0.06941, 1.02140, -1.58805
-0.11523, 0.91829, -1.49069, 0.19721, 0.94988, -1.41533, 0.09112, 1.01793, -1.55772, 0.06941, 1.02143, -1.58815
-0.11509, 0.91839, -1.49060, 0.19753, 0.94973, -1.41539, 0.09137, 1.01799, -1.55762, 0.06950, 1.02150, -1.58825
-0.11499, 0.91847, -1.49049, 0.19784, 0.94956, -1.41541, 0.09160, 1.01806, -1.55751, 0.06965, 1.02157, -1.58829
-0.11495, 0.91856, -1.49036, 0.19810, 0.94942, -1.41541, 0.09177, 1.01815, -1.55734, 0.06983, 1.02159, -1.58832
-0.11494, 0.91866, -1.49024, 0.19822, 0.94935, -1.41540, 0.09191, 1.01818, -1.55724, 0.07007, 1.02156, -1.58832
-0.11504, 0.91874, -1.49015, 0.19814, 0.94938, -1.41538, 0.09198, 1.01819, -1.55712, 0.07028, 1.02146, -1.58827
-0.11517, 0.91883, -1.49000, 0.19799, 0.94946, -1.41526, 0.09198, 1.01823, -1.55707, 0.07046, 1.02136, -1.58821
-0.11528, 0.91891, -1.48982, 0.19775, 0.94958, -1.41511, 0.09192, 1.01826, -1.55710, 0.07055, 1.02125, -1.58812
-0.11538, 0.91894, -1.48969, 0.19753, 0.94969, -1.41494, 0.09177, 1.01825, -1.55717, 0.07056, 1.02111, -1.58802
-0.11540, 0.91897, -1.48949, 0.19730, 0.94979, -1.41469, 0.09161, 1.01826, -1.55729, 0.07050, 1.02104, -1.58792
-0.11543, 0.91900, -1.48926, 0.19715, 0.94989, -1.41445, 0.09152, 1.01833, -1.55739, 0.07043, 1.02101, -1.58785
-0.11548, 0.91902, -1.48893, 0.19712, 0.94991, -1.41410, 0.09147, 1.01845, -1.55742, 0.07028, 1.02109, -1.58774
-0.11547, 0.91905, -1.48862, 0.19718, 0.94987, -1.41380, 0.09151, 1.01859, -1.55743, 0.07014, 1.02123, -1.58770
-0.11552, 0.91909, -1.48828, 0.19724, 0.94983, -1.41349, 0.09159, 1.01878, -1.55736, 0.07004, 1.02145, -1.58767
-0.11572, 0.91915, -1.48797, 0.19715, 0.94974, -1.41328, 0.09162, 1.01893, -1.55728, 0.06991, 1.02161, -1.58761
-0.11604, 0.91917, -1.48773, 0.19699, 0.94963, -1.41324, 0.09161, 1.01906, -1.55714, 0.06981, 1.02175, -1.58756
-0.11638, 0.91920, -1.48754, 0.19675, 0.94954, -1.41328, 0.09154, 1.01918, -1.55705, 0.06969, 1.02183, -1.58753
-0.11674, 0.91919, -1.48740, 0.19643, 0.94949, -1.41337, 0.09133, 1.01930, -1.55690, 0.06964, 1.02184, -1.58748
-0.11709, 0.91917, -1.48733, 0.19601, 0.94950, -1.41352, 0.09094, 1.01941, -1.55686, 0.06965, 1.02172, -1.58739
-0.11741, 0.91910, -1.48733, 0.19561, 0.94956, -1.41372, 0.09050, 1.01945, -1.55684, 0.06961, 1.02155, -1.58729
-0.11772, 0.91905, -1.48727, 0.19516, 0.94967, -1.41387, 0.09005, 1.01954, -1.55684, 0.06951, 1.02142, -1.58718
-0.11790, 0.91901, -1.48723, 0.19484, 0.94980, -1.41393, 0.08969, 1.01957, -1.55683, 0.06928, 1.02129, -1.58701
-0.11802, 0.91895, -1.48723, 0.19460, 0.94994, -1.41392, 0.08949, 1.01957, -1.55678, 0.06905, 1.02117, -1.58684
-0.11811, 0.91893, -1.48717, 0.19441, 0.95005, -1.41386, 0.08940, 1.01959, -1.55678, 0.06880, 1.02113, -1.58672
-0.11814, 0.91894, -1.48723, 0.19437, 0.95005, -1.41389, 0.08961, 1.01959, -1.55674, 0.06861, 1.02109, -1.58672
-0.11818, 0.91896, -1.48733, 0.19441, 0.94999, -1.41397, 0.08994, 1.01959, -1.55677, 0.06842, 1.02113, -1.58674
-0.11817, 0.91900, -1.48743, 0.19447, 0.94987, -1.41402, 0.09031, 1.01959, -1.55673, 0.06831, 1.02116, -1.58677
-0.11823, 0.91907, -1.48754, 0.19459, 0.94977, -1.41419, 0.09054, 1.01961, -1.55681, 0.06822, 1.02120, -1.58687
-0.11827, 0.91914, -1.48764, 0.19469, 0.94964, -1.41447, 0.09059, 1.01958, -1.55688, 0.06814, 1.02123, -1.58689
-0.11824, 0.91925, -1.48775, 0.19483, 0.94957, -1.41470, 0.09059, 1.01960, -1.55697, 0.06820, 1.02128, -1.58700
-0.11830, 0.91930, -1.48786, 0.19483, 0.94954, -1.41500, 0.09035, 1.01956, -1.55707, 0.06807, 1.02127, -1.58703
-0.11823, 0.91932, -1.48791, 0.19475, 0.94962, -1.41525, 0.09000, 1.01944, -1.55717, 0.06803, 1.02117, -1.58696
-0.11817, 0.91929, -1.48792, 0.19464, 0.94975, -1.41546, 0.08956, 1.01933, -1.55723, 0.06800, 1.02105, -1.58686
-0.11805, 0.91927, -1.48795, 0.19456, 0.94989, -1.41560, 0.08915, 1.01923, -1.55730, 0.06802, 1.02091, -1.58680
-0.11784, 0.91925, -1.48791, 0.19456, 0.95006, -1.41558, 0.08892, 1.01919, -1.55737, 0.06813, 1.02086, -1.58675
-0.11773, 0.91920, -1.48796, 0.19453, 0.95020, -1.41559, 0.08877, 1.01917, -1.55750, 0.06822, 1.02074, -1.58669
-0.11754, 0.91920, -1.48794, 0.19462, 0.95033, -1.41550, 0.08882, 1.01920, -1.55758, 0.06835, 1.02072, -1.58671
-0.11738, 0.91925, -1.48802, 0.19477, 0.95040, -1.41548, 0.08901, 1.01926, -1.55769, 0.06847, 1.02075, -1.58680
-0.11727, 0.91937, -1.48819, 0.19501, 0.95036, -1.41559, 0.08932, 1.01928, -1.55777, 0.06846, 1.02085, -1.58689
-0.11719, 0.91950, -1.48832, 0.19527, 0.95032, -1.41565, 0.08969, 1.01936, -1.55788, 0.06842, 1.02101, -1.58705
-0.11707, 0.91963, -1.48850, 0.19553, 0.95024, -1.41580, 0.09006, 1.01932, -1.55795, 0.06837, 1.02111, -1.58715
-0.11696, 0.91973, -1.48860, 0.19575, 0.95013, -1.41600, 0.09042, 1.01926, -1.55798, 0.06837, 1.02117, -1.58727
-0.11688, 0.91979, -1.48874, 0.19587, 0.95004, -1.41623, 0.09062, 1.01916, -1.55801, 0.06831, 1.02121, -1.58729
-0.11679, 0.91984, -1.48877, 0.19593, 0.94997, -1.41639, 0.09073, 1.01904, -1.55804, 0.06831, 1.02122, -1.58730
-0.11661, 0.91984, -1.48881, 0.19602, 0.94995, -1.41653, 0.09069, 1.01893, -1.55811, 0.06839, 1.02115, -1.58725
-0.11644, 0.91981, -1.48875, 0.19599, 0.95003, -1.41660, 0.09046, 1.01889, -1.55822, 0.06844, 1.02106, -1.58719
-0.11624, 0.91977, -1.48867, 0.19597, 0.95011, -1.41658, 0.09022, 1.01887, -1.55834, 0.06858, 1.02099, -1.58712
-0.11612, 0.91977, -1.48860, 0.19598, 0.95024, -1.41653, 0.09005, 1.01890, -1.55844, 0.06866, 1.02095, -1.58707
-0.11595, 0.91982, -1.48853, 0.19605, 0.95035, -1.41649, 0.09000, 1.01892, -1.55845, 0.06875, 1.02094, -1.58705
-0.11591, 0.91989, -1.48843, 0.19614, 0.95044, -1.41633, 0.09005, 1.01902, -1.55845, 0.06883, 1.02100, -1.58705
-0.11586, 0.91994, -1.48834, 0.19625, 0.95048, -1.41622, 0.09019, 1.01909, -1.55842, 0.06887, 1.02104, -1.58705
-0.11595, 0.91998, -1.48821, 0.19634, 0.95042, -1.41602, 0.09048, 1.01916, -1.55832, 0.06884, 1.02111, -1.58712
-0.11602, 0.91999, -1.48804, 0.19644, 0.95032, -1.41582, 0.09086, 1.01923, -1.55820, 0.06888, 1.02117, -1.58715
-0.11609, 0.91999, -1.48783, 0.19652, 0.95021, -1.41559, 0.09117, 1.01931, -1.55807, 0.06887, 1.02125, -1.58718
-0.11622, 0.91991, -1.48763, 0.19641, 0.95006, -1.41547, 0.09121, 1.01934, -1.55793, 0.06882, 1.02126, -1.58711
-0.11626, 0.91981, -1.48735, 0.19628, 0.94994, -1.41535, 0.09108, 1.01936, -1.55782, 0.06879, 1.02126, -1.58700
-0.11638, 0.91968, -1.48707, 0.19603, 0.94985, -1.41524, 0.09079, 1.01937, -1.55768, 0.06871, 1.02126, -1.58683
-0.11652, 0.91958, -1.48669, 0.19573, 0.94983, -1.41513, 0.09036, 1.01939, -1.55758, 0.06859, 1.02124, -1.58656
-0.11664, 0.91948, -1.48630, 0.19539, 0.94990, -1.41500, 0.08987, 1.01934, -1.55749, 0.06850, 1.02116, -1.58624
-0.11676, 0.91940, -1.48592, 0.19509, 0.95003, -1.41482, 0.08932, 1.01933, -1.55745, 0.06839, 1.02114, -1.58595
-0.11691, 0.91935, -1.48560, 0.19482, 0.95018, -1.41467, 0.08886, 1.01932, -1.55741, 0.06827, 1.02110, -1.58564
-0.11707, 0.91937, -1.48530, 0.19477, 0.95035, -1.41440, 0.08867, 1.01944, -1.55738, 0.06817, 1.02114, -1.58544
-0.11715, 0.91942, -1.48511, 0.19484, 0.95049, -1.41409, 0.08867, 1.01961, -1.55734, 0.06812, 1.02123, -1.58530
-0.11730, 0.91949, -1.48495, 0.19486, 0.95061, -1.41382, 0.08871, 1.01978, -1.55736, 0.06802, 1.02131, -1.58515
-0.11736, 0.91959, -1.48487, 0.19500, 0.95068, -1.41357, 0.08894, 1.01995, -1.55733, 0.06798, 1.02142, -1.58510
-0.11738, 0.91968, -1.48485, 0.19513, 0.95069, -1.41345, 0.08923, 1.02011, -1.55731, 0.06792, 1.02155, -1.58515
-0.11742, 0.91976, -1.48492, 0.19524, 0.95068, -1.41342, 0.08947, 1.02020, -1.55726, 0.06785, 1.02163, -1.58515
-0.11738, 0.91980, -1.48490, 0.19532, 0.95064, -1.41343, 0.08965, 1.02021, -1.55716, 0.06778, 1.02167, -1.58517
-0.11733, 0.91978, -1.48494, 0.19531, 0.95055, -1.41363, 0.08962, 1.02004, -1.55698, 0.06765, 1.02161, -1.58515
-0.11721, 0.91972, -1.48493, 0.19531, 0.95047, -1.41382, 0.08956, 1.01983, -1.55676, 0.06757, 1.02151, -1.58504
-0.11710, 0.91966, -1.48495, 0.19526, 0.95042, -1.41404, 0.08936, 1.01962, -1.55663, 0.06746, 1.02138, -1.58499
-0.11695, 0.91964, -1.48496, 0.19529, 0.95043, -1.41422, 0.08901, 1.01946, -1.55659, 0.06737, 1.02127, -1.58486
-0.11682, 0.91959, -1.48499, 0.19530, 0.95049, -1.41436, 0.08861, 1.01934, -1.55659, 0.06729, 1.02116, -1.58474
-0.11661, 0.91957, -1.48513, 0.19545, 0.95052, -1.41458, 0.08838, 1.01922, -1.55666, 0.06724, 1.02106, -1.58471
-0.11645, 0.91959, -1.48542, 0.19561, 0.95056, -1.41476, 0.08832, 1.01916, -1.55676, 0.06725, 1.02098, -1.58472
-0.11625, 0.91963, -1.48582, 0.19591, 0.95061, -1.41501, 0.08848, 1.01914, -1.55692, 0.06731, 1.02093, -1.58488
-0.11607, 0.91970, -1.48627, 0.19623, 0.95064, -1.41528, 0.08875, 1.01909, -1.55705, 0.06733, 1.02086, -1.58506
-0.11585, 0.91975, -1.48662, 0.19659, 0.95062, -1.41554, 0.08905, 1.01903, -1.55711, 0.06736, 1.02083, -1.58526
-0.11559, 0.91978, -1.48698, 0.19700, 0.95053, -1.41587, 0.08936, 1.01885, -1.55710, 0.06738, 1.02073, -1.58543
-0.11530, 0.91984, -1.48716, 0.19738, 0.95044, -1.41607, 0.08966, 1.01874, -1.55706, 0.06740, 1.02070, -1.58563
-0.11502, 0.91987, -1.48731, 0.19766, 0.95033, -1.41633, 0.08981, 1.01860, -1.55704, 0.06742, 1.02061, -1.58579
-0.11473, 0.91991, -1.48737, 0.19774, 0.95032, -1.41650, 0.08975, 1.01855, -1.55713, 0.06747, 1.02063, -1.58597
-0.11446, 0.91993, -1.48736, 0.19772, 0.95030, -1.41665, 0.08957, 1.01851, -1.55729, 0.06756, 1.02062, -1.58605
-0.11423, 0.91996, -1.48735, 0.19765, 0.95031, -1.41674, 0.08942, 1.01853, -1.55743, 0.06765, 1.02062, -1.58618
-0.11411, 0.91994, -1.48742, 0.19747, 0.95037, -1.41687, 0.08927, 1.01849, -1.55755, 0.06772, 1.02056, -1.58623
-0.11398, 0.91993, -1.48758, 0.19735, 0.95043, -1.41694, 0.08924, 1.01845, -1.55761, 0.06783, 1.02051, -1.58627
-0.11384, 0.91995, -1.48767, 0.19729, 0.95051, -1.41692, 0.08935, 1.01845, -1.55757, 0.06800, 1.02049, -1.58628
-0.11370, 0.91999, -1.48783, 0.19738, 0.95055, -1.41692, 0.08960, 1.01846, -1.55753, 0.06816, 1.02046, -1.58637
-0.11358, 0.92011, -1.48801, 0.19762, 0.95058, -1.41682, 0.08999, 1.01852, -1.55743, 0.06830, 1.02046, -1.58652
-0.11350, 0.92022, -1.48815, 0.19795, 0.95058, -1.41671, 0.09044, 1.01863, -1.55731, 0.06845, 1.02052, -1.58671
-0.11339, 0.92039, -1.48822, 0.19831, 0.95059, -1.41655, 0.09091, 1.01880, -1.55715, 0.06861, 1.02060, -1.58690
-0.11331, 0.92055, -1.48820, 0.19866, 0.95061, -1.41631, 0.09124, 1.01898, -1.55700, 0.06881, 1.02073, -1.58710
-0.11329, 0.92068, -1.48810, 0.19891, 0.95065, -1.41607, 0.09142, 1.01919, -1.55691, 0.06899, 1.02089, -1.58727
-0.11331, 0.92083, -1.48784, 0.19905, 0.95069, -1.41578, 0.09141, 1.01938, -1.55679, 0.06907, 1.02102, -1.58740
-0.11331, 0.92089, -1.48743, 0.19902, 0.95075, -1.41542, 0.09122, 1.01950, -1.55663, 0.06915, 1.02113, -1.58732
-0.11327, 0.92096, -1.48682, 0.19887, 0.95081, -1.41501, 0.09083, 1.01957, -1.55649, 0.06915, 1.02119, -1.58714
-0.11324, 0.92098, -1.48617, 0.19866, 0.95086, -1.41461, 0.09043, 1.01963, -1.55639, 0.06914, 1.02126, -1.58688
-0.11323, 0.92096, -1.48562, 0.19840, 0.95088, -1.41430, 0.09005, 1.01966, -1.55626, 0.06913, 1.02126, -1.58661
-0.11326, 0.92097, -1.48510, 0.19820, 0.95090, -1.41396, 0.08982, 1.01973, -1.55619, 0.06912, 1.02133, -1.58636
-0.11338, 0.92095, -1.48468, 0.19792, 0.95092, -1.41374, 0.08957, 1.01982, -1.55615, 0.06902, 1.02138, -1.58613
-0.11349, 0.92096, -1.48434, 0.19781, 0.95094, -1.41352, 0.08948, 1.01994, -1.55606, 0.06897, 1.02146, -1.58595
-0.11369, 0.92104, -1.48419, 0.19778, 0.95096, -1.41334, 0.08951, 1.02012, -1.55598, 0.06881, 1.02156, -1.58586
-0.11397, 0.92113, -1.48410, 0.19778, 0.95101, -1.41318, 0.08955, 1.02032, -1.55591, 0.06862, 1.02170, -1.58583
-0.11426, 0.92122, -1.48405, 0.19780, 0.95108, -1.41309, 0.08958, 1.02053, -1.55582, 0.06838, 1.02182, -1.58582
-0.11452, 0.92134, -1.48405, 0.19775, 0.95111, -1.41307, 0.08948, 1.02065, -1.55576, 0.06813, 1.02189, -1.58585
-0.11469, 0.92142, -1.48407, 0.19769, 0.95114, -1.41309, 0.08939, 1.02070, -1.55566, 0.06794, 1.02193, -1.58586
-0.11484, 0.92151, -1.48406, 0.19760, 0.95117, -1.41316, 0.08922, 1.02069, -1.55557, 0.06777, 1.02193, -1.58584
-0.11484, 0.92157, -1.48399, 0.19751, 0.95120, -1.41324, 0.08905, 1.02062, -1.55546, 0.06765, 1.02190, -1.58584
-0.11472, 0.92159, -1.48394, 0.19747, 0.95124, -1.41339, 0.08888, 1.02045, -1.55537, 0.06767, 1.02182, -1.58580
-0.11454, 0.92160, -1.48385, 0.19746, 0.95127, -1.41356, 0.08870, 1.02027, -1.55530, 0.06771, 1.02174, -1.58569
-0.11425, 0.92158, -1.48381, 0.19759, 0.95125, -1.41369, 0.08867, 1.02006, -1.55521, 0.06781, 1.02162, -1.58560
-0.11391, 0.92161, -1.48382, 0.19794, 0.95120, -1.41378, 0.08877, 1.01996, -1.55519, 0.06785, 1.02154, -1.58555
-0.11362, 0.92161, -1.48389, 0.19837, 0.95108, -1.41387, 0.08898, 1.01989, -1.55519, 0.06791, 1.02145, -1.58548
-0.11335, 0.92164, -1.48408, 0.19877, 0.95098, -1.41400, 0.08921, 1.01984, -1.55528, 0.06790, 1.02139, -1.58553
-0.11319, 0.92164, -1.48445, 0.19914, 0.95087, -1.41421, 0.08954, 1.01980, -1.55532, 0.06789, 1.02132, -1.58567
-0.11319, 0.92166, -1.48485, 0.19929, 0.95081, -1.41450, 0.08979, 1.01980, -1.55544, 0.06778, 1.02130, -1.58589
-0.11324, 0.92166, -1.48537, 0.19938, 0.95074, -1.41479, 0.09007, 1.01976, -1.55556, 0.06768, 1.02125, -1.58615
-0.11332, 0.92162, -1.48578, 0.19930, 0.95072, -1.41512, 0.09018, 1.01967, -1.55563, 0.06758, 1.02117, -1.58635
-0.11341, 0.92157, -1.48603, 0.19905, 0.95072, -1.41538, 0.09018, 1.01954, -1.55572, 0.06750, 1.02105, -1.58646
-0.11342, 0.92151, -1.48622, 0.19880, 0.95073, -1.41560, 0.09014, 1.01938, -1.55577, 0.06752, 1.02094, -1.58656
-0.11345, 0.92144, -1.48632, 0.19852, 0.95075, -1.41584, 0.09002, 1.01920, -1.55585, 0.06756, 1.02081, -1.58659
-0.11344, 0.92136, -1.48638, 0.19826, 0.95070, -1.41602, 0.08981, 1.01894, -1.55590, 0.06762, 1.02063, -1.58651
-0.11338, 0.92129, -1.48634, 0.19808, 0.95064, -1.41623, 0.08960, 1.01871, -1.55598, 0.06772, 1.02046, -1.58643
-0.11335, 0.92127, -1.48630, 0.19793, 0.95059, -1.41636, 0.08941, 1.01854, -1.55605, 0.06782, 1.02036, -1.58638
-0.11337, 0.92129, -1.48630, 0.19790, 0.95056, -1.41641, 0.08939, 1.01859, -1.55612, 0.06797, 1.02038, -1.58639
-0.11340, 0.92139, -1.48630, 0.19796, 0.95056, -1.41644, 0.08950, 1.01876, -1.55618, 0.06808, 1.02048, -1.58645
-0.11341, 0.92149, -1.48638, 0.19811, 0.95060, -1.41640, 0.08975, 1.01896, -1.55623, 0.06823, 1.02062, -1.58659
-0.11352, 0.92161, -1.48643, 0.19824, 0.95061, -1.41629, 0.09000, 1.01914, -1.55624, 0.06835, 1.02075, -1.58668
-0.11364, 0.92172, -1.48647, 0.19837, 0.95063, -1.41600, 0.09035, 1.01934, -1.55620, 0.06845, 1.02087, -1.58681
-0.11373, 0.92180, -1.48654, 0.19850, 0.95064, -1.41570, 0.09066, 1.01945, -1.55614, 0.06858, 1.02094, -1.58693
-0.11376, 0.92191, -1.48641, 0.19859, 0.95070, -1.41527, 0.09091, 1.01956, -1.55601, 0.06876, 1.02106, -1.58700
-0.11375, 0.92199, -1.48617, 0.19857, 0.95075, -1.41487, 0.09094, 1.01955, -1.55588, 0.06890, 1.02112, -1.58707
-0.11377, 0.92204, -1.48575, 0.19841, 0.95085, -1.41446, 0.09080, 1.01951, -1.55574, 0.06906, 1.02119, -1.58701
-0.11373, 0.92208, -1.48526, 0.19824, 0.95092, -1.41407, 0.09064, 1.01949, -1.55563, 0.06920, 1.02128, -1.58690
-0.11381, 0.92211, -1.48479, 0.19795, 0.95101, -1.41383, 0.09035, 1.01955, -1.55561, 0.06931, 1.02136, -1.58673
-0.11397, 0.92213, -1.48421, 0.19765, 0.95110, -1.41358, 0.09005, 1.01970, -1.55563, 0.06938, 1.02149, -1.58648
-0.11424, 0.92213, -1.48367, 0.19728, 0.95117, -1.41345, 0.08965, 1.01989, -1.55566, 0.06935, 1.02158, -1.58615
-0.11442, 0.92214, -1.48319, 0.19704, 0.95118, -1.41327, 0.08940, 1.02015, -1.55571, 0.06938, 1.02169, -1.58586
-0.11470, 0.92216, -1.48285, 0.19692, 0.95117, -1.41312, 0.08921, 1.02045, -1.55575, 0.06933, 1.02180, -1.58557
-0.11500, 0.92220, -1.48255, 0.19679, 0.95115, -1.41293, 0.08901, 1.02075, -1.55579, 0.06927, 1.02193, -1.58530
-0.11519, 0.92227, -1.48233, 0.19679, 0.95115, -1.41272, 0.08888, 1.02096, -1.55582, 0.06918, 1.02204, -1.58507
-0.11529, 0.92237, -1.48218, 0.19684, 0.95119, -1.41258, 0.08876, 1.02103, -1.55580, 0.06905, 1.02217, -1.58498
-0.11530, 0.92243, -1.48216, 0.19698, 0.95125, -1.41249, 0.08868, 1.02094, -1.55579, 0.06897, 1.02224, -1.58495
-0.11536, 0.92252, -1.48213, 0.19697, 0.95131, -1.41244, 0.08846, 1.02079, -1.55581, 0.06876, 1.02231, -1.58492
-0.11540, 0.92256, -1.48213, 0.19684, 0.95137, -1.41245, 0.08815, 1.02052, -1.55579, 0.06859, 1.02229, -1.58492
-0.11559, 0.92252, -1.48212, 0.19653, 0.95140, -1.41256, 0.08773, 1.02016, -1.55581, 0.06829, 1.02223, -1.58486
-0.11575, 0.92249, -1.48219, 0.19618, 0.95139, -1.41275, 0.08726, 1.01979, -1.55582, 0.06798, 1.02213, -1.58482
-0.11595, 0.92242, -1.48231, 0.19593, 0.95129, -1.41292, 0.08693, 1.01944, -1.55579, 0.06774, 1.02198, -1.58473
-0.11617, 0.92234, -1.48249, 0.19579, 0.95108, -1.41312, 0.08665, 1.01918, -1.55578, 0.06746, 1.02184, -1.58466
-0.11637, 0.92229, -1.48272, 0.19573, 0.95083, -1.41329, 0.08651, 1.01900, -1.55578, 0.06729, 1.02171, -1.58463
-0.11655, 0.92227, -1.48302, 0.19583, 0.95057, -1.41357, 0.08648, 1.01885, -1.55580, 0.06715, 1.02159, -1.58457
-0.11668, 0.92236, -1.48336, 0.19606, 0.95038, -1.41384, 0.08670, 1.01882, -1.55590, 0.06714, 1.02155, -1.58458
-0.11671, 0.92248, -1.48371, 0.19641, 0.95021, -1.41416, 0.08702, 1.01883, -1.55599, 0.06723, 1.02153, -1.58465
-0.11669, 0.92267, -1.48391, 0.19674, 0.95015, -1.41435, 0.08737, 1.01890, -1.55613, 0.06739, 1.02158, -1.58474
-0.11661, 0.92287, -1.48400, 0.19697, 0.95020, -1.41441, 0.08770, 1.01891, -1.55626, 0.06757, 1.02164, -1.58487
-0.11653, 0.92308, -1.48391, 0.19702, 0.95031, -1.41439, 0.08791, 1.01888, -1.55636, 0.06773, 1.02170, -1.58499
-0.11646, 0.92329, -1.48377, 0.19695, 0.95048, -1.41429, 0.08804, 1.01884, -1.55648, 0.06786, 1.02176, -1.58511
-0.11629, 0.92343, -1.48364, 0.19686, 0.95062, -1.41419, 0.08815, 1.01877, -1.55656, 0.06804, 1.02176, -1.58525
-0.11617, 0.92349, -1.48358, 0.19658, 0.95066, -1.41412, 0.08811, 1.01862, -1.55659, 0.06815, 1.02166, -1.58533
-0.11607, 0.92352, -1.48355, 0.19631, 0.95065, -1.41411, 0.08806, 1.01849, -1.55662, 0.06829, 1.02154, -1.58545
-0.11613, 0.92356, -1.48354, 0.19593, 0.95061, -1.41413, 0.08799, 1.01842, -1.55665, 0.06839, 1.02144, -1.58556
-0.11623, 0.92360, -1.48371, 0.19565, 0.95043, -1.41429, 0.08812, 1.01845, -1.55669, 0.06854, 1.02136, -1.58584
-0.11650, 0.92367, -1.48390, 0.19530, 0.95022, -1.41450, 0.08825, 1.01853, -1.55674, 0.06867, 1.02131, -1.58611
-0.11681, 0.92377, -1.48412, 0.19508, 0.94994, -1.41467, 0.08857, 1.01863, -1.55673, 0.06884, 1.02127, -1.58639
-0.11720, 0.92392, -1.48435, 0.19497, 0.94968, -1.41478, 0.08893, 1.01867, -1.55667, 0.06907, 1.02126, -1.58673
-0.11760, 0.92413, -1.48454, 0.19501, 0.94940, -1.41481, 0.08950, 1.01871, -1.55654, 0.06938, 1.02126, -1.58711
-0.11803, 0.92434, -1.48468, 0.19507, 0.94916, -1.41476, 0.09002, 1.01870, -1.55638, 0.06965, 1.02123, -1.58744
-0.11835, 0.92458, -1.48468, 0.19512, 0.94898, -1.41451, 0.09055, 1.01875, -1.55625, 0.07005, 1.02124, -1.58775
-0.11858, 0.92480, -1.48460, 0.19513, 0.94893, -1.41413, 0.09095, 1.01877, -1.55610, 0.07041, 1.02121, -1.58795
-0.11871, 0.92505, -1.48447, 0.19517, 0.94891, -1.41368, 0.09138, 1.01885, -1.55596, 0.07090, 1.02120, -1.58817
-0.11875, 0.92529, -1.48423, 0.19518, 0.94896, -1.41314, 0.09186, 1.01893, -1.55576, 0.07147, 1.02122, -1.58838
-0.11876, 0.92557, -1.48391, 0.19508, 0.94904, -1.41253, 0.09231, 1.01908, -1.55549, 0.07209, 1.02130, -1.58854
-0.11878, 0.92582, -1.48355, 0.19493, 0.94911, -1.41190, 0.09280, 1.01930, -1.55519, 0.07274, 1.02140, -1.58870
-0.11900, 0.92612, -1.48320, 0.19463, 0.94914, -1.41143, 0.09316, 1.01950, -1.55496, 0.07327, 1.02151, -1.58886
-0.11946, 0.92641, -1.48296, 0.19422, 0.94902, -1.41120, 0.09344, 1.01970, -1.55481, 0.07359, 1.02156, -1.58902
-0.12028, 0.92668, -1.48275, 0.19364, 0.94880, -1.41118, 0.09357, 1.01987, -1.55474, 0.07366, 1.02160, -1.58915
-0.12115, 0.92696, -1.48266, 0.19301, 0.94850, -1.41122, 0.09368, 1.02004, -1.55470, 0.07369, 1.02159, -1.58931
-0.12214, 0.92716, -1.48264, 0.19242, 0.94821, -1.41137, 0.09376, 1.02016, -1.55472, 0.07358, 1.02157, -1.58940
-0.12315, 0.92730, -1.48270, 0.19190, 0.94789, -1.41141, 0.09387, 1.02023, -1.55472, 0.07345, 1.02150, -1.58954
-0.12408, 0.92738, -1.48291, 0.19142, 0.94761, -1.41155, 0.09405, 1.02026, -1.55478, 0.07335, 1.02140, -1.58967
-0.12496, 0.92742, -1.48311, 0.19095, 0.94737, -1.41174, 0.09417, 1.02019, -1.55482, 0.07327, 1.02125, -1.58980
-0.12535, 0.92743, -1.48336, 0.19072, 0.94727, -1.41179, 0.09455, 1.02009, -1.55479, 0.07362, 1.02113, -1.58995
-0.12563, 0.92738, -1.48370, 0.19049, 0.94722, -1.41195, 0.09490, 1.01987, -1.55474, 0.07401, 1.02095, -1.59011
-0.12585, 0.92733, -1.48395, 0.19022, 0.94717, -1.41213, 0.09526, 1.01966, -1.55476, 0.07441, 1.02079, -1.59023
-0.12621, 0.92728, -1.48424, 0.18978, 0.94707, -1.41252, 0.09539, 1.01939, -1.55479, 0.07460, 1.02055, -1.59027
-0.12663, 0.92722, -1.48452, 0.18921, 0.94691, -1.41306, 0.09546, 1.01907, -1.55485, 0.07460, 1.02027, -1.59027
-0.12715, 0.92716, -1.48475, 0.18866, 0.94670, -1.41361, 0.09552, 1.01876, -1.55490, 0.07459, 1.02001, -1.59024
-0.12773, 0.92710, -1.48494, 0.18812, 0.94644, -1.41412, 0.09567, 1.01848, -1.55497, 0.07449, 1.01978, -1.59021
-0.12850, 0.92704, -1.48513, 0.18765, 0.94604, -1.41463, 0.09600, 1.01823, -1.55506, 0.07432, 1.01957, -1.59022
-0.12932, 0.92699, -1.48531, 0.18717, 0.94562, -1.41513, 0.09628, 1.01798, -1.55512, 0.07412, 1.01936, -1.59016
-0.13012, 0.92698, -1.48549, 0.18670, 0.94525, -1.41548, 0.09667, 1.01779, -1.55517, 0.07400, 1.01924, -1.59015
-0.13092, 0.92695, -1.48581, 0.18614, 0.94495, -1.41586, 0.09704, 1.01761, -1.55523, 0.07399, 1.01908, -1.59011
-0.13174, 0.92694, -1.48608, 0.18550, 0.94473, -1.41615, 0.09734, 1.01746, -1.55530, 0.07402, 1.01894, -1.59006
-0.13258, 0.92692, -1.48637, 0.18479, 0.94455, -1.41640, 0.09755, 1.01727, -1.55536, 0.07405, 1.01875, -1.58994
-0.13344, 0.92684, -1.48647, 0.18384, 0.94445, -1.41656, 0.09760, 1.01702, -1.55538, 0.07398, 1.01851, -1.58964
-0.13428, 0.92672, -1.48647, 0.18289, 0.94437, -1.41669, 0.09761, 1.01673, -1.55535, 0.07400, 1.01821, -1.58926
-0.13512, 0.92660, -1.48637, 0.18184, 0.94429, -1.41671, 0.09759, 1.01645, -1.55539, 0.07395, 1.01794, -1.58881
-0.13599, 0.92643, -1.48620, 0.18082, 0.94418, -1.41672, 0.09764, 1.01616, -1.55535, 0.07396, 1.01765, -1.58835
-0.13689, 0.92629, -1.48593, 0.17981, 0.94403, -1.41665, 0.09783, 1.01597, -1.55530, 0.07404, 1.01745, -1.58786
-0.13781, 0.92618, -1.48557, 0.17884, 0.94387, -1.41651, 0.09800, 1.01584, -1.55529, 0.07416, 1.01733, -1.58742
-0.13882, 0.92614, -1.48516, 0.17787, 0.94373, -1.41630, 0.09827, 1.01587, -1.55533, 0.07431, 1.01729, -1.58703
-0.13993, 0.92619, -1.48477, 0.17687, 0.94357, -1.41605, 0.09848, 1.01609, -1.55539, 0.07443, 1.01737, -1.58665
-0.14114, 0.92633, -1.48421, 0.17587, 0.94347, -1.41568, 0.09862, 1.01650, -1.55552, 0.07457, 1.01757, -1.58635
-0.14228, 0.92648, -1.48366, 0.17489, 0.94338, -1.41522, 0.09878, 1.01695, -1.55564, 0.07475, 1.01782, -1.58601
-0.14338, 0.92662, -1.48288, 0.17397, 0.94337, -1.41456, 0.09891, 1.01746, -1.55574, 0.07505, 1.01813, -1.58566
-0.14438, 0.92675, -1.48205, 0.17313, 0.94345, -1.41374, 0.09899, 1.01798, -1.55588, 0.07538, 1.01851, -1.58528
-0.14537, 0.92685, -1.48114, 0.17232, 0.94353, -1.41285, 0.09907, 1.01846, -1.55597, 0.07578, 1.01885, -1.58482
-0.14627, 0.92690, -1.48034, 0.17146, 0.94369, -1.41194, 0.09914, 1.01892, -1.55608, 0.07618, 1.01921, -1.58435
-0.14712, 0.92688, -1.47962, 0.17067, 0.94390, -1.41104, 0.09922, 1.01927, -1.55615, 0.07666, 1.01953, -1.58380
-0.14794, 0.92686, -1.47894, 0.16988, 0.94413, -1.41012, 0.09934, 1.01959, -1.55622, 0.07712, 1.01983, -1.58326
-0.14877, 0.92685, -1.47838, 0.16912, 0.94436, -1.40931, 0.09945, 1.01990, -1.55629, 0.07754, 1.02014, -1.58278
-0.14960, 0.92693, -1.47778, 0.16833, 0.94457, -1.40853, 0.09964, 1.02023, -1.55630, 0.07793, 1.02049, -1.58237
-0.15047, 0.92699, -1.47734, 0.16762, 0.94473, -1.40795, 0.09985, 1.02047, -1.55637, 0.07826, 1.02081, -1.58199
-0.15133, 0.92705, -1.47695, 0.16693, 0.94486, -1.40748, 0.10003, 1.02072, -1.55645, 0.07853, 1.02110, -1.58171
-0.15208, 0.92701, -1.47670, 0.16638, 0.94485, -1.40719, 0.10027, 1.02081, -1.55661, 0.07887, 1.02135, -1.58147
-0.15284, 0.92689, -1.47660, 0.16592, 0.94475, -1.40705, 0.10047, 1.02079, -1.55675, 0.07918, 1.02148, -1.58121
-0.15353, 0.92672, -1.47659, 0.16550, 0.94459, -1.40706, 0.10065, 1.02070, -1.55695, 0.07947, 1.02155, -1.58097
-0.15411, 0.92653, -1.47675, 0.16511, 0.94448, -1.40717, 0.10079, 1.02059, -1.55724, 0.07978, 1.02157, -1.58075
-0.15466, 0.92630, -1.47714, 0.16464, 0.94438, -1.40745, 0.10085, 1.02041, -1.55758, 0.08002, 1.02151, -1.58053
-0.15516, 0.92606, -1.47758, 0.16420, 0.94432, -1.40773, 0.10087, 1.02025, -1.55793, 0.08028, 1.02147, -1.58029
-0.15555, 0.92586, -1.47803, 0.16381, 0.94429, -1.40795, 0.10098, 1.02011, -1.55825, 0.08054, 1.02146, -1.58008
-0.15602, 0.92575, -1.47836, 0.16331, 0.94434, -1.40806, 0.10101, 1.02005, -1.55859, 0.08073, 1.02155, -1.57990
-0.15641, 0.92569, -1.47861, 0.16290, 0.94442, -1.40804, 0.10111, 1.02004, -1.55888, 0.08097, 1.02171, -1.57969
-0.15674, 0.92564, -1.47887, 0.16259, 0.94452, -1.40798, 0.10129, 1.02004, -1.55916, 0.08122, 1.02193, -1.57956
-0.15707, 0.92555, -1.47909, 0.16234, 0.94457, -1.40787, 0.10154, 1.02001, -1.55948, 0.08148, 1.02215, -1.57944
-0.15728, 0.92546, -1.47924, 0.16228, 0.94460, -1.40763, 0.10192, 1.01995, -1.55977, 0.08184, 1.02242, -1.57941
-0.15743, 0.92537, -1.47940, 0.16228, 0.94461, -1.40743, 0.10237, 1.01989, -1.56010, 0.08226, 1.02272, -1.57940
-0.15753, 0.92525, -1.47963, 0.16229, 0.94461, -1.40730, 0.10285, 1.01981, -1.56039, 0.08270, 1.02300, -1.57943
-0.15750, 0.92514, -1.47989, 0.16230, 0.94464, -1.40727, 0.10338, 1.01975, -1.56064, 0.08315, 1.02332, -1.57946
-0.15735, 0.92500, -1.48021, 0.16237, 0.94464, -1.40724, 0.10400, 1.01963, -1.56086, 0.08376, 1.02361, -1.57949
-0.15727, 0.92485, -1.48051, 0.16235, 0.94465, -1.40727, 0.10448, 1.01950, -1.56105, 0.08431, 1.02385, -1.57943
-0.15716, 0.92468, -1.48069, 0.16232, 0.94466, -1.40723, 0.10486, 1.01935, -1.56121, 0.08496, 1.02406, -1.57931
-0.15708, 0.92452, -1.48086, 0.16226, 0.94466, -1.40718, 0.10523, 1.01920, -1.56134, 0.08563, 1.02423, -1.57912
-0.15710, 0.92435, -1.48101, 0.16207, 0.94469, -1.40706, 0.10546, 1.01911, -1.56151, 0.08619, 1.02436, -1.57889
-0.15715, 0.92424, -1.48105, 0.16189, 0.94475, -1.40674, 0.10577, 1.01914, -1.56165, 0.08688, 1.02452, -1.57864
-0.15734, 0.92416, -1.48113, 0.16165, 0.94486, -1.40635, 0.10607, 1.01933, -1.56189, 0.08752, 1.02468, -1.57846
-0.15753, 0.92410, -1.48125, 0.16148, 0.94498, -1.40591, 0.10640, 1.01956, -1.56207, 0.08814, 1.02485, -1.57829
-0.15772, 0.92406, -1.48131, 0.16125, 0.94514, -1.40535, 0.10681, 1.01990, -1.56220, 0.08873, 1.02514, -1.57819
-0.15785, 0.92400, -1.48140, 0.16114, 0.94534, -1.40478, 0.10737, 1.02027, -1.56226, 0.08934, 1.02551, -1.57819
-0.15792, 0.92396, -1.48142, 0.16113, 0.94555, -1.40413, 0.10796, 1.02070, -1.56227, 0.08998, 1.02594, -1.57825
-0.15805, 0.92389, -1.48135, 0.16103, 0.94574, -1.40351, 0.10834, 1.02110, -1.56224, 0.09056, 1.02639, -1.57825
-0.15803, 0.92377, -1.48112, 0.16108, 0.94592, -1.40288, 0.10859, 1.02147, -1.56221, 0.09126, 1.02685, -1.57823
-0.15810, 0.92362, -1.48075, 0.16106, 0.94605, -1.40226, 0.10865, 1.02179, -1.56214, 0.09187, 1.02728, -1.57811
-0.15817, 0.92346, -1.48037, 0.16098, 0.94619, -1.40170, 0.10863, 1.02209, -1.56206, 0.09246, 1.02771, -1.57799
-0.15840, 0.92330, -1.47995, 0.16078, 0.94630, -1.40125, 0.10847, 1.02239, -1.56201, 0.09294, 1.02804, -1.57771
-0.15875, 0.92313, -1.47952, 0.16042, 0.94640, -1.40075, 0.10826, 1.02269, -1.56196, 0.09330, 1.02833, -1.57738
-0.15918, 0.92295, -1.47919, 0.16005, 0.94648, -1.40037, 0.10808, 1.02297, -1.56194, 0.09360, 1.02857, -1.57700
-0.15960, 0.92280, -1.47895, 0.15975, 0.94661, -1.39991, 0.10804, 1.02326, -1.56193, 0.09381, 1.02886, -1.57676
-0.15986, 0.92267, -1.47890, 0.15972, 0.94677, -1.39933, 0.10827, 1.02357, -1.56194, 0.09407, 1.02919, -1.57664
-0.16014, 0.92249, -1.47896, 0.15970, 0.94691, -1.39882, 0.10858, 1.02384, -1.56195, 0.09419, 1.02949, -1.57656
-0.16040, 0.92236, -1.47907, 0.15976, 0.94705, -1.39831, 0.10891, 1.02413, -1.56192, 0.09426, 1.02982, -1.57655
-0.16048, 0.92220, -1.47921, 0.15993, 0.94717, -1.39792, 0.10933, 1.02438, -1.56188, 0.09438, 1.03017, -1.57659
-0.16059, 0.92205, -1.47939, 0.16008, 0.94723, -1.39769, 0.10963, 1.02458, -1.56179, 0.09437, 1.03047, -1.57661
-0.16067, 0.92185, -1.47959, 0.16013, 0.94726, -1.39757, 0.10986, 1.02470, -1.56173, 0.09433, 1.03068, -1.57660
-0.16078, 0.92157, -1.47978, 0.15999, 0.94721, -1.39765, 0.10979, 1.02467, -1.56168, 0.09421, 1.03078, -1.57652
-0.16090, 0.92119, -1.48000, 0.15976, 0.94707, -1.39795, 0.10953, 1.02452, -1.56159, 0.09404, 1.03072, -1.57635
-0.16094, 0.92079, -1.48028, 0.15953, 0.94693, -1.39830, 0.10919, 1.02430, -1.56157, 0.09391, 1.03064, -1.57619
-0.16084, 0.92042, -1.48055, 0.15948, 0.94679, -1.39860, 0.10885, 1.02406, -1.56154, 0.09374, 1.03053, -1.57602
-0.16060, 0.92008, -1.48089, 0.15969, 0.94668, -1.39884, 0.10860, 1.02380, -1.56158, 0.09368, 1.03044, -1.57597
-0.16024, 0.91977, -1.48125, 0.16005, 0.94658, -1.39905, 0.10838, 1.02354, -1.56160, 0.09362, 1.03037, -1.57595
-0.15982, 0.91952, -1.48166, 0.16057, 0.94651, -1.39922, 0.10834, 1.02334, -1.56163, 0.09366, 1.03037, -1.57603
-0.15929, 0.91937, -1.48206, 0.16136, 0.94646, -1.39926, 0.10863, 1.02322, -1.56160, 0.09387, 1.03046, -1.57623
-0.15871, 0.91930, -1.48255, 0.16223, 0.94645, -1.39936, 0.10905, 1.02316, -1.56161, 0.09408, 1.03059, -1.57660
-0.15812, 0.91922, -1.48297, 0.16305, 0.94645, -1.39940, 0.10951, 1.02313, -1.56157, 0.09430, 1.03075, -1.57694
-0.15762, 0.91914, -1.48339, 0.16360, 0.94647, -1.39943, 0.10976, 1.02308, -1.56161, 0.09439, 1.03085, -1.57722
-0.15715, 0.91902, -1.48373, 0.16401, 0.94651, -1.39949, 0.10993, 1.02303, -1.56165, 0.09441, 1.03091, -1.57746
-0.15672, 0.91891, -1.48406, 0.16420, 0.94656, -1.39961, 0.10997, 1.02295, -1.56172, 0.09437, 1.03094, -1.57762
-0.15643, 0.91875, -1.48434, 0.16415, 0.94659, -1.39981, 0.10980, 1.02282, -1.56173, 0.09422, 1.03087, -1.57764
-0.15619, 0.91856, -1.48454, 0.16388, 0.94658, -1.40010, 0.10943, 1.02258, -1.56168, 0.09393, 1.03073, -1.57756
-0.15602, 0.91838, -1.48466, 0.16352, 0.94658, -1.40046, 0.10897, 1.02239, -1.56162, 0.09360, 1.03058, -1.57742
-0.15581, 0.91818, -1.48469, 0.16329, 0.94654, -1.40071, 0.10860, 1.02221, -1.56155, 0.09328, 1.03044, -1.57728
-0.15565, 0.91805, -1.48467, 0.16324, 0.94649, -1.40090, 0.10833, 1.02210, -1.56145, 0.09301, 1.03038, -1.57717
-0.15541, 0.91793, -1.48466, 0.16342, 0.94642, -1.40099, 0.10827, 1.02204, -1.56134, 0.09283, 1.03035, -1.57708
-0.15516, 0.91787, -1.48457, 0.16377, 0.94636, -1.40093, 0.10828, 1.02207, -1.56115, 0.09271, 1.03042, -1.57709
-0.15489, 0.91791, -1.48436, 0.16432, 0.94633, -1.40060, 0.10849, 1.02221, -1.56095, 0.09277, 1.03063, -1.57721
-0.15465, 0.91803, -1.48417, 0.16497, 0.94634, -1.40014, 0.10877, 1.02245, -1.56069, 0.09292, 1.03092, -1.57744
-0.15434, 0.91816, -1.48397, 0.16572, 0.94635, -1.39960, 0.10915, 1.02268, -1.56039, 0.09319, 1.03120, -1.57768
-0.15412, 0.91831, -1.48382, 0.16617, 0.94642, -1.39909, 0.10938, 1.02294, -1.56017, 0.09339, 1.03147, -1.57799
-0.15397, 0.91844, -1.48374, 0.16636, 0.94656, -1.39862, 0.10949, 1.02317, -1.55991, 0.09365, 1.03167, -1.57823
-0.15390, 0.91852, -1.48366, 0.16636, 0.94669, -1.39822, 0.10942, 1.02335, -1.55967, 0.09381, 1.03178, -1.57844
-0.15377, 0.91858, -1.48365, 0.16634, 0.94682, -1.39792, 0.10929, 1.02349, -1.55944, 0.09397, 1.03185, -1.57857
-0.15372, 0.91853, -1.48361, 0.16620, 0.94690, -1.39782, 0.10891, 1.02354, -1.55923, 0.09391, 1.03183, -1.57850
-0.15362, 0.91848, -1.48359, 0.16611, 0.94693, -1.39780, 0.10851, 1.02356, -1.55908, 0.09381, 1.03175, -1.57841
-0.15343, 0.91838, -1.48358, 0.16617, 0.94692, -1.39782, 0.10826, 1.02353, -1.55883, 0.09372, 1.03168, -1.57828
-0.15310, 0.91829, -1.48359, 0.16654, 0.94680, -1.39784, 0.10834, 1.02345, -1.55848, 0.09377, 1.03159, -1.57814
-0.15269, 0.91822, -1.48369, 0.16718, 0.94662, -1.39800, 0.10865, 1.02333, -1.55809, 0.09382, 1.03150, -1.57807
-0.15213, 0.91821, -1.48381, 0.16804, 0.94646, -1.39801, 0.10924, 1.02326, -1.55769, 0.09406, 1.03151, -1.57817
-0.15167, 0.91824, -1.48407, 0.16885, 0.94634, -1.39806, 0.10993, 1.02328, -1.55737, 0.09431, 1.03163, -1.57835
-0.15122, 0.91838, -1.48444, 0.16967, 0.94637, -1.39795, 0.11076, 1.02349, -1.55714, 0.09462, 1.03193, -1.57881
-0.15079, 0.91854, -1.48489, 0.17051, 0.94644, -1.39780, 0.11168, 1.02376, -1.55694, 0.09503, 1.03232, -1.57935
-0.15028, 0.91871, -1.48537, 0.17127, 0.94655, -1.39754, 0.11251, 1.02407, -1.55672, 0.09546, 1.03274, -1.57994
-0.14993, 0.91881, -1.48567, 0.17177, 0.94674, -1.39723, 0.11295, 1.02441, -1.55652, 0.09587, 1.03317, -1.58045
-0.14942, 0.91890, -1.48601, 0.17231, 0.94692, -1.39684, 0.11336, 1.02474, -1.55630, 0.09636, 1.03361, -1.58101
-0.14893, 0.91891, -1.48638, 0.17277, 0.94706, -1.39658, 0.11363, 1.02497, -1.55606, 0.09685, 1.03396, -1.58144
-0.14830, 0.91881, -1.48689, 0.17330, 0.94708, -1.39655, 0.11384, 1.02500, -1.55576, 0.09722, 1.03409, -1.58178
-0.14750, 0.91864, -1.48756, 0.17390, 0.94703, -1.39675, 0.11404, 1.02488, -1.55546, 0.09759, 1.03406, -1.58207
-0.14676, 0.91848, -1.48829, 0.17449, 0.94693, -1.39702, 0.11420, 1.02470, -1.55518, 0.09787, 1.03397, -1.58232
-0.14599, 0.91837, -1.48922, 0.17530, 0.94680, -1.39746, 0.11453, 1.02455, -1.55500, 0.09827, 1.03393, -1.58273
-0.14530, 0.91837, -1.49026, 0.17622, 0.94664, -1.39796, 0.11501, 1.02443, -1.55495, 0.09869, 1.03392, -1.58325
-0.14464, 0.91841, -1.49129, 0.17717, 0.94651, -1.39841, 0.11559, 1.02436, -1.55496, 0.09914, 1.03398, -1.58384
-0.14410, 0.91850, -1.49216, 0.17810, 0.94638, -1.39874, 0.11618, 1.02433, -1.55488, 0.09962, 1.03407, -1.58439
-0.14356, 0.91863, -1.49274, 0.17901, 0.94631, -1.39873, 0.11694, 1.02438, -1.55477, 0.10028, 1.03428, -1.58488
-0.14303, 0.91876, -1.49321, 0.17985, 0.94626, -1.39860, 0.11775, 1.02442, -1.55461, 0.10099, 1.03447, -1.58533
-0.14250, 0.91892, -1.49349, 0.18059, 0.94629, -1.39834, 0.11847, 1.02451, -1.55440, 0.10175, 1.03473, -1.58572
-0.14201, 0.91900, -1.49372, 0.18105, 0.94635, -1.39814, 0.11897, 1.02449, -1.55420, 0.10229, 1.03488, -1.58590
-0.14146, 0.91906, -1.49397, 0.18137, 0.94646, -1.39806, 0.11936, 1.02442, -1.55401, 0.10280, 1.03496, -1.58607
-0.14097, 0.91910, -1.49414, 0.18155, 0.94659, -1.39792, 0.11961, 1.02436, -1.55382, 0.10324, 1.03506, -1.58611
-0.14064, 0.91911, -1.49434, 0.18153, 0.94669, -1.39788, 0.11969, 1.02429, -1.55369, 0.10350, 1.03512, -1.58616
-0.14040, 0.91912, -1.49454, 0.18143, 0.94675, -1.39791, 0.11971, 1.02428, -1.55361, 0.10366, 1.03519, -1.58625
-0.14025, 0.91914, -1.49471, 0.18132, 0.94682, -1.39787, 0.11972, 1.02430, -1.55358, 0.10381, 1.03533, -1.58634
-0.14020, 0.91920, -1.49482, 0.18126, 0.94685, -1.39782, 0.11976, 1.02443, -1.55354, 0.10394, 1.03551, -1.58648
-0.14017, 0.91936, -1.49484, 0.18144, 0.94687, -1.39766, 0.11998, 1.02472, -1.55357, 0.10413, 1.03578, -1.58670
-0.14021, 0.91953, -1.49485, 0.18169, 0.94689, -1.39742, 0.12028, 1.02509, -1.55358, 0.10437, 1.03611, -1.58700
-0.14020, 0.91973, -1.49475, 0.18207, 0.94694, -1.39704, 0.12066, 1.02554, -1.55356, 0.10467, 1.03650, -1.58728
-0.14019, 0.91992, -1.49455, 0.18248, 0.94707, -1.39654, 0.12104, 1.02597, -1.55347, 0.10504, 1.03694, -1.58747
-0.14014, 0.92010, -1.49425, 0.18286, 0.94723, -1.39595, 0.12136, 1.02638, -1.55332, 0.10539, 1.03735, -1.58757
-0.14012, 0.92022, -1.49390, 0.18319, 0.94746, -1.39531, 0.12160, 1.02680, -1.55317, 0.10577, 1.03777, -1.58761
-0.14012, 0.92032, -1.49352, 0.18329, 0.94774, -1.39474, 0.12164, 1.02716, -1.55303, 0.10613, 1.03815, -1.58756
-0.14009, 0.92034, -1.49310, 0.18314, 0.94810, -1.39418, 0.12140, 1.02747, -1.55288, 0.10645, 1.03847, -1.58741
-0.14014, 0.92036, -1.49271, 0.18285, 0.94844, -1.39375, 0.12103, 1.02774, -1.55277, 0.10666, 1.03875, -1.58723
-0.14017, 0.92035, -1.49239, 0.18255, 0.94878, -1.39336, 0.12069, 1.02805, -1.55266, 0.10692, 1.03903, -1.58705
-0.14029, 0.92030, -1.49219, 0.18221, 0.94903, -1.39320, 0.12034, 1.02841, -1.55261, 0.10700, 1.03927, -1.58692
-0.14044, 0.92026, -1.49210, 0.18196, 0.94920, -1.39310, 0.12010, 1.02881, -1.55255, 0.10706, 1.03958, -1.58684
-0.14067, 0.92018, -1.49210, 0.18175, 0.94932, -1.39310, 0.11995, 1.02918, -1.55252, 0.10706, 1.03982, -1.58675
-0.14092, 0.92010, -1.49213, 0.18174, 0.94929, -1.39306, 0.12002, 1.02957, -1.55244, 0.10699, 1.04013, -1.58674
-0.14130, 0.91998, -1.49229, 0.18182, 0.94912, -1.39307, 0.12020, 1.02989, -1.55238, 0.10682, 1.04041, -1.58674
-0.14156, 0.91986, -1.49241, 0.18198, 0.94898, -1.39303, 0.12042, 1.03019, -1.55232, 0.10674, 1.04072, -1.58671
-0.14182, 0.91975, -1.49251, 0.18209, 0.94891, -1.39295, 0.12044, 1.03042, -1.55230, 0.10663, 1.04098, -1.58673
-0.14186, 0.91964, -1.49260, 0.18226, 0.94896, -1.39279, 0.12046, 1.03058, -1.55230, 0.10675, 1.04128, -1.58669
-0.14189, 0.91953, -1.49266, 0.18231, 0.94908, -1.39266, 0.12028, 1.03070, -1.55234, 0.10684, 1.04150, -1.58664
-0.14187, 0.91939, -1.49267, 0.18232, 0.94927, -1.39244, 0.12002, 1.03080, -1.55231, 0.10695, 1.04175, -1.58650
-0.14181, 0.91924, -1.49274, 0.18224, 0.94951, -1.39224, 0.11974, 1.03093, -1.55225, 0.10708, 1.04195, -1.58633
-0.14169, 0.91909, -1.49281, 0.18217, 0.94979, -1.39206, 0.11949, 1.03107, -1.55213, 0.10728, 1.04219, -1.58616
-0.14167, 0.91888, -1.49298, 0.18209, 0.94999, -1.39193, 0.11921, 1.03113, -1.55196, 0.10737, 1.04236, -1.58597
-0.14164, 0.91866, -1.49321, 0.18210, 0.95003, -1.39189, 0.11912, 1.03110, -1.55181, 0.10740, 1.04251, -1.58587
-0.14175, 0.91841, -1.49353, 0.18216, 0.94994, -1.39197, 0.11915, 1.03095, -1.55161, 0.10736, 1.04259, -1.58574
-0.14178, 0.91816, -1.49383, 0.18236, 0.94978, -1.39201, 0.11934, 1.03080, -1.55143, 0.10744, 1.04274, -1.58568
-0.14181, 0.91793, -1.49420, 0.18259, 0.94960, -1.39210, 0.11966, 1.03067, -1.55128, 0.10753, 1.04290, -1.58568
-0.14183, 0.91774, -1.49456, 0.18278, 0.94940, -1.39222, 0.11996, 1.03059, -1.55123, 0.10756, 1.04307, -1.58573
-0.14178, 0.91755, -1.49490, 0.18303, 0.94923, -1.39228, 0.12037, 1.03054, -1.55121, 0.10768, 1.04325, -1.58581
-0.14160, 0.91742, -1.49507, 0.18330, 0.94914, -1.39216, 0.12076, 1.03062, -1.55115, 0.10790, 1.04350, -1.58585
-0.14130, 0.91729, -1.49518, 0.18345, 0.94920, -1.39194, 0.12095, 1.03078, -1.55116, 0.10815, 1.04374, -1.58579
-0.14086, 0.91717, -1.49530, 0.18369, 0.94933, -1.39160, 0.12116, 1.03099, -1.55111, 0.10844, 1.04396, -1.58575
-0.14034, 0.91707, -1.49524, 0.18391, 0.94953, -1.39118, 0.12121, 1.03123, -1.55103, 0.10875, 1.04422, -1.58569
-0.13986, 0.91691, -1.49523, 0.18417, 0.94971, -1.39077, 0.12120, 1.03136, -1.55094, 0.10902, 1.04439, -1.58554
-0.13934, 0.91672, -1.49515, 0.18439, 0.94990, -1.39042, 0.12104, 1.03144, -1.55076, 0.10916, 1.04457, -1.58538
-0.13889, 0.91655, -1.49506, 0.18468, 0.95010, -1.39009, 0.12091, 1.03152, -1.55059, 0.10929, 1.04475, -1.58522
-0.13846, 0.91636, -1.49493, 0.18498, 0.95024, -1.38979, 0.12081, 1.03161, -1.55037, 0.10936, 1.04496, -1.58513
-0.13817, 0.91622, -1.49482, 0.18530, 0.95031, -1.38960, 0.12081, 1.03172, -1.55020, 0.10936, 1.04520, -1.58505
-0.13791, 0.91605, -1.49479, 0.18562, 0.95033, -1.38950, 0.12084, 1.03181, -1.55002, 0.10936, 1.04543, -1.58501
-0.13770, 0.91594, -1.49463, 0.18591, 0.95037, -1.38929, 0.12077, 1.03201, -1.54987, 0.10935, 1.04572, -1.58501
-0.13754, 0.91585, -1.49439, 0.18612, 0.95043, -1.38903, 0.12070, 1.03228, -1.54981, 0.10933, 1.04604, -1.58506
-0.13741, 0.91579, -1.49412, 0.18632, 0.95052, -1.38870, 0.12050, 1.03264, -1.54977, 0.10939, 1.04639, -1.58505
-0.13727, 0.91568, -1.49381, 0.18644, 0.95062, -1.38834, 0.12028, 1.03298, -1.54973, 0.10938, 1.04672, -1.58503
-0.13710, 0.91553, -1.49351, 0.18653, 0.95081, -1.38791, 0.12014, 1.03333, -1.54966, 0.10946, 1.04699, -1.58498
-0.13694, 0.91533, -1.49314, 0.18653, 0.95103, -1.38739, 0.11988, 1.03369, -1.54952, 0.10946, 1.04727, -1.58478
-0.13676, 0.91512, -1.49280, 0.18655, 0.95127, -1.38688, 0.11972, 1.03400, -1.54933, 0.10948, 1.04754, -1.58456
-0.13650, 0.91494, -1.49240, 0.18676, 0.95154, -1.38620, 0.11961, 1.03431, -1.54905, 0.10946, 1.04782, -1.58430
-0.13625, 0.91480, -1.49200, 0.18701, 0.95182, -1.38550, 0.11957, 1.03461, -1.54870, 0.10943, 1.04815, -1.58405
-0.13593, 0.91467, -1.49156, 0.18743, 0.95212, -1.38467, 0.11966, 1.03490, -1.54833, 0.10946, 1.04849, -1.58382
-0.13560, 0.91457, -1.49115, 0.18790, 0.95235, -1.38404, 0.11972, 1.03516, -1.54793, 0.10944, 1.04882, -1.58364
-0.13524, 0.91454, -1.49084, 0.18840, 0.95255, -1.38360, 0.11969, 1.03542, -1.54762, 0.10942, 1.04914, -1.58350
-0.13484, 0.91453, -1.49053, 0.18888, 0.95273, -1.38331, 0.11961, 1.03567, -1.54737, 0.10936, 1.04946, -1.58343
-0.13447, 0.91451, -1.49030, 0.18935, 0.95287, -1.38313, 0.11946, 1.03584, -1.54718, 0.10931, 1.04975, -1.58337
-0.13416, 0.91440, -1.49019, 0.18959, 0.95297, -1.38313, 0.11910, 1.03593, -1.54705, 0.10909, 1.04996, -1.58331
-0.13385, 0.91424, -1.49015, 0.18976, 0.95306, -1.38319, 0.11861, 1.03594, -1.54699, 0.10886, 1.05012, -1.58330
-0.13355, 0.91405, -1.49018, 0.18991, 0.95312, -1.38333, 0.11809, 1.03590, -1.54693, 0.10858, 1.05024, -1.58326
-0.13331, 0.91385, -1.49024, 0.19008, 0.95316, -1.38341, 0.11761, 1.03587, -1.54689, 0.10826, 1.05036, -1.58319
-0.13306, 0.91365, -1.49035, 0.19035, 0.95317, -1.38346, 0.11720, 1.03587, -1.54684, 0.10790, 1.05051, -1.58314
-0.13277, 0.91345, -1.49046, 0.19071, 0.95319, -1.38349, 0.11691, 1.03588, -1.54680, 0.10757, 1.05065, -1.58310
-0.13253, 0.91327, -1.49060, 0.19115, 0.95322, -1.38357, 0.11670, 1.03589, -1.54672, 0.10724, 1.05076, -1.58302
-0.13214, 0.91315, -1.49072, 0.19180, 0.95332, -1.38368, 0.11681, 1.03597, -1.54654, 0.10702, 1.05091, -1.58300
-0.13178, 0.91305, -1.49093, 0.19251, 0.95343, -1.38388, 0.11695, 1.03606, -1.54639, 0.10679, 1.05100, -1.58296
-0.13131, 0.91297, -1.49112, 0.19329, 0.95355, -1.38403, 0.11710, 1.03614, -1.54624, 0.10666, 1.05112, -1.58296
-0.13094, 0.91285, -1.49135, 0.19399, 0.95366, -1.38424, 0.11704, 1.03614, -1.54616, 0.10643, 1.05117, -1.58294
-0.13060, 0.91272, -1.49155, 0.19455, 0.95381, -1.38442, 0.11674, 1.03610, -1.54612, 0.10616, 1.05121, -1.58293
-0.13025, 0.91256, -1.49189, 0.19514, 0.95386, -1.38473, 0.11642, 1.03600, -1.54615, 0.10593, 1.05119, -1.58296
-0.13000, 0.91239, -1.49221, 0.19558, 0.95391, -1.38507, 0.11592, 1.03590, -1.54622, 0.10561, 1.05118, -1.58303
-0.12975, 0.91220, -1.49271, 0.19603, 0.95385, -1.38562, 0.11546, 1.03569, -1.54632, 0.10536, 1.05111, -1.58313
-0.12951, 0.91200, -1.49320, 0.19637, 0.95376, -1.38614, 0.11500, 1.03549, -1.54644, 0.10505, 1.05103, -1.58327
-0.12922, 0.91183, -1.49359, 0.19660, 0.95368, -1.38654, 0.11463, 1.03532, -1.54653, 0.10473, 1.05097, -1.58339
-0.12877, 0.91170, -1.49399, 0.19674, 0.95364, -1.38669, 0.11456, 1.03521, -1.54648, 0.10450, 1.05096, -1.58356
-0.12830, 0.91158, -1.49432, 0.19683, 0.95359, -1.38675, 0.11466, 1.03511, -1.54644, 0.10428, 1.05094, -1.58371
-0.12767, 0.91147, -1.49462, 0.19694, 0.95356, -1.38665, 0.11488, 1.03501, -1.54625, 0.10413, 1.05090, -1.58389
-0.12698, 0.91138, -1.49485, 0.19715, 0.95352, -1.38636, 0.11518, 1.03492, -1.54606, 0.10406, 1.05091, -1.58409
-0.12625, 0.91127, -1.49506, 0.19743, 0.95349, -1.38596, 0.11549, 1.03482, -1.54580, 0.10404, 1.05092, -1.58430
-0.12558, 0.91119, -1.49529, 0.19775, 0.95346, -1.38560, 0.11575, 1.03471, -1.54551, 0.10404, 1.05090, -1.58453
-0.12490, 0.91107, -1.49555, 0.19813, 0.95345, -1.38534, 0.11597, 1.03454, -1.54518, 0.10408, 1.05082, -1.58472
-0.12434, 0.91095, -1.49593, 0.19859, 0.95346, -1.38531, 0.11600, 1.03434, -1.54491, 0.10412, 1.05070, -1.58501
-0.12386, 0.91086, -1.49626, 0.19901, 0.95348, -1.38533, 0.11596, 1.03415, -1.54466, 0.10412, 1.05057, -1.58528
-0.12350, 0.91075, -1.49660, 0.19938, 0.95348, -1.38542, 0.11591, 1.03399, -1.54450, 0.10411, 1.05047, -1.58555
-0.12323, 0.91064, -1.49680, 0.19966, 0.95344, -1.38549, 0.11584, 1.03388, -1.54436, 0.10410, 1.05044, -1.58581
-0.12304, 0.91053, -1.49691, 0.19991, 0.95338, -1.38563, 0.11584, 1.03382, -1.54427, 0.10407, 1.05043, -1.58607
-0.12286, 0.91044, -1.49701, 0.20016, 0.95327, -1.38570, 0.11592, 1.03377, -1.54415, 0.10402, 1.05046, -1.58632
-0.12260, 0.91038, -1.49700, 0.20059, 0.95313, -1.38564, 0.11626, 1.03380, -1.54392, 0.10410, 1.05052, -1.58658
-0.12235, 0.91038, -1.49688, 0.20105, 0.95297, -1.38544, 0.11675, 1.03390, -1.54362, 0.10423, 1.05062, -1.58679
-0.12210, 0.91037, -1.49677, 0.20152, 0.95286, -1.38519, 0.11720, 1.03405, -1.54332, 0.10437, 1.05072, -1.58698
-0.12176, 0.91039, -1.49665, 0.20200, 0.95280, -1.38490, 0.11759, 1.03424, -1.54304, 0.10457, 1.05076, -1.58715
-0.12139, 0.91044, -1.49649, 0.20243, 0.95287, -1.38445, 0.11769, 1.03454, -1.54283, 0.10476, 1.05082, -1.58731
-0.12100, 0.91050, -1.49641, 0.20283, 0.95295, -1.38400, 0.11770, 1.03480, -1.54263, 0.10497, 1.05083, -1.58745
-0.12062, 0.91053, -1.49624, 0.20315, 0.95308, -1.38346, 0.11764, 1.03509, -1.54241, 0.10516, 1.05091, -1.58758
-0.12026, 0.91051, -1.49602, 0.20337, 0.95323, -1.38290, 0.11744, 1.03527, -1.54209, 0.10534, 1.05097, -1.58769
-0.12002, 0.91046, -1.49572, 0.20344, 0.95337, -1.38234, 0.11711, 1.03544, -1.54178, 0.10544, 1.05112, -1.58775
-0.11975, 0.91042, -1.49550, 0.20361, 0.95344, -1.38183, 0.11692, 1.03556, -1.54142, 0.10559, 1.05125, -1.58786
-0.11957, 0.91037, -1.49535, 0.20384, 0.95346, -1.38156, 0.11687, 1.03571, -1.54113, 0.10572, 1.05141, -1.58803
-0.11939, 0.91034, -1.49530, 0.20421, 0.95337, -1.38145, 0.11704, 1.03588, -1.54081, 0.10589, 1.05158, -1.58818
-0.11916, 0.91032, -1.49534, 0.20475, 0.95326, -1.38140, 0.11743, 1.03604, -1.54050, 0.10616, 1.05176, -1.58839
-0.11894, 0.91033, -1.49543, 0.20537, 0.95314, -1.38138, 0.11796, 1.03629, -1.54027, 0.10642, 1.05196, -1.58864
-0.11862, 0.91036, -1.49562, 0.20617, 0.95301, -1.38133, 0.11870, 1.03661, -1.54003, 0.10673, 1.05220, -1.58891
-0.11829, 0.91038, -1.49577, 0.20694, 0.95294, -1.38129, 0.11941, 1.03695, -1.53985, 0.10702, 1.05245, -1.58915
-0.11780, 0.91041, -1.49599, 0.20777, 0.95291, -1.38110, 0.12017, 1.03721, -1.53960, 0.10741, 1.05268, -1.58943
-0.11728, 0.91040, -1.49614, 0.20837, 0.95305, -1.38079, 0.12063, 1.03730, -1.53936, 0.10774, 1.05285, -1.58954
-0.11671, 0.91034, -1.49632, 0.20888, 0.95324, -1.38042, 0.12096, 1.03728, -1.53908, 0.10804, 1.05297, -1.58964
-0.11614, 0.91025, -1.49646, 0.20927, 0.95344, -1.38004, 0.12118, 1.03721, -1.53892, 0.10833, 1.05305, -1.58967
-0.11555, 0.91012, -1.49668, 0.20961, 0.95364, -1.37980, 0.12125, 1.03713, -1.53886, 0.10867, 1.05310, -1.58972
-0.11506, 0.90997, -1.49694, 0.20987, 0.95378, -1.37969, 0.12114, 1.03702, -1.53894, 0.10894, 1.05313, -1.58974
-0.11453, 0.90982, -1.49718, 0.21019, 0.95387, -1.37967, 0.12109, 1.03693, -1.53902, 0.10923, 1.05314, -1.58975
-0.11401, 0.90976, -1.49747, 0.21072, 0.95387, -1.37979, 0.12119, 1.03687, -1.53915, 0.10951, 1.05315, -1.58990
-0.11348, 0.90977, -1.49779, 0.21154, 0.95370, -1.38010, 0.12155, 1.03680, -1.53921, 0.10979, 1.05319, -1.59006
-0.11291, 0.90985, -1.49813, 0.21247, 0.95352, -1.38044, 0.12204, 1.03680, -1.53928, 0.11014, 1.05327, -1.59027
-0.11232, 0.90994, -1.49850, 0.21338, 0.95333, -1.38074, 0.12259, 1.03678, -1.53932, 0.11045, 1.05334, -1.59052
-0.11161, 0.91005, -1.49886, 0.21425, 0.95324, -1.38094, 0.12317, 1.03672, -1.53926, 0.11083, 1.05344, -1.59084
-0.11076, 0.91016, -1.49929, 0.21516, 0.95319, -1.38100, 0.12386, 1.03666, -1.53917, 0.11128, 1.05354, -1.59121
-0.11004, 0.91024, -1.49965, 0.21584, 0.95321, -1.38103, 0.12438, 1.03659, -1.53912, 0.11170, 1.05364, -1.59156
-0.10933, 0.91024, -1.49998, 0.21634, 0.95331, -1.38082, 0.12477, 1.03651, -1.53908, 0.11215, 1.05374, -1.59177
-0.10870, 0.91017, -1.50023, 0.21667, 0.95348, -1.38056, 0.12503, 1.03643, -1.53909, 0.11261, 1.05379, -1.59198
-0.10821, 0.91008, -1.50048, 0.21683, 0.95366, -1.38033, 0.12508, 1.03639, -1.53916, 0.11296, 1.05384, -1.59213
-0.10777, 0.90999, -1.50059, 0.21705, 0.95377, -1.38012, 0.12508, 1.03639, -1.53922, 0.11326, 1.05386, -1.59217
-0.10743, 0.90991, -1.50075, 0.21732, 0.95383, -1.38010, 0.12501, 1.03645, -1.53931, 0.11350, 1.05387, -1.59216
-0.10713, 0.90983, -1.50084, 0.21761, 0.95380, -1.38014, 0.12500, 1.03654, -1.53938, 0.11374, 1.05386, -1.59212
-0.10693, 0.90976, -1.50095, 0.21788, 0.95374, -1.38029, 0.12502, 1.03662, -1.53952, 0.11391, 1.05385, -1.59207
-0.10672, 0.90969, -1.50105, 0.21813, 0.95358, -1.38051, 0.12524, 1.03671, -1.53961, 0.11402, 1.05389, -1.59208
-0.10648, 0.90963, -1.50110, 0.21840, 0.95340, -1.38069, 0.12556, 1.03679, -1.53974, 0.11420, 1.05397, -1.59211
-0.10635, 0.90957, -1.50114, 0.21861, 0.95323, -1.38088, 0.12585, 1.03686, -1.53987, 0.11433, 1.05405, -1.59213
-0.10625, 0.90948, -1.50109, 0.21880, 0.95311, -1.38095, 0.12607, 1.03693, -1.53999, 0.11453, 1.05412, -1.59217
-0.10626, 0.90934, -1.50092, 0.21882, 0.95306, -1.38088, 0.12607, 1.03701, -1.54012, 0.11468, 1.05419, -1.59218
-0.10622, 0.90922, -1.50065, 0.21892, 0.95306, -1.38071, 0.12608, 1.03711, -1.54025, 0.11493, 1.05428, -1.59218
-0.10615, 0.90907, -1.50033, 0.21896, 0.95310, -1.38038, 0.12596, 1.03721, -1.54027, 0.11512, 1.05433, -1.59213
-0.10611, 0.90894, -1.49996, 0.21892, 0.95321, -1.38005, 0.12565, 1.03730, -1.54022, 0.11525, 1.05431, -1.59188
-0.10595, 0.90881, -1.49948, 0.21899, 0.95334, -1.37959, 0.12539, 1.03747, -1.54011, 0.11540, 1.05435, -1.59166
-0.10579, 0.90873, -1.49896, 0.21904, 0.95347, -1.37910, 0.12508, 1.03767, -1.53997, 0.11554, 1.05441, -1.59143
-0.10558, 0.90868, -1.49846, 0.21919, 0.95355, -1.37866, 0.12496, 1.03784, -1.53985, 0.11561, 1.05450, -1.59120
-0.10531, 0.90864, -1.49797, 0.21941, 0.95355, -1.37826, 0.12497, 1.03803, -1.53972, 0.11569, 1.05459, -1.59101
-0.10504, 0.90865, -1.49754, 0.21971, 0.95354, -1.37785, 0.12514, 1.03827, -1.53961, 0.11585, 1.05475, -1.59089
-0.10494, 0.90859, -1.49711, 0.21995, 0.95339, -1.37753, 0.12533, 1.03855, -1.53943, 0.11596, 1.05493, -1.59071
-0.10493, 0.90853, -1.49675, 0.22014, 0.95323, -1.37724, 0.12558, 1.03890, -1.53930, 0.11603, 1.05515, -1.59060
-0.10492, 0.90846, -1.49652, 0.22043, 0.95303, -1.37700, 0.12595, 1.03922, -1.53911, 0.11622, 1.05535, -1.59049
-0.10497, 0.90835, -1.49623, 0.22058, 0.95289, -1.37681, 0.12614, 1.03953, -1.53898, 0.11632, 1.05551, -1.59032
-0.10493, 0.90821, -1.49602, 0.22083, 0.95283, -1.37659, 0.12636, 1.03981, -1.53881, 0.11650, 1.05567, -1.59013
-0.10496, 0.90806, -1.49579, 0.22092, 0.95282, -1.37642, 0.12640, 1.04007, -1.53867, 0.11659, 1.05578, -1.58991
-0.10485, 0.90795, -1.49554, 0.22112, 0.95290, -1.37617, 0.12651, 1.04034, -1.53853, 0.11678, 1.05597, -1.58968
-0.10464, 0.90785, -1.49525, 0.22130, 0.95311, -1.37581, 0.12655, 1.04060, -1.53832, 0.11700, 1.05614, -1.58946
-0.10424, 0.90781, -1.49490, 0.22157, 0.95337, -1.37529, 0.12675, 1.04087, -1.53814, 0.11730, 1.05638, -1.58925
-0.10383, 0.90776, -1.49467, 0.22191, 0.95361, -1.37481, 0.12695, 1.04111, -1.53792, 0.11762, 1.05657, -1.58905
-0.10339, 0.90772, -1.49449, 0.22233, 0.95377, -1.37430, 0.12724, 1.04136, -1.53774, 0.11791, 1.05679, -1.58890
-0.10291, 0.90769, -1.49444, 0.22283, 0.95382, -1.37381, 0.12757, 1.04157, -1.53757, 0.11820, 1.05698, -1.58880
-0.10252, 0.90764, -1.49444, 0.22332, 0.95381, -1.37341, 0.12785, 1.04172, -1.53742, 0.11839, 1.05711, -1.58875
-0.10211, 0.90759, -1.49457, 0.22386, 0.95373, -1.37321, 0.12817, 1.04180, -1.53726, 0.11866, 1.05725, -1.58873
-0.10168, 0.90754, -1.49470, 0.22444, 0.95359, -1.37309, 0.12844, 1.04184, -1.53711, 0.11900, 1.05740, -1.58882
-0.10129, 0.90745, -1.49491, 0.22500, 0.95343, -1.37311, 0.12870, 1.04180, -1.53700, 0.11927, 1.05750, -1.58893
-0.10086, 0.90738, -1.49522, 0.22554, 0.95327, -1.37326, 0.12898, 1.04167, -1.53686, 0.11955, 1.05756, -1.58905
-0.10024, 0.90733, -1.49548, 0.22619, 0.95322, -1.37337, 0.12943, 1.04158, -1.53670, 0.12003, 1.05765, -1.58920
-0.09969, 0.90727, -1.49572, 0.22674, 0.95321, -1.37348, 0.12982, 1.04146, -1.53656, 0.12044, 1.05773, -1.58930
-0.09895, 0.90723, -1.49605, 0.22749, 0.95324, -1.37356, 0.13043, 1.04135, -1.53640, 0.12100, 1.05782, -1.58942
-0.09811, 0.90723, -1.49642, 0.22832, 0.95333, -1.37357, 0.13118, 1.04128, -1.53626, 0.12162, 1.05790, -1.58952
-0.09716, 0.90724, -1.49689, 0.22931, 0.95345, -1.37351, 0.13204, 1.04123, -1.53617, 0.12226, 1.05796, -1.58968
-0.09621, 0.90727, -1.49734, 0.23037, 0.95359, -1.37339, 0.13293, 1.04121, -1.53607, 0.12295, 1.05807, -1.58979
-0.09527, 0.90731, -1.49773, 0.23134, 0.95371, -1.37330, 0.13375, 1.04123, -1.53604, 0.12358, 1.05820, -1.58996
-0.09439, 0.90738, -1.49814, 0.23230, 0.95377, -1.37327, 0.13448, 1.04125, -1.53598, 0.12416, 1.05829, -1.59013
-0.09356, 0.90744, -1.49849, 0.23319, 0.95382, -1.37328, 0.13510, 1.04128, -1.53594, 0.12465, 1.05840, -1.59029
-0.09284, 0.90746, -1.49883, 0.23387, 0.95386, -1.37344, 0.13554, 1.04128, -1.53602, 0.12505, 1.05849, -1.59051
-0.09226, 0.90743, -1.49906, 0.23426, 0.95388, -1.37370, 0.13566, 1.04116, -1.53608, 0.12524, 1.05856, -1.59061
-0.09171, 0.90737, -1.49933, 0.23455, 0.95391, -1.37408, 0.13563, 1.04100, -1.53619, 0.12538, 1.05860, -1.59080
-0.09128, 0.90731, -1.49949, 0.23465, 0.95396, -1.37451, 0.13548, 1.04084, -1.53633, 0.12544, 1.05860, -1.59087
-0.09080, 0.90727, -1.49971, 0.23484, 0.95403, -1.37495, 0.13538, 1.04066, -1.53648, 0.12557, 1.05864, -1.59100
-0.09042, 0.90719, -1.49993, 0.23497, 0.95415, -1.37548, 0.13520, 1.04043, -1.53672, 0.12554, 1.05860, -1.59106
-0.09006, 0.90717, -1.50009, 0.23509, 0.95426, -1.37589, 0.13503, 1.04026, -1.53694, 0.12557, 1.05858, -1.59106
-0.08970, 0.90719, -1.50025, 0.23536, 0.95438, -1.37620, 0.13500, 1.04013, -1.53714, 0.12567, 1.05855, -1.59105
-0.08936, 0.90725, -1.50031, 0.23580, 0.95454, -1.37623, 0.13507, 1.04017, -1.53732, 0.12584, 1.05859, -1.59106
-0.08912, 0.90731, -1.50036, 0.23615, 0.95467, -1.37630, 0.13508, 1.04023, -1.53751, 0.12594, 1.05859, -1.59100
-0.08894, 0.90734, -1.50036, 0.23638, 0.95478, -1.37632, 0.13508, 1.04028, -1.53772, 0.12604, 1.05857, -1.59090
-0.08885, 0.90732, -1.50033, 0.23643, 0.95486, -1.37640, 0.13505, 1.04031, -1.53792, 0.12612, 1.05850, -1.59081
-0.08889, 0.90726, -1.50027, 0.23623, 0.95489, -1.37653, 0.13490, 1.04029, -1.53813, 0.12614, 1.05839, -1.59062
-0.08897, 0.90716, -1.50010, 0.23593, 0.95494, -1.37669, 0.13469, 1.04029, -1.53832, 0.12615, 1.05828, -1.59039
-0.08913, 0.90705, -1.49987, 0.23544, 0.95499, -1.37701, 0.13430, 1.04030, -1.53852, 0.12608, 1.05820, -1.59014
-0.08935, 0.90695, -1.49948, 0.23476, 0.95507, -1.37735, 0.13375, 1.04037, -1.53877, 0.12595, 1.05815, -1.58983
-0.08962, 0.90683, -1.49912, 0.23410, 0.95512, -1.37777, 0.13326, 1.04043, -1.53900, 0.12580, 1.05808, -1.58954
-0.08996, 0.90672, -1.49870, 0.23344, 0.95520, -1.37815, 0.13274, 1.04055, -1.53926, 0.12556, 1.05804, -1.58922
-0.09036, 0.90665, -1.49829, 0.23289, 0.95527, -1.37848, 0.13223, 1.04072, -1.53947, 0.12527, 1.05803, -1.58885
-0.09079, 0.90658, -1.49797, 0.23237, 0.95532, -1.37885, 0.13178, 1.04086, -1.53970, 0.12490, 1.05796, -1.58850
-0.09116, 0.90652, -1.49761, 0.23194, 0.95542, -1.37913, 0.13138, 1.04102, -1.53990, 0.12450, 1.05792, -1.58811
-0.09146, 0.90644, -1.49726, 0.23162, 0.95556, -1.37931, 0.13113, 1.04119, -1.54003, 0.12418, 1.05787, -1.58773
-0.09169, 0.90634, -1.49703, 0.23147, 0.95571, -1.37946, 0.13106, 1.04132, -1.54015, 0.12393, 1.05780, -1.58729
-0.09180, 0.90623, -1.49673, 0.23138, 0.95588, -1.37950, 0.13095, 1.04146, -1.54021, 0.12364, 1.05778, -1.58687
-0.09181, 0.90605, -1.49651, 0.23127, 0.95599, -1.37958, 0.13070, 1.04158, -1.54027, 0.12336, 1.05775, -1.58640
-0.09178, 0.90578, -1.49629, 0.23113, 0.95613, -1.37967, 0.13033, 1.04163, -1.54032, 0.12297, 1.05771, -1.58590
-0.09174, 0.90549, -1.49611, 0.23099, 0.95621, -1.37984, 0.12989, 1.04165, -1.54035, 0.12255, 1.05769, -1.58547
-0.09172, 0.90513, -1.49608, 0.23080, 0.95620, -1.38017, 0.12946, 1.04152, -1.54042, 0.12210, 1.05757, -1.58500
-0.09179, 0.90471, -1.49615, 0.23051, 0.95609, -1.38078, 0.12896, 1.04124, -1.54048, 0.12156, 1.05739, -1.58461
-0.09184, 0.90428, -1.49628, 0.23028, 0.95593, -1.38142, 0.12857, 1.04094, -1.54053, 0.12108, 1.05722, -1.58422
-0.09190, 0.90386, -1.49645, 0.23011, 0.95575, -1.38208, 0.12826, 1.04066, -1.54057, 0.12062, 1.05702, -1.58386
-0.09186, 0.90355, -1.49654, 0.23012, 0.95557, -1.38270, 0.12820, 1.04051, -1.54066, 0.12030, 1.05689, -1.58353
-0.09181, 0.90322, -1.49666, 0.23025, 0.95539, -1.38335, 0.12823, 1.04041, -1.54077, 0.12003, 1.05677, -1.58326
-0.09171, 0.90293, -1.49681, 0.23045, 0.95520, -1.38392, 0.12832, 1.04034, -1.54083, 0.11975, 1.05664, -1.58298
-0.09155, 0.90262, -1.49690, 0.23075, 0.95507, -1.38436, 0.12838, 1.04039, -1.54100, 0.11947, 1.05662, -1.58272
-0.09142, 0.90233, -1.49705, 0.23102, 0.95495, -1.38481, 0.12829, 1.04041, -1.54119, 0.11909, 1.05656, -1.58247
-0.09131, 0.90199, -1.49709, 0.23122, 0.95488, -1.38516, 0.12810, 1.04038, -1.54138, 0.11869, 1.05649, -1.58221
-0.09115, 0.90170, -1.49699, 0.23126, 0.95490, -1.38534, 0.12780, 1.04027, -1.54158, 0.11828, 1.05645, -1.58192
-0.09096, 0.90143, -1.49683, 0.23113, 0.95502, -1.38540, 0.12740, 1.03997, -1.54173, 0.11797, 1.05637, -1.58164
-0.09075, 0.90116, -1.49651, 0.23091, 0.95515, -1.38538, 0.12695, 1.03959, -1.54184, 0.11766, 1.05626, -1.58131
-0.09075, 0.90089, -1.49621, 0.23048, 0.95531, -1.38543, 0.12628, 1.03922, -1.54203, 0.11722, 1.05613, -1.58096
-0.09076, 0.90060, -1.49587, 0.23003, 0.95541, -1.38556, 0.12559, 1.03891, -1.54221, 0.11680, 1.05599, -1.58060
-0.09090, 0.90030, -1.49546, 0.22949, 0.95550, -1.38572, 0.12476, 1.03869, -1.54247, 0.11632, 1.05587, -1.58023
-0.09107, 0.89999, -1.49516, 0.22907, 0.95549, -1.38598, 0.12405, 1.03844, -1.54272, 0.11583, 1.05570, -1.57985
-0.09122, 0.89969, -1.49495, 0.22893, 0.95533, -1.38624, 0.12351, 1.03827, -1.54295, 0.11533, 1.05556, -1.57953
-0.09133, 0.89941, -1.49482, 0.22908, 0.95507, -1.38653, 0.12325, 1.03813, -1.54323, 0.11488, 1.05545, -1.57932
-0.09143, 0.89916, -1.49461, 0.22930, 0.95480, -1.38673, 0.12301, 1.03804, -1.54348, 0.11441, 1.05534, -1.57906
-0.09129, 0.89898, -1.49435, 0.22977, 0.95458, -1.38671, 0.12303, 1.03795, -1.54371, 0.11413, 1.05526, -1.57884
-0.09102, 0.89885, -1.49399, 0.23025, 0.95446, -1.38644, 0.12313, 1.03784, -1.54388, 0.11387, 1.05515, -1.57863
-0.09073, 0.89875, -1.49355, 0.23069, 0.95440, -1.38614, 0.12318, 1.03771, -1.54406, 0.11364, 1.05504, -1.57842
-0.09041, 0.89864, -1.49308, 0.23097, 0.95442, -1.38578, 0.12306, 1.03756, -1.54419, 0.11333, 1.05493, -1.57818
-0.09026, 0.89847, -1.49252, 0.23072, 0.95460, -1.38558, 0.12245, 1.03728, -1.54429, 0.11282, 1.05476, -1.57789
-0.09007, 0.89827, -1.49199, 0.23031, 0.95485, -1.38538, 0.12171, 1.03698, -1.54437, 0.11226, 1.05458, -1.57765
-0.09001, 0.89807, -1.49154, 0.22974, 0.95512, -1.38540, 0.12071, 1.03664, -1.54451, 0.11154, 1.05436, -1.57740
-0.09001, 0.89784, -1.49124, 0.22918, 0.95531, -1.38568, 0.11967, 1.03625, -1.54472, 0.11066, 1.05408, -1.57717
-0.09004, 0.89760, -1.49111, 0.22873, 0.95544, -1.38611, 0.11858, 1.03585, -1.54503, 0.10973, 1.05377, -1.57700
-0.09007, 0.89740, -1.49105, 0.22838, 0.95552, -1.38668, 0.11759, 1.03546, -1.54535, 0.10879, 1.05344, -1.57690
-0.09016, 0.89723, -1.49120, 0.22824, 0.95543, -1.38750, 0.11672, 1.03507, -1.54580, 0.10779, 1.05306, -1.57688
-0.09014, 0.89709, -1.49150, 0.22847, 0.95522, -1.38844, 0.11620, 1.03471, -1.54623, 0.10693, 1.05267, -1.57697
-0.09005, 0.89701, -1.49189, 0.22888, 0.95491, -1.38942, 0.11582, 1.03431, -1.54668, 0.10611, 1.05226, -1.57713
-0.08995, 0.89693, -1.49233, 0.22937, 0.95464, -1.39042, 0.11549, 1.03387, -1.54709, 0.10526, 1.05179, -1.57731
-0.08966, 0.89690, -1.49275, 0.22994, 0.95445, -1.39117, 0.11522, 1.03333, -1.54742, 0.10442, 1.05130, -1.57744
-0.08932, 0.89687, -1.49312, 0.23051, 0.95435, -1.39182, 0.11491, 1.03275, -1.54764, 0.10358, 1.05078, -1.57756
-0.08895, 0.89684, -1.49353, 0.23098, 0.95432, -1.39246, 0.11457, 1.03213, -1.54790, 0.10266, 1.05022, -1.57768
-0.08859, 0.89679, -1.49388, 0.23114, 0.95442, -1.39298, 0.11399, 1.03146, -1.54811, 0.10166, 1.04958, -1.57773
-0.08822, 0.89674, -1.49425, 0.23112, 0.95462, -1.39349, 0.11324, 1.03077, -1.54830, 0.10057, 1.04891, -1.57780
-0.08777, 0.89667, -1.49466, 0.23106, 0.95482, -1.39402, 0.11248, 1.03007, -1.54848, 0.09955, 1.04819, -1.57790
-0.08731, 0.89661, -1.49508, 0.23104, 0.95497, -1.39470, 0.11171, 1.02942, -1.54875, 0.09852, 1.04749, -1.57805
-0.08668, 0.89654, -1.49559, 0.23121, 0.95501, -1.39555, 0.11101, 1.02884, -1.54906, 0.09771, 1.04685, -1.57834
-0.08601, 0.89646, -1.49617, 0.23152, 0.95499, -1.39647, 0.11045, 1.02827, -1.54937, 0.09695, 1.04620, -1.57872
-0.08524, 0.89639, -1.49672, 0.23209, 0.95491, -1.39730, 0.11003, 1.02776, -1.54963, 0.09633, 1.04559, -1.57916
-0.08445, 0.89637, -1.49728, 0.23300, 0.95474, -1.39798, 0.10982, 1.02725, -1.54980, 0.09578, 1.04500, -1.57966
-0.08365, 0.89635, -1.49782, 0.23410, 0.95453, -1.39855, 0.10974, 1.02677, -1.54993, 0.09535, 1.04443, -1.58018
-0.08284, 0.89639, -1.49830, 0.23512, 0.95435, -1.39899, 0.10967, 1.02634, -1.54997, 0.09492, 1.04388, -1.58070
-0.08205, 0.89649, -1.49867, 0.23595, 0.95429, -1.39920, 0.10967, 1.02595, -1.55001, 0.09463, 1.04335, -1.58121
-0.08136, 0.89667, -1.49896, 0.23641, 0.95434, -1.39932, 0.10957, 1.02562, -1.55003, 0.09430, 1.04285, -1.58172
-0.08068, 0.89686, -1.49919, 0.23678, 0.95442, -1.39938, 0.10938, 1.02529, -1.55004, 0.09396, 1.04235, -1.58218
-0.08003, 0.89703, -1.49937, 0.23689, 0.95458, -1.39946, 0.10898, 1.02501, -1.55000, 0.09356, 1.04190, -1.58254
-0.07932, 0.89714, -1.49954, 0.23693, 0.95482, -1.39960, 0.10846, 1.02476, -1.54998, 0.09309, 1.04150, -1.58287
-0.07858, 0.89721, -1.49974, 0.23702, 0.95502, -1.39985, 0.10795, 1.02447, -1.54995, 0.09264, 1.04107, -1.58321
-0.07793, 0.89730, -1.49983, 0.23705, 0.95520, -1.40000, 0.10731, 1.02423, -1.54988, 0.09214, 1.04068, -1.58346
-0.07735, 0.89736, -1.49993, 0.23730, 0.95522, -1.40029, 0.10685, 1.02394, -1.54975, 0.09162, 1.04020, -1.58374
-0.07676, 0.89742, -1.50003, 0.23773, 0.95517, -1.40054, 0.10656, 1.02367, -1.54953, 0.09123, 1.03973, -1.58402
-0.07613, 0.89751, -1.50004, 0.23833, 0.95512, -1.40066, 0.10637, 1.02347, -1.54933, 0.09092, 1.03932, -1.58429
-0.07544, 0.89764, -1.49993, 0.23912, 0.95506, -1.40062, 0.10641, 1.02333, -1.54912, 0.09070, 1.03896, -1.58462
-0.07465, 0.89784, -1.49970, 0.24006, 0.95503, -1.40038, 0.10662, 1.02331, -1.54888, 0.09063, 1.03869, -1.58494
-0.07376, 0.89801, -1.49946, 0.24116, 0.95503, -1.40007, 0.10692, 1.02330, -1.54862, 0.09063, 1.03845, -1.58525
-0.07280, 0.89816, -1.49921, 0.24225, 0.95514, -1.39972, 0.10707, 1.02330, -1.54835, 0.09057, 1.03828, -1.58554
-0.07174, 0.89826, -1.49896, 0.24335, 0.95538, -1.39937, 0.10707, 1.02328, -1.54804, 0.09040, 1.03815, -1.58581
-0.07067, 0.89831, -1.49869, 0.24433, 0.95569, -1.39897, 0.10682, 1.02328, -1.54776, 0.09019, 1.03804, -1.58601
-0.06960, 0.89833, -1.49850, 0.24527, 0.95597, -1.39871, 0.10647, 1.02314, -1.54752, 0.08986, 1.03785, -1.58615
-0.06868, 0.89832, -1.49833, 0.24591, 0.95625, -1.39845, 0.10575, 1.02297, -1.54739, 0.08941, 1.03759, -1.58627
-0.06773, 0.89830, -1.49825, 0.24656, 0.95649, -1.39824, 0.10497, 1.02274, -1.54731, 0.08895, 1.03730, -1.58641
-0.06684, 0.89821, -1.49830, 0.24719, 0.95664, -1.39831, 0.10417, 1.02244, -1.54732, 0.08839, 1.03695, -1.58654
-0.06585, 0.89815, -1.49841, 0.24792, 0.95669, -1.39851, 0.10357, 1.02217, -1.54736, 0.08785, 1.03659, -1.58679
-0.06491, 0.89808, -1.49867, 0.24873, 0.95662, -1.39898, 0.10311, 1.02185, -1.54746, 0.08728, 1.03622, -1.58710
-0.06397, 0.89799, -1.49899, 0.24963, 0.95652, -1.39957, 0.10279, 1.02156, -1.54764, 0.08666, 1.03583, -1.58745
-0.06301, 0.89790, -1.49937, 0.25061, 0.95640, -1.40022, 0.10262, 1.02129, -1.54787, 0.08599, 1.03544, -1.58788
-0.06203, 0.89786, -1.49975, 0.25170, 0.95631, -1.40088, 0.10260, 1.02106, -1.54809, 0.08530, 1.03508, -1.58827
-0.06108, 0.89781, -1.50013, 0.25275, 0.95626, -1.40155, 0.10258, 1.02081, -1.54836, 0.08459, 1.03469, -1.58869
-0.06016, 0.89779, -1.50045, 0.25369, 0.95626, -1.40216, 0.10252, 1.02051, -1.54860, 0.08386, 1.03428, -1.58902
-0.05923, 0.89783, -1.50067, 0.25456, 0.95637, -1.40262, 0.10232, 1.02010, -1.54874, 0.08321, 1.03382, -1.58929
-0.05827, 0.89792, -1.50086, 0.25526, 0.95653, -1.40299, 0.10201, 1.01961, -1.54884, 0.08259, 1.03332, -1.58953
-0.05742, 0.89802, -1.50108, 0.25584, 0.95670, -1.40345, 0.10162, 1.01907, -1.54898, 0.08199, 1.03279, -1.58978
-0.05659, 0.89812, -1.50155, 0.25621, 0.95683, -1.40421, 0.10115, 1.01840, -1.54920, 0.08140, 1.03212, -1.59011
-0.05590, 0.89824, -1.50214, 0.25639, 0.95687, -1.40518, 0.10056, 1.01768, -1.54952, 0.08080, 1.03141, -1.59052
-0.05516, 0.89836, -1.50290, 0.25659, 0.95688, -1.40622, 0.10009, 1.01697, -1.54982, 0.08030, 1.03063, -1.59099
-0.05454, 0.89846, -1.50366, 0.25681, 0.95679, -1.40738, 0.09960, 1.01634, -1.55025, 0.07976, 1.02988, -1.59148
-0.05384, 0.89858, -1.50445, 0.25725, 0.95658, -1.40850, 0.09924, 1.01581, -1.55062, 0.07928, 1.02915, -1.59198
-0.05315, 0.89870, -1.50516, 0.25779, 0.95634, -1.40959, 0.09899, 1.01536, -1.55100, 0.07884, 1.02848, -1.59249
-0.05241, 0.89884, -1.50581, 0.25842, 0.95610, -1.41060, 0.09893, 1.01493, -1.55131, 0.07841, 1.02787, -1.59291
-0.05145, 0.89910, -1.50611, 0.25929, 0.95597, -1.41124, 0.09913, 1.01459, -1.55147, 0.07816, 1.02743, -1.59335
-0.05050, 0.89939, -1.50629, 0.26016, 0.95586, -1.41184, 0.09943, 1.01425, -1.55156, 0.07785, 1.02704, -1.59370
-0.04953, 0.89968, -1.50640, 0.26102, 0.95580, -1.41232, 0.09970, 1.01389, -1.55162, 0.07753, 1.02665, -1.59403
-0.04874, 0.89999, -1.50634, 0.26160, 0.95582, -1.41268, 0.09971, 1.01356, -1.55165, 0.07704, 1.02628, -1.59422
-0.04809, 0.90027, -1.50625, 0.26196, 0.95589, -1.41292, 0.09950, 1.01318, -1.55173, 0.07643, 1.02587, -1.59432
-0.04748, 0.90055, -1.50613, 0.26221, 0.95598, -1.41314, 0.09918, 1.01283, -1.55178, 0.07582, 1.02543, -1.59441
-0.04695, 0.90081, -1.50602, 0.26239, 0.95610, -1.41333, 0.09876, 1.01247, -1.55184, 0.07516, 1.02495, -1.59447
-0.04648, 0.90109, -1.50585, 0.26246, 0.95623, -1.41348, 0.09825, 1.01212, -1.55192, 0.07458, 1.02444, -1.59445
-0.04602, 0.90138, -1.50570, 0.26256, 0.95637, -1.41359, 0.09780, 1.01183, -1.55199, 0.07408, 1.02396, -1.59447
-0.04564, 0.90171, -1.50546, 0.26267, 0.95648, -1.41368, 0.09737, 1.01162, -1.55208, 0.07364, 1.02355, -1.59450
-0.04532, 0.90213, -1.50512, 0.26289, 0.95654, -1.41377, 0.09719, 1.01152, -1.55213, 0.07329, 1.02326, -1.59466
-0.04499, 0.90260, -1.50475, 0.26319, 0.95658, -1.41383, 0.09719, 1.01152, -1.55219, 0.07308, 1.02305, -1.59485
-0.04480, 0.90309, -1.50428, 0.26345, 0.95662, -1.41388, 0.09711, 1.01160, -1.55222, 0.07278, 1.02291, -1.59502
-0.04454, 0.90358, -1.50381, 0.26376, 0.95663, -1.41393, 0.09707, 1.01169, -1.55219, 0.07252, 1.02283, -1.59517
-0.04433, 0.90406, -1.50323, 0.26402, 0.95669, -1.41385, 0.09696, 1.01191, -1.55208, 0.07225, 1.02282, -1.59530
-0.04411, 0.90453, -1.50262, 0.26426, 0.95677, -1.41379, 0.09673, 1.01211, -1.55198, 0.07191, 1.02283, -1.59541
-0.04376, 0.90494, -1.50198, 0.26450, 0.95688, -1.41368, 0.09649, 1.01225, -1.55180, 0.07168, 1.02278, -1.59543
-0.04328, 0.90529, -1.50139, 0.26483, 0.95705, -1.41351, 0.09618, 1.01225, -1.55159, 0.07159, 1.02272, -1.59546
-0.04276, 0.90563, -1.50072, 0.26511, 0.95726, -1.41329, 0.09587, 1.01228, -1.55137, 0.07151, 1.02264, -1.59546
-0.04240, 0.90597, -1.50012, 0.26527, 0.95748, -1.41314, 0.09541, 1.01225, -1.55123, 0.07132, 1.02252, -1.59540
-0.04223, 0.90636, -1.49956, 0.26516, 0.95771, -1.41311, 0.09487, 1.01226, -1.55123, 0.07096, 1.02228, -1.59535
-0.04217, 0.90678, -1.49901, 0.26502, 0.95795, -1.41316, 0.09428, 1.01228, -1.55132, 0.07058, 1.02205, -1.59530
-0.04217, 0.90721, -1.49854, 0.26488, 0.95813, -1.41327, 0.09382, 1.01232, -1.55141, 0.07017, 1.02180, -1.59525
-0.04232, 0.90759, -1.49812, 0.26469, 0.95819, -1.41360, 0.09332, 1.01238, -1.55154, 0.06952, 1.02152, -1.59512
-0.04250, 0.90794, -1.49775, 0.26466, 0.95818, -1.41396, 0.09306, 1.01244, -1.55163, 0.06886, 1.02124, -1.59504
-0.04274, 0.90824, -1.49743, 0.26454, 0.95809, -1.41446, 0.09272, 1.01249, -1.55170, 0.06814, 1.02095, -1.59494
-0.04288, 0.90845, -1.49714, 0.26458, 0.95797, -1.41494, 0.09258, 1.01247, -1.55162, 0.06743, 1.02070, -1.59486
-0.04292, 0.90855, -1.49691, 0.26477, 0.95777, -1.41543, 0.09264, 1.01234, -1.55139, 0.06683, 1.02043, -1.59478
-0.04288, 0.90864, -1.49663, 0.26500, 0.95757, -1.41586, 0.09270, 1.01219, -1.55110, 0.06632, 1.02019, -1.59472
-0.04276, 0.90875, -1.49643, 0.26520, 0.95741, -1.41633, 0.09271, 1.01205, -1.55088, 0.06590, 1.01994, -1.59466
-0.04262, 0.90894, -1.49619, 0.26525, 0.95740, -1.41678, 0.09252, 1.01202, -1.55082, 0.06568, 1.01971, -1.59465
-0.04242, 0.90918, -1.49592, 0.26522, 0.95746, -1.41718, 0.09222, 1.01203, -1.55081, 0.06552, 1.01948, -1.59463
-0.04225, 0.90945, -1.49571, 0.26511, 0.95756, -1.41759, 0.09186, 1.01207, -1.55093, 0.06540, 1.01924, -1.59465
-0.04210, 0.90974, -1.49556, 0.26493, 0.95768, -1.41800, 0.09146, 1.01213, -1.55110, 0.06531, 1.01897, -1.59467
-0.04200, 0.91003, -1.49546, 0.26472, 0.95781, -1.41837, 0.09107, 1.01221, -1.55131, 0.06523, 1.01871, -1.59467
-0.04195, 0.91033, -1.49540, 0.26446, 0.95794, -1.41871, 0.09071, 1.01232, -1.55151, 0.06515, 1.01845, -1.59467
-0.04206, 0.91063, -1.49530, 0.26419, 0.95805, -1.41901, 0.09041, 1.01245, -1.55157, 0.06498, 1.01822, -1.59464
-0.04222, 0.91090, -1.49509, 0.26398, 0.95808, -1.41919, 0.09031, 1.01261, -1.55150, 0.06482, 1.01809, -1.59459
-0.04244, 0.91118, -1.49488, 0.26375, 0.95809, -1.41937, 0.09030, 1.01276, -1.55138, 0.06466, 1.01797, -1.59445
-0.04268, 0.91146, -1.49457, 0.26354, 0.95809, -1.41952, 0.09031, 1.01296, -1.55127, 0.06446, 1.01789, -1.59432
-0.04280, 0.91176, -1.49409, 0.26344, 0.95808, -1.41965, 0.09037, 1.01319, -1.55122, 0.06439, 1.01786, -1.59410
-0.04298, 0.91206, -1.49357, 0.26322, 0.95810, -1.41976, 0.09033, 1.01342, -1.55119, 0.06425, 1.01785, -1.59387
-0.04310, 0.91234, -1.49303, 0.26308, 0.95813, -1.41977, 0.09036, 1.01365, -1.55119, 0.06422, 1.01782, -1.59358
-0.04330, 0.91260, -1.49254, 0.26275, 0.95820, -1.41978, 0.09020, 1.01382, -1.55124, 0.06413, 1.01774, -1.59332
-0.04350, 0.91282, -1.49205, 0.26241, 0.95832, -1.41969, 0.09005, 1.01394, -1.55126, 0.06412, 1.01766, -1.59301
-0.04362, 0.91302, -1.49160, 0.26209, 0.95844, -1.41961, 0.08987, 1.01403, -1.55126, 0.06419, 1.01755, -1.59270
-0.04384, 0.91322, -1.49105, 0.26170, 0.95864, -1.41939, 0.08953, 1.01422, -1.55128, 0.06422, 1.01747, -1.59237
-0.04401, 0.91342, -1.49046, 0.26140, 0.95881, -1.41917, 0.08915, 1.01443, -1.55127, 0.06438, 1.01744, -1.59204
-0.04416, 0.91363, -1.48982, 0.26113, 0.95901, -1.41881, 0.08878, 1.01474, -1.55121, 0.06453, 1.01746, -1.59170
-0.04433, 0.91385, -1.48910, 0.26089, 0.95916, -1.41839, 0.08851, 1.01508, -1.55115, 0.06464, 1.01751, -1.59135
-0.04443, 0.91409, -1.48830, 0.26079, 0.95925, -1.41788, 0.08849, 1.01548, -1.55106, 0.06473, 1.01764, -1.59104
-0.04451, 0.91438, -1.48741, 0.26073, 0.95931, -1.41723, 0.08857, 1.01598, -1.55092, 0.06485, 1.01787, -1.59074
-0.04462, 0.91463, -1.48657, 0.26061, 0.95935, -1.41672, 0.08874, 1.01643, -1.55080, 0.06495, 1.01808, -1.59043
-0.04490, 0.91486, -1.48579, 0.26035, 0.95942, -1.41630, 0.08886, 1.01683, -1.55068, 0.06494, 1.01832, -1.59010
-0.04532, 0.91504, -1.48511, 0.25995, 0.95949, -1.41604, 0.08886, 1.01717, -1.55059, 0.06488, 1.01855, -1.58977
-0.04573, 0.91520, -1.48456, 0.25953, 0.95956, -1.41593, 0.08883, 1.01743, -1.55054, 0.06484, 1.01876, -1.58938
-0.04617, 0.91532, -1.48406, 0.25910, 0.95971, -1.41592, 0.08873, 1.01765, -1.55050, 0.06484, 1.01891, -1.58900
-0.04654, 0.91541, -1.48368, 0.25867, 0.95989, -1.41615, 0.08851, 1.01777, -1.55051, 0.06481, 1.01895, -1.58854
-0.04706, 0.91547, -1.48334, 0.25816, 0.96011, -1.41644, 0.08813, 1.01783, -1.55057, 0.06473, 1.01895, -1.58797
-0.04739, 0.91558, -1.48305, 0.25777, 0.96034, -1.41666, 0.08788, 1.01790, -1.55062, 0.06470, 1.01891, -1.58748
-0.04773, 0.91572, -1.48275, 0.25748, 0.96054, -1.41676, 0.08772, 1.01801, -1.55066, 0.06466, 1.01888, -1.58696
-0.04805, 0.91590, -1.48242, 0.25721, 0.96070, -1.41678, 0.08762, 1.01816, -1.55068, 0.06460, 1.01886, -1.58643
-0.04831, 0.91610, -1.48208, 0.25696, 0.96086, -1.41674, 0.08757, 1.01833, -1.55070, 0.06460, 1.01887, -1.58594
-0.04856, 0.91630, -1.48172, 0.25679, 0.96094, -1.41676, 0.08761, 1.01847, -1.55076, 0.06458, 1.01892, -1.58549
-0.04883, 0.91652, -1.48134, 0.25655, 0.96099, -1.41677, 0.08762, 1.01867, -1.55084, 0.06450, 1.01904, -1.58509
-0.04909, 0.91672, -1.48100, 0.25635, 0.96105, -1.41687, 0.08767, 1.01887, -1.55098, 0.06450, 1.01918, -1.58470
-0.04925, 0.91692, -1.48071, 0.25616, 0.96111, -1.41706, 0.08769, 1.01906, -1.55119, 0.06456, 1.01930, -1.58439
-0.04945, 0.91707, -1.48053, 0.25592, 0.96122, -1.41736, 0.08760, 1.01921, -1.55148, 0.06459, 1.01942, -1.58409
-0.04955, 0.91722, -1.48036, 0.25577, 0.96132, -1.41768, 0.08758, 1.01935, -1.55174, 0.06472, 1.01953, -1.58384
-0.04953, 0.91738, -1.48025, 0.25568, 0.96148, -1.41794, 0.08761, 1.01952, -1.55204, 0.06494, 1.01965, -1.58363
-0.04951, 0.91755, -1.48017, 0.25564, 0.96168, -1.41815, 0.08770, 1.01970, -1.55223, 0.06522, 1.01974, -1.58337
-0.04934, 0.91770, -1.48017, 0.25570, 0.96189, -1.41832, 0.08789, 1.01987, -1.55242, 0.06559, 1.01982, -1.58320
-0.04917, 0.91792, -1.48013, 0.25575, 0.96212, -1.41840, 0.08817, 1.02008, -1.55257, 0.06603, 1.01996, -1.58303
-0.04905, 0.91809, -1.48015, 0.25576, 0.96232, -1.41852, 0.08849, 1.02024, -1.55259, 0.06635, 1.02007, -1.58285
-0.04895, 0.91832, -1.48014, 0.25577, 0.96255, -1.41855, 0.08890, 1.02043, -1.55256, 0.06676, 1.02025, -1.58267
-0.04885, 0.91852, -1.48014, 0.25575, 0.96273, -1.41853, 0.08935, 1.02057, -1.55252, 0.06716, 1.02040, -1.58245
-0.04883, 0.91876, -1.48008, 0.25563, 0.96292, -1.41857, 0.08966, 1.02076, -1.55259, 0.06754, 1.02058, -1.58231
-0.04887, 0.91901, -1.47998, 0.25544, 0.96307, -1.41856, 0.08983, 1.02097, -1.55272, 0.06793, 1.02075, -1.58211
-0.04897, 0.91922, -1.47986, 0.25523, 0.96319, -1.41859, 0.08996, 1.02117, -1.55290, 0.06831, 1.02092, -1.58187
-0.04914, 0.91943, -1.47976, 0.25494, 0.96327, -1.41866, 0.09012, 1.02138, -1.55312, 0.06874, 1.02106, -1.58161
-0.04936, 0.91957, -1.47963, 0.25460, 0.96330, -1.41873, 0.09026, 1.02163, -1.55334, 0.06919, 1.02122, -1.58126
-0.04958, 0.91969, -1.47947, 0.25430, 0.96332, -1.41875, 0.09047, 1.02193, -1.55350, 0.06967, 1.02137, -1.58092
-0.04982, 0.91981, -1.47932, 0.25404, 0.96334, -1.41877, 0.09079, 1.02217, -1.55366, 0.07023, 1.02149, -1.58052
-0.05008, 0.91998, -1.47909, 0.25378, 0.96341, -1.41861, 0.09118, 1.02241, -1.55368, 0.07069, 1.02163, -1.58011
-0.05032, 0.92022, -1.47879, 0.25364, 0.96355, -1.41824, 0.09175, 1.02265, -1.55362, 0.07124, 1.02180, -1.57972
-0.05055, 0.92046, -1.47853, 0.25352, 0.96372, -1.41786, 0.09232, 1.02287, -1.55350, 0.07174, 1.02199, -1.57935
-0.05076, 0.92075, -1.47818, 0.25342, 0.96393, -1.41729, 0.09291, 1.02313, -1.55329, 0.07224, 1.02222, -1.57898
-0.05098, 0.92105, -1.47786, 0.25325, 0.96420, -1.41674, 0.09344, 1.02344, -1.55309, 0.07276, 1.02251, -1.57870
-0.05122, 0.92136, -1.47749, 0.25307, 0.96447, -1.41618, 0.09390, 1.02378, -1.55288, 0.07324, 1.02282, -1.57840
-0.05148, 0.92162, -1.47716, 0.25279, 0.96477, -1.41567, 0.09425, 1.02413, -1.55264, 0.07365, 1.02315, -1.57809
-0.05177, 0.92181, -1.47688, 0.25232, 0.96503, -1.41534, 0.09456, 1.02446, -1.55251, 0.07403, 1.02344, -1.57781
-0.05216, 0.92195, -1.47659, 0.25177, 0.96527, -1.41518, 0.09470, 1.02480, -1.55235, 0.07427, 1.02376, -1.57749
-0.05247, 0.92210, -1.47628, 0.25127, 0.96554, -1.41498, 0.09485, 1.02517, -1.55231, 0.07453, 1.02409, -1.57721
-0.05277, 0.92227, -1.47596, 0.25085, 0.96575, -1.41484, 0.09499, 1.02555, -1.55233, 0.07471, 1.02443, -1.57687
-0.05299, 0.92246, -1.47560, 0.25056, 0.96597, -1.41471, 0.09502, 1.02599, -1.55241, 0.07483, 1.02481, -1.57657
-0.05326, 0.92265, -1.47523, 0.25036, 0.96618, -1.41458, 0.09508, 1.02645, -1.55249, 0.07496, 1.02519, -1.57623
-0.05346, 0.92281, -1.47491, 0.25024, 0.96634, -1.41441, 0.09521, 1.02693, -1.55258, 0.07514, 1.02559, -1.57590
-0.05371, 0.92295, -1.47463, 0.25015, 0.96647, -1.41420, 0.09537, 1.02748, -1.55261, 0.07536, 1.02598, -1.57556
-0.05394, 0.92308, -1.47438, 0.25010, 0.96660, -1.41398, 0.09551, 1.02797, -1.55259, 0.07565, 1.02632, -1.57521
-0.05420, 0.92320, -1.47423, 0.24998, 0.96677, -1.41379, 0.09569, 1.02836, -1.55250, 0.07593, 1.02661, -1.57483
-0.05446, 0.92324, -1.47400, 0.24973, 0.96699, -1.41356, 0.09585, 1.02855, -1.55226, 0.07619, 1.02679, -1.57438
-0.05467, 0.92329, -1.47387, 0.24948, 0.96722, -1.41341, 0.09607, 1.02860, -1.55198, 0.07651, 1.02689, -1.57388
-0.05488, 0.92329, -1.47371, 0.24919, 0.96747, -1.41333, 0.09614, 1.02860, -1.55172, 0.07676, 1.02695, -1.57342
-0.05491, 0.92327, -1.47357, 0.24903, 0.96766, -1.41328, 0.09623, 1.02857, -1.55149, 0.07708, 1.02703, -1.57292
-0.05490, 0.92321, -1.47343, 0.24884, 0.96778, -1.41346, 0.09611, 1.02848, -1.55137, 0.07726, 1.02704, -1.57240
-0.05486, 0.92314, -1.47329, 0.24877, 0.96788, -1.41363, 0.09600, 1.02845, -1.55128, 0.07747, 1.02710, -1.57184
-0.05473, 0.92313, -1.47308, 0.24883, 0.96796, -1.41387, 0.09590, 1.02846, -1.55123, 0.07760, 1.02720, -1.57135
-0.05449, 0.92313, -1.47282, 0.24908, 0.96798, -1.41415, 0.09592, 1.02857, -1.55123, 0.07776, 1.02738, -1.57094
-0.05420, 0.92318, -1.47258, 0.24944, 0.96801, -1.41448, 0.09604, 1.02876, -1.55125, 0.07787, 1.02756, -1.57053
-0.05399, 0.92326, -1.47234, 0.24979, 0.96803, -1.41471, 0.09612, 1.02897, -1.55123, 0.07796, 1.02777, -1.57014
-0.05379, 0.92336, -1.47221, 0.25017, 0.96809, -1.41481, 0.09637, 1.02920, -1.55114, 0.07809, 1.02802, -1.56977
-0.05362, 0.92344, -1.47212, 0.25048, 0.96819, -1.41487, 0.09667, 1.02944, -1.55107, 0.07820, 1.02825, -1.56937
-0.05343, 0.92357, -1.47199, 0.25078, 0.96836, -1.41474, 0.09698, 1.02972, -1.55100, 0.07840, 1.02852, -1.56905
-0.05325, 0.92370, -1.47186, 0.25091, 0.96860, -1.41460, 0.09724, 1.02997, -1.55096, 0.07868, 1.02877, -1.56865
-0.05305, 0.92383, -1.47172, 0.25099, 0.96888, -1.41432, 0.09743, 1.03022, -1.55098, 0.07906, 1.02904, -1.56827
-0.05285, 0.92394, -1.47157, 0.25095, 0.96916, -1.41408, 0.09756, 1.03043, -1.55093, 0.07949, 1.02925, -1.56786
-0.05268, 0.92401, -1.47134, 0.25081, 0.96938, -1.41385, 0.09753, 1.03059, -1.55082, 0.07986, 1.02946, -1.56740
-0.05255, 0.92403, -1.47108, 0.25056, 0.96953, -1.41377, 0.09723, 1.03066, -1.55063, 0.08011, 1.02959, -1.56685
-0.05250, 0.92403, -1.47076, 0.25025, 0.96964, -1.41373, 0.09684, 1.03071, -1.55040, 0.08027, 1.02972, -1.56628
-0.05242, 0.92401, -1.47048, 0.24996, 0.96969, -1.41369, 0.09661, 1.03076, -1.55016, 0.08038, 1.02985, -1.56570
-0.05245, 0.92397, -1.47020, 0.24976, 0.96967, -1.41361, 0.09652, 1.03089, -1.54993, 0.08036, 1.02998, -1.56516
-0.05249, 0.92395, -1.46991, 0.24957, 0.96964, -1.41353, 0.09661, 1.03107, -1.54970, 0.08023, 1.03015, -1.56467
-0.05249, 0.92397, -1.46960, 0.24947, 0.96963, -1.41337, 0.09682, 1.03129, -1.54949, 0.08014, 1.03035, -1.56416
-0.05246, 0.92406, -1.46934, 0.24951, 0.96971, -1.41310, 0.09734, 1.03158, -1.54932, 0.08014, 1.03063, -1.56377
-0.05239, 0.92420, -1.46898, 0.24962, 0.96986, -1.41265, 0.09801, 1.03191, -1.54919, 0.08022, 1.03097, -1.56345
-0.05224, 0.92437, -1.46868, 0.24982, 0.97005, -1.41223, 0.09859, 1.03226, -1.54906, 0.08033, 1.03130, -1.56319
-0.05204, 0.92457, -1.46809, 0.24995, 0.97032, -1.41175, 0.09871, 1.03269, -1.54885, 0.08043, 1.03170, -1.56284
-0.05183, 0.92475, -1.46743, 0.25008, 0.97064, -1.41133, 0.09830, 1.03311, -1.54860, 0.08050, 1.03209, -1.56245
-0.05153, 0.92493, -1.46660, 0.25014, 0.97096, -1.41104, 0.09765, 1.03358, -1.54834, 0.08058, 1.03253, -1.56203
-0.05130, 0.92507, -1.46578, 0.25015, 0.97120, -1.41104, 0.09700, 1.03403, -1.54816, 0.08062, 1.03295, -1.56161
-0.05121, 0.92518, -1.46503, 0.25016, 0.97130, -1.41152, 0.09646, 1.03443, -1.54801, 0.08060, 1.03332, -1.56117
-0.05117, 0.92527, -1.46429, 0.24985, 0.97122, -1.41250, 0.09603, 1.03483, -1.54800, 0.08048, 1.03369, -1.56075
-0.05122, 0.92530, -1.46368, 0.24894, 0.97088, -1.41416, 0.09580, 1.03515, -1.54793, 0.08036, 1.03402, -1.56030
-0.05128, 0.92526, -1.46328, 0.24669, 0.97013, -1.41676, 0.09591, 1.03538, -1.54781, 0.08024, 1.03434, -1.55997
-0.05136, 0.92513, -1.46309, 0.24363, 0.96899, -1.42032, 0.09630, 1.03555, -1.54760, 0.08013, 1.03459, -1.55968
-0.05141, 0.92496, -1.46302, 0.24085, 0.96754, -1.42476, 0.09673, 1.03563, -1.54737, 0.07992, 1.03479, -1.55942
-0.05132, 0.92477, -1.46299, 0.23965, 0.96592, -1.43019, 0.09707, 1.03577, -1.54711, 0.07970, 1.03498, -1.55919
-0.05110, 0.92455, -1.46295, 0.24073, 0.96411, -1.43666, 0.09720, 1.03592, -1.54675, 0.07945, 1.03515, -1.55894
-0.05076, 0.92434, -1.46290, 0.24277, 0.96198, -1.44424, 0.09724, 1.03609, -1.54641, 0.07916, 1.03531, -1.55872
-0.05043, 0.92409, -1.46291, 0.24507, 0.95934, -1.45333, 0.09707, 1.03616, -1.54606, 0.07883, 1.03539, -1.55847
-0.05005, 0.92385, -1.46300, 0.24717, 0.95591, -1.46451, 0.09664, 1.03609, -1.54573, 0.07839, 1.03535, -1.55827
-0.04973, 0.92364, -1.46312, 0.24910, 0.95200, -1.47692, 0.09610, 1.03597, -1.54546, 0.07793, 1.03527, -1.55809
-0.04940, 0.92342, -1.46333, 0.25089, 0.94785, -1.49010, 0.09560, 1.03579, -1.54524, 0.07749, 1.03516, -1.55798
-0.04912, 0.92324, -1.46371, 0.25245, 0.94372, -1.50376, 0.09532, 1.03556, -1.54510, 0.07712, 1.03500, -1.55796
-0.04880, 0.92311, -1.46426, 0.25375, 0.93954, -1.51767, 0.09537, 1.03532, -1.54508, 0.07688, 1.03482, -1.55805
-0.04846, 0.92300, -1.46496, 0.25453, 0.93522, -1.53182, 0.09559, 1.03505, -1.54517, 0.07673, 1.03461, -1.55824
-0.04787, 0.92300, -1.46578, 0.25446, 0.93059, -1.54606, 0.09627, 1.03485, -1.54533, 0.07674, 1.03446, -1.55858
-0.04710, 0.92310, -1.46678, 0.25333, 0.92564, -1.56032, 0.09741, 1.03469, -1.54559, 0.07692, 1.03433, -1.55898
-0.04612, 0.92325, -1.46788, 0.25167, 0.92045, -1.57431, 0.09876, 1.03455, -1.54591, 0.07719, 1.03423, -1.55956
-0.04510, 0.92346, -1.46907, 0.24957, 0.91509, -1.58772, 0.10010, 1.03443, -1.54625, 0.07758, 1.03418, -1.56018
-0.04395, 0.92372, -1.47031, 0.24718, 0.90965, -1.60023, 0.10127, 1.03431, -1.54656, 0.07804, 1.03420, -1.56092
-0.04279, 0.92400, -1.47163, 0.24471, 0.90411, -1.61177, 0.10229, 1.03419, -1.54681, 0.07856, 1.03423, -1.56174
-0.04163, 0.92427, -1.47295, 0.24246, 0.89850, -1.62203, 0.10330, 1.03400, -1.54705, 0.07917, 1.03425, -1.56248
-0.04051, 0.92449, -1.47429, 0.24089, 0.89282, -1.63063, 0.10425, 1.03372, -1.54724, 0.07994, 1.03417, -1.56320
-0.03956, 0.92463, -1.47557, 0.23982, 0.88711, -1.63770, 0.10506, 1.03335, -1.54735, 0.08071, 1.03398, -1.56376
-0.03872, 0.92473, -1.47684, 0.23888, 0.88138, -1.64337, 0.10576, 1.03291, -1.54734, 0.08146, 1.03371, -1.56425
-0.03802, 0.92477, -1.47796, 0.23778, 0.87564, -1.64756, 0.10630, 1.03252, -1.54724, 0.08227, 1.03344, -1.56461
-0.03751, 0.92474, -1.47897, 0.23637, 0.86991, -1.65029, 0.10668, 1.03216, -1.54697, 0.08308, 1.03314, -1.56486
-0.03713, 0.92472, -1.47981, 0.23497, 0.86426, -1.65140, 0.10712, 1.03189, -1.54660, 0.08393, 1.03290, -1.56506
-0.03683, 0.92477, -1.48035, 0.23369, 0.85888, -1.65060, 0.10767, 1.03182, -1.54623, 0.08488, 1.03282, -1.56524
-0.03664, 0.92490, -1.48062, 0.23293, 0.85386, -1.64741, 0.10873, 1.03204, -1.54595, 0.08600, 1.03296, -1.56550
-0.03638, 0.92513, -1.48055, 0.23229, 0.84908, -1.64221, 0.11005, 1.03242, -1.54560, 0.08732, 1.03329, -1.56580
-0.03609, 0.92541, -1.48030, 0.23145, 0.84444, -1.63511, 0.11153, 1.03289, -1.54531, 0.08873, 1.03373, -1.56609
-0.03576, 0.92576, -1.47978, 0.22997, 0.83980, -1.62566, 0.11315, 1.03340, -1.54500, 0.09026, 1.03421, -1.56639
-0.03522, 0.92617, -1.47913, 0.22800, 0.83517, -1.61439, 0.11491, 1.03392, -1.54469, 0.09198, 1.03478, -1.56671
-0.03474, 0.92656, -1.47842, 0.22550, 0.83070, -1.60217, 0.11645, 1.03435, -1.54441, 0.09359, 1.03534, -1.56700
-0.03406, 0.92688, -1.47804, 0.22250, 0.82638, -1.58950, 0.11783, 1.03467, -1.54410, 0.09535, 1.03578, -1.56732
-0.03346, 0.92708, -1.47798, 0.21879, 0.82227, -1.57684, 0.11873, 1.03481, -1.54381, 0.09695, 1.03609, -1.56757
-0.03273, 0.92722, -1.47815, 0.21554, 0.81874, -1.56495, 0.11956, 1.03483, -1.54351, 0.09861, 1.03633, -1.56789
-0.03194, 0.92738, -1.47842, 0.21354, 0.81635, -1.55478, 0.12048, 1.03483, -1.54326, 0.10022, 1.03656, -1.56816
-0.03101, 0.92759, -1.47887, 0.21428, 0.81579, -1.54773, 0.12169, 1.03482, -1.54301, 0.10188, 1.03682, -1.56849
-0.03014, 0.92784, -1.47932, 0.21608, 0.81648, -1.54296, 0.12305, 1.03486, -1.54280, 0.10353, 1.03714, -1.56880
-0.02949, 0.92814, -1.47977, 0.21776, 0.81806, -1.54010, 0.12444, 1.03499, -1.54263, 0.10497, 1.03752, -1.56910
-0.02930, 0.92852, -1.48009, 0.21780, 0.82055, -1.53993, 0.12595, 1.03532, -1.54238, 0.10622, 1.03803, -1.56932
-0.02950, 0.92898, -1.48038, 0.21661, 0.82357, -1.54158, 0.12744, 1.03577, -1.54210, 0.10726, 1.03861, -1.56951
-0.03005, 0.92944, -1.48053, 0.21523, 0.82666, -1.54350, 0.12880, 1.03629, -1.54179, 0.10810, 1.03923, -1.56958
-0.03094, 0.92988, -1.48052, 0.21472, 0.82924, -1.54411, 0.12999, 1.03691, -1.54142, 0.10881, 1.03987, -1.56955
-0.03224, 0.93024, -1.48035, 0.21545, 0.83098, -1.54255, 0.13081, 1.03757, -1.54097, 0.10935, 1.04045, -1.56937
-0.03366, 0.93052, -1.48008, 0.21657, 0.83212, -1.54026, 0.13146, 1.03818, -1.54054, 0.10984, 1.04100, -1.56907
-0.03509, 0.93078, -1.47961, 0.21738, 0.83272, -1.53758, 0.13174, 1.03873, -1.54009, 0.11020, 1.04150, -1.56859
-0.03633, 0.93096, -1.47897, 0.21727, 0.83254, -1.53505, 0.13160, 1.03910, -1.53972, 0.11054, 1.04192, -1.56804
-0.03748, 0.93106, -1.47820, 0.21645, 0.83194, -1.53265, 0.13121, 1.03939, -1.53944, 0.11075, 1.04231, -1.56735
-0.03841, 0.93114, -1.47760, 0.21516, 0.83119, -1.53066, 0.13072, 1.03956, -1.53921, 0.11090, 1.04262, -1.56670
-0.03889, 0.93119, -1.47736, 0.21319, 0.83048, -1.52940, 0.13051, 1.03959, -1.53923, 0.11110, 1.04289, -1.56624
-0.03905, 0.93128, -1.47742, 0.21093, 0.82987, -1.52883, 0.13049, 1.03953, -1.53942, 0.11132, 1.04310, -1.56593
-0.03896, 0.93134, -1.47763, 0.20902, 0.82940, -1.52852, 0.13067, 1.03941, -1.53966, 0.11155, 1.04331, -1.56566
-0.03869, 0.93146, -1.47792, 0.20829, 0.82927, -1.52845, 0.13107, 1.03932, -1.53996, 0.11180, 1.04353, -1.56548
-0.03801, 0.93161, -1.47841, 0.20947, 0.82950, -1.52852, 0.13200, 1.03925, -1.54018, 0.11228, 1.04378, -1.56543
-0.03728, 0.93181, -1.47873, 0.21134, 0.82994, -1.52854, 0.13296, 1.03921, -1.54038, 0.11278, 1.04406, -1.56537
-0.03668, 0.93200, -1.47886, 0.21327, 0.83042, -1.52838, 0.13373, 1.03928, -1.54056, 0.11317, 1.04437, -1.56523
-0.03629, 0.93222, -1.47850, 0.21487, 0.83088, -1.52775, 0.13406, 1.03943, -1.54060, 0.11347, 1.04473, -1.56480
-0.03607, 0.93247, -1.47783, 0.21615, 0.83132, -1.52683, 0.13409, 1.03969, -1.54057, 0.11368, 1.04516, -1.56429
-0.03605, 0.93267, -1.47687, 0.21680, 0.83174, -1.52564, 0.13382, 1.03999, -1.54051, 0.11372, 1.04558, -1.56363
-0.03623, 0.93284, -1.47568, 0.21641, 0.83214, -1.52413, 0.13327, 1.04029, -1.54049, 0.11374, 1.04598, -1.56286
-0.03652, 0.93297, -1.47429, 0.21526, 0.83250, -1.52236, 0.13248, 1.04058, -1.54042, 0.11365, 1.04638, -1.56202
-0.03702, 0.93305, -1.47287, 0.21373, 0.83284, -1.52061, 0.13158, 1.04085, -1.54036, 0.11346, 1.04673, -1.56116
-0.03753, 0.93311, -1.47153, 0.21234, 0.83315, -1.51897, 0.13082, 1.04106, -1.54025, 0.11322, 1.04708, -1.56034
-0.03806, 0.93314, -1.47030, 0.21125, 0.83348, -1.51757, 0.13032, 1.04125, -1.54014, 0.11294, 1.04743, -1.55961
-0.03863, 0.93317, -1.46908, 0.21028, 0.83377, -1.51624, 0.12986, 1.04147, -1.53997, 0.11258, 1.04781, -1.55893
-0.03917, 0.93326, -1.46797, 0.20961, 0.83402, -1.51501, 0.12959, 1.04179, -1.53982, 0.11234, 1.04822, -1.55835
-0.03967, 0.93344, -1.46693, 0.20920, 0.83419, -1.51384, 0.12942, 1.04234, -1.53977, 0.11214, 1.04876, -1.55793
-0.04023, 0.93365, -1.46598, 0.20894, 0.83434, -1.51274, 0.12930, 1.04298, -1.53972, 0.11193, 1.04934, -1.55754
-0.04068, 0.93386, -1.46504, 0.20873, 0.83450, -1.51156, 0.12922, 1.04365, -1.53967, 0.11186, 1.04993, -1.55717
-0.04116, 0.93414, -1.46403, 0.20840, 0.83475, -1.51029, 0.12893, 1.04433, -1.53963, 0.11184, 1.05050, -1.55678
-0.04155, 0.93436, -1.46303, 0.20804, 0.83511, -1.50895, 0.12855, 1.04492, -1.53954, 0.11191, 1.05102, -1.55631
-0.04199, 0.93461, -1.46202, 0.20755, 0.83549, -1.50764, 0.12803, 1.04546, -1.53946, 0.11193, 1.05148, -1.55583
-0.04236, 0.93476, -1.46114, 0.20692, 0.83590, -1.50649, 0.12744, 1.04584, -1.53929, 0.11195, 1.05183, -1.55530
-0.04273, 0.93484, -1.46031, 0.20613, 0.83637, -1.50552, 0.12673, 1.04606, -1.53901, 0.11191, 1.05206, -1.55476
-0.04305, 0.93488, -1.45959, 0.20534, 0.83682, -1.50465, 0.12604, 1.04621, -1.53870, 0.11186, 1.05225, -1.55422
-0.04341, 0.93494, -1.45906, 0.20464, 0.83720, -1.50391, 0.12555, 1.04636, -1.53841, 0.11173, 1.05244, -1.55375
-0.04369, 0.93501, -1.45871, 0.20420, 0.83747, -1.50321, 0.12547, 1.04653, -1.53810, 0.11163, 1.05266, -1.55345
-0.04403, 0.93512, -1.45857, 0.20385, 0.83765, -1.50266, 0.12555, 1.04674, -1.53782, 0.11149, 1.05286, -1.55327
-0.04445, 0.93523, -1.45852, 0.20360, 0.83779, -1.50217, 0.12574, 1.04697, -1.53758, 0.11126, 1.05311, -1.55313
-0.04485, 0.93538, -1.45861, 0.20347, 0.83791, -1.50180, 0.12600, 1.04729, -1.53740, 0.11110, 1.05338, -1.55308
-0.04525, 0.93556, -1.45879, 0.20338, 0.83803, -1.50156, 0.12626, 1.04762, -1.53730, 0.11086, 1.05364, -1.55311
-0.04562, 0.93573, -1.45902, 0.20341, 0.83821, -1.50140, 0.12649, 1.04796, -1.53728, 0.11066, 1.05392, -1.55315
-0.04588, 0.93588, -1.45923, 0.20343, 0.83843, -1.50132, 0.12645, 1.04817, -1.53728, 0.11044, 1.05407, -1.55313
-0.04606, 0.93600, -1.45932, 0.20340, 0.83875, -1.50134, 0.12605, 1.04830, -1.53732, 0.11014, 1.05411, -1.55304
-0.04616, 0.93609, -1.45937, 0.20336, 0.83907, -1.50136, 0.12549, 1.04836, -1.53733, 0.10987, 1.05411, -1.55287
-0.04614, 0.93619, -1.45944, 0.20338, 0.83933, -1.50140, 0.12480, 1.04830, -1.53729, 0.10957, 1.05405, -1.55274
-0.04598, 0.93629, -1.45946, 0.20341, 0.83945, -1.50136, 0.12407, 1.04814, -1.53715, 0.10932, 1.05396, -1.55260
-0.04581, 0.93641, -1.45943, 0.20338, 0.83949, -1.50136, 0.12324, 1.04791, -1.53695, 0.10899, 1.05386, -1.55241
-0.04549, 0.93655, -1.45943, 0.20348, 0.83944, -1.50133, 0.12260, 1.04769, -1.53670, 0.10879, 1.05378, -1.55233
-0.04511, 0.93670, -1.45955, 0.20362, 0.83934, -1.50146, 0.12234, 1.04749, -1.53657, 0.10863, 1.05375, -1.55239
-0.04463, 0.93685, -1.45973, 0.20387, 0.83914, -1.50174, 0.12240, 1.04733, -1.53644, 0.10848, 1.05373, -1.55261
-0.04404, 0.93702, -1.46000, 0.20429, 0.83895, -1.50200, 0.12273, 1.04721, -1.53636, 0.10849, 1.05377, -1.55290
-0.04350, 0.93721, -1.46029, 0.20475, 0.83880, -1.50230, 0.12309, 1.04717, -1.53632, 0.10839, 1.05382, -1.55325
-0.04303, 0.93745, -1.46061, 0.20529, 0.83870, -1.50256, 0.12352, 1.04725, -1.53637, 0.10826, 1.05398, -1.55372
-0.04247, 0.93771, -1.46096, 0.20592, 0.83866, -1.50276, 0.12397, 1.04735, -1.53642, 0.10820, 1.05414, -1.55424
-0.04201, 0.93798, -1.46121, 0.20643, 0.83868, -1.50290, 0.12421, 1.04749, -1.53643, 0.10811, 1.05431, -1.55467
-0.04159, 0.93830, -1.46141, 0.20676, 0.83881, -1.50290, 0.12414, 1.04767, -1.53642, 0.10807, 1.05444, -1.55503
-0.04125, 0.93862, -1.46151, 0.20694, 0.83899, -1.50276, 0.12388, 1.04782, -1.53635, 0.10795, 1.05453, -1.55526
-0.04090, 0.93893, -1.46147, 0.20713, 0.83926, -1.50259, 0.12355, 1.04797, -1.53618, 0.10785, 1.05460, -1.55546
-0.04044, 0.93924, -1.46134, 0.20742, 0.83963, -1.50227, 0.12336, 1.04805, -1.53588, 0.10786, 1.05466, -1.55558
-0.03990, 0.93957, -1.46107, 0.20781, 0.84008, -1.50186, 0.12329, 1.04811, -1.53553, 0.10792, 1.05475, -1.55567
-0.03939, 0.93986, -1.46080, 0.20819, 0.84050, -1.50155, 0.12324, 1.04812, -1.53512, 0.10791, 1.05480, -1.55572
-0.03895, 0.94014, -1.46063, 0.20860, 0.84082, -1.50141, 0.12326, 1.04814, -1.53468, 0.10785, 1.05486, -1.55582
-0.03841, 0.94041, -1.46058, 0.20916, 0.84104, -1.50148, 0.12343, 1.04821, -1.53422, 0.10783, 1.05496, -1.55601
-0.03799, 0.94067, -1.46055, 0.20967, 0.84116, -1.50166, 0.12351, 1.04831, -1.53383, 0.10772, 1.05508, -1.55623
-0.03756, 0.94090, -1.46056, 0.21019, 0.84126, -1.50184, 0.12353, 1.04842, -1.53345, 0.10764, 1.05521, -1.55645
-0.03724, 0.94107, -1.46054, 0.21064, 0.84130, -1.50197, 0.12333, 1.04854, -1.53318, 0.10751, 1.05531, -1.55667
-0.03697, 0.94124, -1.46048, 0.21106, 0.84136, -1.50200, 0.12306, 1.04869, -1.53297, 0.10737, 1.05540, -1.55689
-0.03668, 0.94141, -1.46033, 0.21149, 0.84146, -1.50185, 0.12270, 1.04887, -1.53274, 0.10718, 1.05551, -1.55712
-0.03644, 0.94155, -1.45999, 0.21190, 0.84167, -1.50140, 0.12226, 1.04908, -1.53259, 0.10701, 1.05565, -1.55724
-0.03621, 0.94170, -1.45947, 0.21229, 0.84195, -1.50074, 0.12176, 1.04927, -1.53235, 0.10678, 1.05579, -1.55728
-0.03607, 0.94185, -1.45885, 0.21260, 0.84229, -1.50001, 0.12116, 1.04947, -1.53211, 0.10650, 1.05595, -1.55719
-0.03587, 0.94199, -1.45816, 0.21293, 0.84259, -1.49928, 0.12054, 1.04966, -1.53173, 0.10616, 1.05607, -1.55705
-0.03574, 0.94215, -1.45743, 0.21319, 0.84286, -1.49859, 0.11988, 1.04980, -1.53121, 0.10576, 1.05619, -1.55678
-0.03562, 0.94232, -1.45661, 0.21341, 0.84312, -1.49794, 0.11916, 1.05001, -1.53063, 0.10533, 1.05632, -1.55649
-0.03553, 0.94249, -1.45585, 0.21361, 0.84337, -1.49740, 0.11843, 1.05027, -1.53007, 0.10490, 1.05646, -1.55624
-0.03554, 0.94270, -1.45518, 0.21374, 0.84358, -1.49704, 0.11761, 1.05058, -1.52958, 0.10439, 1.05665, -1.55609
-0.03558, 0.94291, -1.45458, 0.21388, 0.84378, -1.49674, 0.11679, 1.05096, -1.52914, 0.10393, 1.05687, -1.55607
-0.03564, 0.94312, -1.45402, 0.21393, 0.84397, -1.49656, 0.11600, 1.05137, -1.52884, 0.10338, 1.05707, -1.55610
-0.03586, 0.94327, -1.45353, 0.21384, 0.84415, -1.49648, 0.11528, 1.05172, -1.52873, 0.10274, 1.05722, -1.55614
-0.03608, 0.94343, -1.45313, 0.21371, 0.84436, -1.49646, 0.11463, 1.05204, -1.52876, 0.10204, 1.05738, -1.55621
-0.03633, 0.94356, -1.45270, 0.21355, 0.84457, -1.49643, 0.11392, 1.05235, -1.52884, 0.10134, 1.05749, -1.55625
-0.03657, 0.94370, -1.45236, 0.21337, 0.84478, -1.49655, 0.11310, 1.05257, -1.52882, 0.10053, 1.05755, -1.55624
-0.03668, 0.94382, -1.45201, 0.21323, 0.84503, -1.49666, 0.11213, 1.05273, -1.52869, 0.09971, 1.05754, -1.55615
-0.03678, 0.94398, -1.45164, 0.21313, 0.84527, -1.49680, 0.11105, 1.05287, -1.52849, 0.09885, 1.05755, -1.55600
-0.03680, 0.94413, -1.45130, 0.21307, 0.84552, -1.49692, 0.11006, 1.05295, -1.52829, 0.09800, 1.05754, -1.55584
-0.03674, 0.94432, -1.45093, 0.21313, 0.84575, -1.49706, 0.10918, 1.05301, -1.52814, 0.09710, 1.05758, -1.55569
-0.03655, 0.94449, -1.45062, 0.21331, 0.84596, -1.49719, 0.10844, 1.05299, -1.52797, 0.09623, 1.05760, -1.55556
-0.03642, 0.94466, -1.45027, 0.21351, 0.84614, -1.49735, 0.10770, 1.05299, -1.52787, 0.09534, 1.05763, -1.55543
-0.03618, 0.94480, -1.44991, 0.21379, 0.84628, -1.49755, 0.10715, 1.05300, -1.52778, 0.09448, 1.05762, -1.55523
-0.03595, 0.94488, -1.44964, 0.21408, 0.84635, -1.49786, 0.10658, 1.05296, -1.52776, 0.09361, 1.05755, -1.55506
-0.03571, 0.94496, -1.44935, 0.21435, 0.84639, -1.49824, 0.10600, 1.05296, -1.52775, 0.09273, 1.05747, -1.55491
-0.03545, 0.94504, -1.44921, 0.21466, 0.84642, -1.49877, 0.10532, 1.05296, -1.52770, 0.09196, 1.05734, -1.55484
-0.03520, 0.94512, -1.44910, 0.21489, 0.84643, -1.49931, 0.10448, 1.05303, -1.52761, 0.09127, 1.05721, -1.55486
-0.03493, 0.94523, -1.44902, 0.21513, 0.84642, -1.49988, 0.10368, 1.05310, -1.52752, 0.09063, 1.05709, -1.55491
-0.03465, 0.94537, -1.44905, 0.21540, 0.84643, -1.50043, 0.10299, 1.05314, -1.52743, 0.09006, 1.05698, -1.55506
-0.03439, 0.94557, -1.44909, 0.21572, 0.84646, -1.50083, 0.10263, 1.05316, -1.52728, 0.08954, 1.05692, -1.55526
-0.03419, 0.94584, -1.44907, 0.21602, 0.84653, -1.50106, 0.10234, 1.05317, -1.52712, 0.08905, 1.05693, -1.55546
-0.03388, 0.94614, -1.44904, 0.21639, 0.84661, -1.50114, 0.10222, 1.05323, -1.52693, 0.08862, 1.05697, -1.55574
-0.03346, 0.94651, -1.44895, 0.21692, 0.84677, -1.50098, 0.10219, 1.05345, -1.52667, 0.08843, 1.05711, -1.55600
-0.03292, 0.94691, -1.44878, 0.21748, 0.84695, -1.50062, 0.10222, 1.05371, -1.52638, 0.08836, 1.05729, -1.55626
-0.03239, 0.94733, -1.44854, 0.21804, 0.84715, -1.50017, 0.10229, 1.05400, -1.52607, 0.08837, 1.05750, -1.55651
-0.03193, 0.94779, -1.44822, 0.21841, 0.84737, -1.49974, 0.10216, 1.05428, -1.52580, 0.08835, 1.05772, -1.55672
-0.03155, 0.94825, -1.44780, 0.21865, 0.84758, -1.49940, 0.10188, 1.05443, -1.52555, 0.08832, 1.05787, -1.55690
-0.03126, 0.94873, -1.44736, 0.21873, 0.84779, -1.49913, 0.10154, 1.05457, -1.52537, 0.08823, 1.05801, -1.55703
-0.03103, 0.94915, -1.44688, 0.21882, 0.84796, -1.49890, 0.10112, 1.05469, -1.52515, 0.08813, 1.05810, -1.55716
-0.03088, 0.94958, -1.44642, 0.21885, 0.84814, -1.49885, 0.10061, 1.05481, -1.52500, 0.08794, 1.05818, -1.55733
-0.03079, 0.94996, -1.44598, 0.21886, 0.84828, -1.49888, 0.10013, 1.05492, -1.52484, 0.08773, 1.05823, -1.55743
-0.03076, 0.95035, -1.44553, 0.21888, 0.84844, -1.49887, 0.09961, 1.05506, -1.52465, 0.08748, 1.05831, -1.55754
-0.03071, 0.95079, -1.44504, 0.21903, 0.84860, -1.49872, 0.09923, 1.05529, -1.52444, 0.08724, 1.05847, -1.55769
-0.03057, 0.95125, -1.44457, 0.21937, 0.84871, -1.49840, 0.09906, 1.05558, -1.52416, 0.08712, 1.05869, -1.55786
-0.03048, 0.95169, -1.44413, 0.21969, 0.84883, -1.49797, 0.09894, 1.05590, -1.52383, 0.08705, 1.05890, -1.55803
-0.03045, 0.95214, -1.44362, 0.22001, 0.84895, -1.49735, 0.09885, 1.05626, -1.52344, 0.08696, 1.05920, -1.55815
-0.03056, 0.95255, -1.44309, 0.22018, 0.84914, -1.49666, 0.09869, 1.05667, -1.52304, 0.08680, 1.05955, -1.55828
-0.03064, 0.95292, -1.44258, 0.22033, 0.84931, -1.49589, 0.09857, 1.05706, -1.52260, 0.08672, 1.05988, -1.55838
-0.03076, 0.95325, -1.44201, 0.22032, 0.84949, -1.49518, 0.09833, 1.05747, -1.52214, 0.08655, 1.06019, -1.55842
-0.03091, 0.95352, -1.44138, 0.22012, 0.84971, -1.49460, 0.09786, 1.05783, -1.52173, 0.08627, 1.06046, -1.55842
-0.03093, 0.95375, -1.44078, 0.21993, 0.84991, -1.49415, 0.09741, 1.05817, -1.52137, 0.08607, 1.06071, -1.55843
-0.03101, 0.95399, -1.44016, 0.21968, 0.85010, -1.49385, 0.09686, 1.05848, -1.52102, 0.08575, 1.06093, -1.55842
-0.03116, 0.95423, -1.43963, 0.21946, 0.85020, -1.49380, 0.09628, 1.05867, -1.52064, 0.08530, 1.06108, -1.55837
-0.03124, 0.95449, -1.43927, 0.21933, 0.85020, -1.49394, 0.09590, 1.05876, -1.52028, 0.08489, 1.06119, -1.55836
-0.03139, 0.95476, -1.43896, 0.21925, 0.85022, -1.49422, 0.09545, 1.05886, -1.51995, 0.08444, 1.06129, -1.55831
-0.03151, 0.95502, -1.43874, 0.21929, 0.85023, -1.49446, 0.09519, 1.05896, -1.51964, 0.08400, 1.06139, -1.55832
-0.03179, 0.95527, -1.43863, 0.21936, 0.85027, -1.49475, 0.09489, 1.05913, -1.51943, 0.08349, 1.06154, -1.55832
-0.03200, 0.95550, -1.43857, 0.21949, 0.85029, -1.49499, 0.09465, 1.05930, -1.51919, 0.08304, 1.06165, -1.55828
-0.03217, 0.95578, -1.43850, 0.21961, 0.85033, -1.49521, 0.09438, 1.05950, -1.51903, 0.08264, 1.06179, -1.55828
-0.03240, 0.95613, -1.43824, 0.21952, 0.85038, -1.49529, 0.09386, 1.05978, -1.51886, 0.08220, 1.06190, -1.55818
-0.03248, 0.95646, -1.43798, 0.21945, 0.85042, -1.49533, 0.09334, 1.06003, -1.51871, 0.08184, 1.06200, -1.55807
-0.03266, 0.95685, -1.43756, 0.21916, 0.85053, -1.49527, 0.09262, 1.06032, -1.51861, 0.08137, 1.06214, -1.55795
-0.03285, 0.95719, -1.43712, 0.21869, 0.85075, -1.49512, 0.09173, 1.06053, -1.51850, 0.08093, 1.06220, -1.55774
-0.03312, 0.95749, -1.43662, 0.21805, 0.85101, -1.49495, 0.09075, 1.06068, -1.51844, 0.08041, 1.06226, -1.55755
-0.03341, 0.95776, -1.43610, 0.21738, 0.85128, -1.49482, 0.08978, 1.06086, -1.51837, 0.07990, 1.06231, -1.55731
-0.03375, 0.95798, -1.43563, 0.21679, 0.85141, -1.49496, 0.08893, 1.06104, -1.51829, 0.07933, 1.06235, -1.55709
-0.03424, 0.95813, -1.43522, 0.21631, 0.85136, -1.49542, 0.08823, 1.06123, -1.51819, 0.07868, 1.06236, -1.55688
-0.03479, 0.95828, -1.43477, 0.21580, 0.85127, -1.49592, 0.08756, 1.06146, -1.51808, 0.07796, 1.06237, -1.55665
-0.03538, 0.95841, -1.43441, 0.21535, 0.85115, -1.49638, 0.08701, 1.06170, -1.51793, 0.07723, 1.06240, -1.55643
-0.03585, 0.95863, -1.43403, 0.21508, 0.85116, -1.49650, 0.08668, 1.06200, -1.51774, 0.07667, 1.06249, -1.55630
-0.03633, 0.95890, -1.43365, 0.21478, 0.85122, -1.49644, 0.08638, 1.06231, -1.51756, 0.07613, 1.06262, -1.55611
-0.03679, 0.95918, -1.43322, 0.21452, 0.85130, -1.49622, 0.08611, 1.06263, -1.51735, 0.07564, 1.06277, -1.55592
-0.03701, 0.95950, -1.43272, 0.21432, 0.85142, -1.49573, 0.08573, 1.06293, -1.51708, 0.07540, 1.06298, -1.55576
-0.03720, 0.95984, -1.43213, 0.21407, 0.85157, -1.49504, 0.08529, 1.06326, -1.51676, 0.07523, 1.06323, -1.55551
-0.03739, 0.96018, -1.43138, 0.21370, 0.85174, -1.49427, 0.08472, 1.06357, -1.51641, 0.07506, 1.06350, -1.55522
-0.03760, 0.96057, -1.43055, 0.21324, 0.85190, -1.49359, 0.08406, 1.06398, -1.51609, 0.07493, 1.06384, -1.55489
-0.03794, 0.96096, -1.42946, 0.21250, 0.85204, -1.49295, 0.08323, 1.06447, -1.51566, 0.07471, 1.06419, -1.55442
-0.03837, 0.96140, -1.42828, 0.21171, 0.85220, -1.49233, 0.08242, 1.06504, -1.51522, 0.07449, 1.06457, -1.55393
-0.03884, 0.96184, -1.42715, 0.21095, 0.85236, -1.49174, 0.08183, 1.06564, -1.51478, 0.07432, 1.06496, -1.55345
-0.03950, 0.96236, -1.42609, 0.21022, 0.85255, -1.49119, 0.08143, 1.06631, -1.51437, 0.07415, 1.06536, -1.55310
-0.04016, 0.96288, -1.42506, 0.20962, 0.85275, -1.49063, 0.08124, 1.06699, -1.51397, 0.07408, 1.06577, -1.55276
-0.04078, 0.96341, -1.42417, 0.20917, 0.85298, -1.49004, 0.08121, 1.06762, -1.51358, 0.07404, 1.06618, -1.55249
-0.04122, 0.96385, -1.42344, 0.20893, 0.85318, -1.48939, 0.08140, 1.06810, -1.51319, 0.07412, 1.06655, -1.55229
-0.04156, 0.96427, -1.42278, 0.20883, 0.85342, -1.48864, 0.08164, 1.06851, -1.51281, 0.07425, 1.06688, -1.55214
-0.04183, 0.96466, -1.42218, 0.20875, 0.85364, -1.48782, 0.08189, 1.06885, -1.51245, 0.07439, 1.06722, -1.55201
-0.04198, 0.96503, -1.42166, 0.20868, 0.85388, -1.48702, 0.08206, 1.06916, -1.51206, 0.07469, 1.06753, -1.55187
-0.04215, 0.96538, -1.42112, 0.20841, 0.85412, -1.48619, 0.08195, 1.06944, -1.51162, 0.07497, 1.06784, -1.55164
-0.04228, 0.96570, -1.42057, 0.20811, 0.85432, -1.48540, 0.08180, 1.06973, -1.51119, 0.07530, 1.06812, -1.55138
-0.04248, 0.96604, -1.42005, 0.20774, 0.85447, -1.48464, 0.08151, 1.07002, -1.51077, 0.07556, 1.06839, -1.55117
-0.04275, 0.96634, -1.41958, 0.20739, 0.85448, -1.48401, 0.08121, 1.07030, -1.51041, 0.07577, 1.06861, -1.55094
-0.04301, 0.96664, -1.41913, 0.20716, 0.85443, -1.48345, 0.08095, 1.07055, -1.51003, 0.07600, 1.06882, -1.55076
-0.04338, 0.96693, -1.41869, 0.20683, 0.85433, -1.48305, 0.08064, 1.07079, -1.50973, 0.07601, 1.06901, -1.55055
-0.04377, 0.96721, -1.41814, 0.20666, 0.85424, -1.48276, 0.08046, 1.07102, -1.50950, 0.07587, 1.06927, -1.55043
-0.04418, 0.96747, -1.41759, 0.20652, 0.85412, -1.48252, 0.08036, 1.07124, -1.50930, 0.07561, 1.06955, -1.55034
-0.04458, 0.96772, -1.41700, 0.20645, 0.85399, -1.48233, 0.08033, 1.07147, -1.50908, 0.07530, 1.06986, -1.55023
-0.04505, 0.96796, -1.41640, 0.20629, 0.85381, -1.48229, 0.08024, 1.07170, -1.50889, 0.07499, 1.07012, -1.55006
-0.04544, 0.96822, -1.41584, 0.20619, 0.85359, -1.48230, 0.08028, 1.07197, -1.50871, 0.07490, 1.07042, -1.54990
-0.04589, 0.96846, -1.41528, 0.20593, 0.85341, -1.48226, 0.08022, 1.07222, -1.50851, 0.07482, 1.07067, -1.54959
-0.04626, 0.96870, -1.41469, 0.20563, 0.85331, -1.48209, 0.08002, 1.07247, -1.50831, 0.07484, 1.07090, -1.54931
-0.04652, 0.96893, -1.41408, 0.20519, 0.85336, -1.48150, 0.07970, 1.07259, -1.50802, 0.07498, 1.07105, -1.54891
-0.04675, 0.96915, -1.41349, 0.20465, 0.85352, -1.48077, 0.07932, 1.07267, -1.50776, 0.07523, 1.07116, -1.54850
-0.04696, 0.96938, -1.41283, 0.20410, 0.85371, -1.48000, 0.07882, 1.07279, -1.50748, 0.07542, 1.07128, -1.54809
-0.04719, 0.96965, -1.41225, 0.20357, 0.85390, -1.47929, 0.07837, 1.07293, -1.50724, 0.07559, 1.07143, -1.54774
-0.04753, 0.96993, -1.41165, 0.20301, 0.85405, -1.47871, 0.07794, 1.07315, -1.50709, 0.07561, 1.07161, -1.54742
-0.04795, 0.97023, -1.41100, 0.20239, 0.85418, -1.47819, 0.07744, 1.07345, -1.50692, 0.07549, 1.07180, -1.54714
-0.04850, 0.97052, -1.41045, 0.20181, 0.85423, -1.47787, 0.07716, 1.07378, -1.50675, 0.07530, 1.07202, -1.54684
-0.04920, 0.97082, -1.40985, 0.20127, 0.85421, -1.47767, 0.07704, 1.07426, -1.50654, 0.07500, 1.07227, -1.54656
-0.05000, 0.97111, -1.40933, 0.20069, 0.85414, -1.47759, 0.07692, 1.07472, -1.50631, 0.07453, 1.07248, -1.54630
-0.05073, 0.97138, -1.40878, 0.20014, 0.85408, -1.47743, 0.07693, 1.07521, -1.50608, 0.07414, 1.07276, -1.54601
-0.05150, 0.97163, -1.40829, 0.19951, 0.85402, -1.47733, 0.07690, 1.07559, -1.50578, 0.07379, 1.07299, -1.54571
-0.05217, 0.97186, -1.40779, 0.19889, 0.85398, -1.47713, 0.07682, 1.07596, -1.50544, 0.07350, 1.07319, -1.54541
-0.05277, 0.97211, -1.40725, 0.19826, 0.85402, -1.47681, 0.07673, 1.07632, -1.50511, 0.07332, 1.07345, -1.54513
-0.05325, 0.97238, -1.40667, 0.19756, 0.85420, -1.47627, 0.07651, 1.07669, -1.50481, 0.07326, 1.07372, -1.54488
-0.05367, 0.97266, -1.40602, 0.19687, 0.85450, -1.47554, 0.07619, 1.07708, -1.50452, 0.07328, 1.07404, -1.54465
-0.05406, 0.97294, -1.40537, 0.19620, 0.85480, -1.47479, 0.07587, 1.07748, -1.50425, 0.07334, 1.07433, -1.54445
-0.05445, 0.97322, -1.40474, 0.19549, 0.85505, -1.47406, 0.07553, 1.07790, -1.50402, 0.07340, 1.07462, -1.54422
-0.05485, 0.97345, -1.40421, 0.19493, 0.85518, -1.47349, 0.07540, 1.07828, -1.50377, 0.07348, 1.07486, -1.54402
-0.05526, 0.97369, -1.40369, 0.19439, 0.85525, -1.47295, 0.07533, 1.07866, -1.50355, 0.07356, 1.07509, -1.54381
-0.05568, 0.97394, -1.40324, 0.19393, 0.85529, -1.47245, 0.07544, 1.07904, -1.50333, 0.07372, 1.07533, -1.54362
-0.05623, 0.97413, -1.40289, 0.19358, 0.85527, -1.47216, 0.07561, 1.07931, -1.50315, 0.07376, 1.07548, -1.54346
-0.05681, 0.97432, -1.40261, 0.19321, 0.85522, -1.47192, 0.07583, 1.07953, -1.50299, 0.07380, 1.07560, -1.54327
-0.05739, 0.97450, -1.40239, 0.19282, 0.85519, -1.47172, 0.07606, 1.07971, -1.50283, 0.07387, 1.07571, -1.54309
-0.05802, 0.97469, -1.40206, 0.19228, 0.85524, -1.47143, 0.07606, 1.07990, -1.50263, 0.07393, 1.07584, -1.54295
-0.05867, 0.97485, -1.40178, 0.19160, 0.85532, -1.47114, 0.07584, 1.07999, -1.50247, 0.07390, 1.07592, -1.54277
-0.05929, 0.97501, -1.40144, 0.19087, 0.85545, -1.47078, 0.07556, 1.08014, -1.50225, 0.07387, 1.07605, -1.54262
-0.05981, 0.97518, -1.40101, 0.19017, 0.85553, -1.47029, 0.07527, 1.08031, -1.50193, 0.07398, 1.07620, -1.54246
-0.06021, 0.97533, -1.40054, 0.18948, 0.85556, -1.46981, 0.07498, 1.08049, -1.50156, 0.07411, 1.07636, -1.54227
-0.06056, 0.97550, -1.40000, 0.18884, 0.85559, -1.46926, 0.07466, 1.08070, -1.50117, 0.07425, 1.07653, -1.54202
-0.06094, 0.97566, -1.39947, 0.18830, 0.85558, -1.46864, 0.07446, 1.08094, -1.50080, 0.07445, 1.07673, -1.54177
-0.06129, 0.97586, -1.39898, 0.18797, 0.85553, -1.46799, 0.07449, 1.08121, -1.50047, 0.07463, 1.07692, -1.54157
-0.06174, 0.97600, -1.39854, 0.18770, 0.85544, -1.46740, 0.07457, 1.08148, -1.50022, 0.07477, 1.07707, -1.54131
-0.06222, 0.97618, -1.39808, 0.18744, 0.85537, -1.46676, 0.07470, 1.08175, -1.50000, 0.07493, 1.07726, -1.54109
-0.06282, 0.97634, -1.39768, 0.18702, 0.85525, -1.46622, 0.07481, 1.08196, -1.49990, 0.07494, 1.07744, -1.54088
-0.06348, 0.97649, -1.39731, 0.18652, 0.85513, -1.46575, 0.07494, 1.08209, -1.49987, 0.07498, 1.07760, -1.54067
-0.06415, 0.97664, -1.39692, 0.18592, 0.85503, -1.46528, 0.07504, 1.08220, -1.49988, 0.07494, 1.07777, -1.54047
-0.06480, 0.97677, -1.39652, 0.18528, 0.85498, -1.46491, 0.07506, 1.08229, -1.49986, 0.07497, 1.07790, -1.54023
-0.06543, 0.97686, -1.39601, 0.18451, 0.85501, -1.46460, 0.07489, 1.08234, -1.49984, 0.07498, 1.07805, -1.53991
-0.06600, 0.97697, -1.39548, 0.18375, 0.85507, -1.46428, 0.07472, 1.08243, -1.49981, 0.07504, 1.07820, -1.53961
-0.06656, 0.97707, -1.39498, 0.18302, 0.85510, -1.46391, 0.07456, 1.08250, -1.49965, 0.07512, 1.07832, -1.53928
-0.06708, 0.97717, -1.39459, 0.18238, 0.85507, -1.46352, 0.07448, 1.08267, -1.49944, 0.07531, 1.07845, -1.53894
-0.06761, 0.97728, -1.39426, 0.18176, 0.85499, -1.46313, 0.07439, 1.08281, -1.49915, 0.07543, 1.07853, -1.53864
-0.06816, 0.97739, -1.39398, 0.18117, 0.85492, -1.46264, 0.07444, 1.08297, -1.49882, 0.07561, 1.07862, -1.53831
-0.06874, 0.97753, -1.39370, 0.18060, 0.85484, -1.46196, 0.07462, 1.08319, -1.49844, 0.07581, 1.07874, -1.53814
-0.06944, 0.97770, -1.39344, 0.17994, 0.85478, -1.46119, 0.07486, 1.08338, -1.49804, 0.07597, 1.07886, -1.53796
-0.07010, 0.97785, -1.39319, 0.17933, 0.85472, -1.46042, 0.07514, 1.08358, -1.49773, 0.07612, 1.07899, -1.53787
-0.07075, 0.97804, -1.39287, 0.17874, 0.85466, -1.45967, 0.07537, 1.08379, -1.49744, 0.07622, 1.07914, -1.53781
-0.07140, 0.97817, -1.39250, 0.17816, 0.85462, -1.45910, 0.07539, 1.08396, -1.49723, 0.07624, 1.07927, -1.53774
-0.07198, 0.97831, -1.39209, 0.17754, 0.85462, -1.45850, 0.07539, 1.08415, -1.49712, 0.07619, 1.07945, -1.53769
-0.07253, 0.97845, -1.39165, 0.17696, 0.85465, -1.45789, 0.07534, 1.08433, -1.49697, 0.07620, 1.07960, -1.53757
-0.07296, 0.97855, -1.39118, 0.17643, 0.85480, -1.45720, 0.07538, 1.08447, -1.49682, 0.07623, 1.07976, -1.53742
-0.07332, 0.97863, -1.39075, 0.17590, 0.85497, -1.45651, 0.07545, 1.08462, -1.49669, 0.07633, 1.07992, -1.53721
-0.07370, 0.97870, -1.39029, 0.17540, 0.85513, -1.45588, 0.07554, 1.08478, -1.49654, 0.07645, 1.08007, -1.53698
-0.07409, 0.97879, -1.38995, 0.17500, 0.85517, -1.45551, 0.07575, 1.08493, -1.49648, 0.07663, 1.08019, -1.53675
-0.07451, 0.97888, -1.38970, 0.17463, 0.85513, -1.45528, 0.07602, 1.08511, -1.49645, 0.07683, 1.08031, -1.53657
-0.07491, 0.97894, -1.38950, 0.17434, 0.85504, -1.45511, 0.07634, 1.08531, -1.49638, 0.07710, 1.08039, -1.53634
-0.07532, 0.97901, -1.38925, 0.17402, 0.85491, -1.45481, 0.07660, 1.08549, -1.49627, 0.07727, 1.08049, -1.53613
-0.07569, 0.97907, -1.38898, 0.17368, 0.85472, -1.45437, 0.07679, 1.08569, -1.49601, 0.07739, 1.08059, -1.53592
-0.07609, 0.97911, -1.38868, 0.17330, 0.85456, -1.45385, 0.07688, 1.08586, -1.49576, 0.07741, 1.08069, -1.53573
-0.07657, 0.97915, -1.38835, 0.17278, 0.85445, -1.45322, 0.07693, 1.08598, -1.49546, 0.07741, 1.08075, -1.53552
-0.07707, 0.97921, -1.38802, 0.17208, 0.85452, -1.45235, 0.07689, 1.08605, -1.49509, 0.07743, 1.08084, -1.53538
-0.07760, 0.97926, -1.38767, 0.17137, 0.85460, -1.45153, 0.07689, 1.08607, -1.49469, 0.07743, 1.08090, -1.53524
-0.07813, 0.97932, -1.38749, 0.17068, 0.85461, -1.45087, 0.07693, 1.08605, -1.49437, 0.07746, 1.08098, -1.53520
-0.07872, 0.97937, -1.38746, 0.17011, 0.85436, -1.45074, 0.07712, 1.08600, -1.49418, 0.07750, 1.08101, -1.53520
-0.07929, 0.97943, -1.38761, 0.16967, 0.85391, -1.45101, 0.07740, 1.08594, -1.49409, 0.07755, 1.08099, -1.53524
-0.07974, 0.97946, -1.38795, 0.16944, 0.85344, -1.45132, 0.07792, 1.08585, -1.49401, 0.07779, 1.08095, -1.53530
-0.08020, 0.97946, -1.38833, 0.16918, 0.85307, -1.45150, 0.07847, 1.08572, -1.49397, 0.07791, 1.08085, -1.53532
-0.08046, 0.97947, -1.38874, 0.16909, 0.85294, -1.45120, 0.07922, 1.08561, -1.49387, 0.07819, 1.08075, -1.53533
-0.08063, 0.97938, -1.38931, 0.16904, 0.85283, -1.45095, 0.08002, 1.08543, -1.49382, 0.07848, 1.08056, -1.53535
-0.08089, 0.97928, -1.38991, 0.16887, 0.85277, -1.45075, 0.08062, 1.08517, -1.49384, 0.07873, 1.08033, -1.53537
-0.08108, 0.97912, -1.39071, 0.16866, 0.85265, -1.45080, 0.08113, 1.08476, -1.49384, 0.07898, 1.08001, -1.53548
-0.08120, 0.97889, -1.39164, 0.16843, 0.85246, -1.45108, 0.08154, 1.08425, -1.49392, 0.07922, 1.07964, -1.53565
-0.08138, 0.97860, -1.39275, 0.16816, 0.85212, -1.45176, 0.08187, 1.08361, -1.49409, 0.07935, 1.07918, -1.53585
-0.08161, 0.97829, -1.39408, 0.16785, 0.85152, -1.45298, 0.08204, 1.08292, -1.49433, 0.07929, 1.07869, -1.53617
-0.08174, 0.97793, -1.39569, 0.16780, 0.85066, -1.45472, 0.08244, 1.08205, -1.49465, 0.07922, 1.07807, -1.53658
-0.08189, 0.97756, -1.39733, 0.16775, 0.84976, -1.45654, 0.08273, 1.08124, -1.49500, 0.07901, 1.07751, -1.53703
-0.08194, 0.97719, -1.39904, 0.16797, 0.84887, -1.45829, 0.08322, 1.08037, -1.49540, 0.07876, 1.07691, -1.53756
-0.08178, 0.97680, -1.40082, 0.16852, 0.84807, -1.45990, 0.08397, 1.07955, -1.49582, 0.07855, 1.07634, -1.53826
-0.08159, 0.97643, -1.40253, 0.16912, 0.84736, -1.46131, 0.08471, 1.07879, -1.49625, 0.07828, 1.07583, -1.53897
-0.08129, 0.97609, -1.40422, 0.16974, 0.84673, -1.46257, 0.08549, 1.07805, -1.49665, 0.07812, 1.07532, -1.53971
-0.08089, 0.97575, -1.40573, 0.17020, 0.84628, -1.46345, 0.08614, 1.07742, -1.49697, 0.07812, 1.07491, -1.54046
-0.08047, 0.97544, -1.40711, 0.17052, 0.84592, -1.46412, 0.08671, 1.07683, -1.49723, 0.07817, 1.07451, -1.54117
-0.07999, 0.97517, -1.40838, 0.17082, 0.84569, -1.46452, 0.08723, 1.07632, -1.49739, 0.07830, 1.07418, -1.54193
-0.07950, 0.97501, -1.40951, 0.17103, 0.84559, -1.46451, 0.08759, 1.07585, -1.49744, 0.07859, 1.07388, -1.54257
-0.07905, 0.97495, -1.41045, 0.17115, 0.84564, -1.46419, 0.08779, 1.07545, -1.49743, 0.07891, 1.07369, -1.54316
-0.07860, 0.97494, -1.41138, 0.17127, 0.84570, -1.46389, 0.08798, 1.07510, -1.49742, 0.07930, 1.07351, -1.54375
-0.07823, 0.97504, -1.41219, 0.17149, 0.84576, -1.46374, 0.08817, 1.07486, -1.49741, 0.07963, 1.07346, -1.54429
-0.07780, 0.97528, -1.41299, 0.17192, 0.84574, -1.46396, 0.08850, 1.07474, -1.49752, 0.07997, 1.07351, -1.54488
-0.07744, 0.97556, -1.41375, 0.17237, 0.84569, -1.46439, 0.08881, 1.07467, -1.49764, 0.08024, 1.07361, -1.54545
-0.07707, 0.97590, -1.41455, 0.17289, 0.84563, -1.46511, 0.08924, 1.07465, -1.49778, 0.08055, 1.07377, -1.54605
-0.07678, 0.97628, -1.41541, 0.17341, 0.84556, -1.46619, 0.08984, 1.07464, -1.49791, 0.08084, 1.07398, -1.54672
-0.07649, 0.97668, -1.41642, 0.17388, 0.84549, -1.46752, 0.09050, 1.07462, -1.49806, 0.08116, 1.07416, -1.54740
-0.07625, 0.97708, -1.41737, 0.17428, 0.84548, -1.46875, 0.09110, 1.07461, -1.49819, 0.08150, 1.07433, -1.54794
-0.07604, 0.97744, -1.41841, 0.17463, 0.84556, -1.46962, 0.09158, 1.07453, -1.49820, 0.08203, 1.07435, -1.54832
-0.07578, 0.97776, -1.41942, 0.17487, 0.84574, -1.47022, 0.09196, 1.07444, -1.49814, 0.08261, 1.07426, -1.54850
-0.07557, 0.97810, -1.42042, 0.17503, 0.84599, -1.47063, 0.09224, 1.07440, -1.49807, 0.08326, 1.07419, -1.54858
-0.07541, 0.97840, -1.42124, 0.17500, 0.84633, -1.47083, 0.09227, 1.07445, -1.49804, 0.08383, 1.07413, -1.54858
-0.07520, 0.97872, -1.42197, 0.17498, 0.84677, -1.47090, 0.09220, 1.07461, -1.49800, 0.08446, 1.07414, -1.54858
-0.07504, 0.97903, -1.42252, 0.17480, 0.84724, -1.47096, 0.09194, 1.07486, -1.49799, 0.08491, 1.07422, -1.54856
-0.07496, 0.97935, -1.42301, 0.17461, 0.84763, -1.47114, 0.09171, 1.07511, -1.49807, 0.08525, 1.07435, -1.54866
-0.07493, 0.97962, -1.42357, 0.17447, 0.84787, -1.47175, 0.09152, 1.07529, -1.49820, 0.08538, 1.07458, -1.54899
-0.07502, 0.97987, -1.42415, 0.17435, 0.84800, -1.47263, 0.09134, 1.07543, -1.49840, 0.08532, 1.07481, -1.54947
-0.07515, 0.98011, -1.42464, 0.17424, 0.84804, -1.47361, 0.09115, 1.07559, -1.49866, 0.08519, 1.07509, -1.55000
-0.07528, 0.98032, -1.42519, 0.17421, 0.84799, -1.47469, 0.09105, 1.07575, -1.49905, 0.08504, 1.07533, -1.55055
-0.07554, 0.98049, -1.42576, 0.17419, 0.84785, -1.47585, 0.09088, 1.07588, -1.49952, 0.08480, 1.07555, -1.55109
-0.07578, 0.98061, -1.42627, 0.17411, 0.84770, -1.47685, 0.09068, 1.07603, -1.50002, 0.08450, 1.07573, -1.55163
-0.07598, 0.98066, -1.42672, 0.17405, 0.84761, -1.47748, 0.09037, 1.07617, -1.50050, 0.08416, 1.07590, -1.55217
-0.07613, 0.98062, -1.42707, 0.17388, 0.84755, -1.47761, 0.08992, 1.07627, -1.50093, 0.08378, 1.07601, -1.55258
-0.07632, 0.98051, -1.42742, 0.17362, 0.84755, -1.47754, 0.08929, 1.07633, -1.50131, 0.08331, 1.07607, -1.55292
-0.07660, 0.98033, -1.42781, 0.17327, 0.84754, -1.47739, 0.08861, 1.07629, -1.50169, 0.08284, 1.07603, -1.55322
-0.07702, 0.98009, -1.42835, 0.17275, 0.84754, -1.47724, 0.08779, 1.07609, -1.50199, 0.08230, 1.07582, -1.55336
-0.07752, 0.97978, -1.42891, 0.17213, 0.84752, -1.47724, 0.08695, 1.07585, -1.50223, 0.08172, 1.07554, -1.55340
-0.07804, 0.97946, -1.42948, 0.17149, 0.84742, -1.47748, 0.08612, 1.07556, -1.50248, 0.08110, 1.07520, -1.55340
-0.07874, 0.97917, -1.43000, 0.17076, 0.84719, -1.47822, 0.08533, 1.07531, -1.50274, 0.08036, 1.07485, -1.55333
-0.07947, 0.97891, -1.43044, 0.17000, 0.84685, -1.47939, 0.08457, 1.07509, -1.50308, 0.07954, 1.07452, -1.55322
-0.08018, 0.97867, -1.43084, 0.16930, 0.84647, -1.48074, 0.08392, 1.07489, -1.50339, 0.07877, 1.07421, -1.55312
-0.08083, 0.97844, -1.43106, 0.16874, 0.84608, -1.48205, 0.08329, 1.07472, -1.50367, 0.07800, 1.07393, -1.55304
-0.08136, 0.97823, -1.43122, 0.16828, 0.84572, -1.48333, 0.08270, 1.07456, -1.50395, 0.07726, 1.07374, -1.55300
-0.08185, 0.97803, -1.43123, 0.16781, 0.84540, -1.48439, 0.08210, 1.07445, -1.50419, 0.07654, 1.07357, -1.55294
-0.08233, 0.97785, -1.43116, 0.16737, 0.84514, -1.48521, 0.08146, 1.07431, -1.50435, 0.07590, 1.07340, -1.55287
-0.08278, 0.97767, -1.43105, 0.16679, 0.84499, -1.48561, 0.08066, 1.07415, -1.50445, 0.07528, 1.07322, -1.55276
-0.08311, 0.97753, -1.43085, 0.16629, 0.84488, -1.48558, 0.07993, 1.07402, -1.50445, 0.07484, 1.07307, -1.55266
-0.08355, 0.97743, -1.43064, 0.16573, 0.84486, -1.48540, 0.07917, 1.07389, -1.50444, 0.07437, 1.07295, -1.55248
-0.08383, 0.97737, -1.43042, 0.16534, 0.84487, -1.48490, 0.07871, 1.07378, -1.50430, 0.07409, 1.07284, -1.55221
-0.08422, 0.97737, -1.43023, 0.16488, 0.84493, -1.48427, 0.07830, 1.07375, -1.50415, 0.07379, 1.07277, -1.55193
-0.08457, 0.97741, -1.43005, 0.16458, 0.84502, -1.48362, 0.07803, 1.07374, -1.50396, 0.07358, 1.07273, -1.55157
-0.08497, 0.97748, -1.42984, 0.16422, 0.84512, -1.48309, 0.07789, 1.07380, -1.50380, 0.07329, 1.07279, -1.55123
-0.08541, 0.97757, -1.42969, 0.16392, 0.84522, -1.48285, 0.07790, 1.07390, -1.50366, 0.07292, 1.07286, -1.55094
-0.08582, 0.97769, -1.42952, 0.16367, 0.84529, -1.48280, 0.07795, 1.07401, -1.50350, 0.07260, 1.07294, -1.55066
-0.08616, 0.97777, -1.42934, 0.16351, 0.84527, -1.48291, 0.07804, 1.07413, -1.50335, 0.07224, 1.07301, -1.55041
-0.08648, 0.97782, -1.42910, 0.16340, 0.84512, -1.48327, 0.07798, 1.07419, -1.50317, 0.07190, 1.07306, -1.55021
-0.08673, 0.97787, -1.42878, 0.16331, 0.84495, -1.48367, 0.07788, 1.07429, -1.50302, 0.07156, 1.07315, -1.55002
-0.08691, 0.97790, -1.42849, 0.16328, 0.84478, -1.48401, 0.07769, 1.07433, -1.50281, 0.07128, 1.07320, -1.54987
-0.08700, 0.97790, -1.42817, 0.16324, 0.84476, -1.48406, 0.07739, 1.07434, -1.50264, 0.07109, 1.07327, -1.54978
-0.08706, 0.97792, -1.42785, 0.16318, 0.84483, -1.48384, 0.07699, 1.07431, -1.50243, 0.07097, 1.07333, -1.54970
-0.08703, 0.97792, -1.42759, 0.16315, 0.84495, -1.48351, 0.07664, 1.07427, -1.50222, 0.07093, 1.07342, -1.54969
-0.08702, 0.97793, -1.42748, 0.16307, 0.84509, -1.48320, 0.07633, 1.07420, -1.50204, 0.07086, 1.07345, -1.54966
-0.08697, 0.97797, -1.42748, 0.16299, 0.84523, -1.48285, 0.07621, 1.07416, -1.50188, 0.07084, 1.07350, -1.54968
-0.08693, 0.97798, -1.42756, 0.16291, 0.84535, -1.48259, 0.07609, 1.07408, -1.50174, 0.07076, 1.07353, -1.54965
-0.08688, 0.97802, -1.42776, 0.16296, 0.84542, -1.48251, 0.07608, 1.07401, -1.50170, 0.07072, 1.07358, -1.54973
-0.08679, 0.97805, -1.42801, 0.16324, 0.84534, -1.48275, 0.07618, 1.07397, -1.50164, 0.07065, 1.07360, -1.54981
-0.08663, 0.97810, -1.42832, 0.16370, 0.84523, -1.48305, 0.07638, 1.07396, -1.50160, 0.07066, 1.07368, -1.54993
-0.08649, 0.97812, -1.42860, 0.16413, 0.84509, -1.48341, 0.07654, 1.07393, -1.50160, 0.07057, 1.07375, -1.55006
-0.08636, 0.97814, -1.42873, 0.16453, 0.84501, -1.48369, 0.07658, 1.07385, -1.50154, 0.07046, 1.07383, -1.55019
-0.08620, 0.97814, -1.42878, 0.16488, 0.84500, -1.48385, 0.07653, 1.07377, -1.50145, 0.07037, 1.07391, -1.55035
-0.08595, 0.97814, -1.42881, 0.16520, 0.84502, -1.48389, 0.07652, 1.07366, -1.50133, 0.07037, 1.07399, -1.55047
-0.08584, 0.97816, -1.42884, 0.16532, 0.84508, -1.48384, 0.07636, 1.07356, -1.50120, 0.07029, 1.07400, -1.55059
-0.08572, 0.97819, -1.42890, 0.16527, 0.84517, -1.48366, 0.07614, 1.07349, -1.50111, 0.07028, 1.07400, -1.55067
-0.08558, 0.97820, -1.42900, 0.16526, 0.84525, -1.48341, 0.07602, 1.07343, -1.50099, 0.07034, 1.07393, -1.55076
-0.08538, 0.97824, -1.42924, 0.16529, 0.84532, -1.48324, 0.07593, 1.07339, -1.50094, 0.07047, 1.07387, -1.55092
-0.08523, 0.97830, -1.42952, 0.16544, 0.84536, -1.48315, 0.07600, 1.07339, -1.50094, 0.07061, 1.07385, -1.55110
-0.08498, 0.97839, -1.42985, 0.16571, 0.84538, -1.48313, 0.07616, 1.07343, -1.50101, 0.07083, 1.07385, -1.55139
-0.08475, 0.97844, -1.43025, 0.16600, 0.84534, -1.48318, 0.07637, 1.07345, -1.50105, 0.07105, 1.07382, -1.55163
-0.08456, 0.97848, -1.43064, 0.16635, 0.84524, -1.48323, 0.07663, 1.07344, -1.50111, 0.07125, 1.07381, -1.55189
-0.08442, 0.97848, -1.43105, 0.16665, 0.84510, -1.48346, 0.07682, 1.07338, -1.50117, 0.07132, 1.07377, -1.55212
-0.08427, 0.97848, -1.43144, 0.16694, 0.84493, -1.48363, 0.07707, 1.07328, -1.50120, 0.07141, 1.07373, -1.55237
-0.08414, 0.97848, -1.43173, 0.16709, 0.84485, -1.48382, 0.07714, 1.07322, -1.50124, 0.07144, 1.07371, -1.55258
-0.08402, 0.97848, -1.43190, 0.16703, 0.84485, -1.48403, 0.07701, 1.07315, -1.50119, 0.07139, 1.07367, -1.55276
-0.08389, 0.97849, -1.43205, 0.16691, 0.84489, -1.48425, 0.07686, 1.07307, -1.50120, 0.07130, 1.07364, -1.55296
-0.08376, 0.97849, -1.43211, 0.16682, 0.84498, -1.48435, 0.07673, 1.07305, -1.50114, 0.07127, 1.07363, -1.55316
-0.08360, 0.97851, -1.43213, 0.16680, 0.84511, -1.48444, 0.07659, 1.07302, -1.50111, 0.07125, 1.07366, -1.55333
-0.08342, 0.97851, -1.43220, 0.16684, 0.84526, -1.48449, 0.07654, 1.07300, -1.50110, 0.07124, 1.07367, -1.55355
-0.08326, 0.97854, -1.43224, 0.16695, 0.84538, -1.48445, 0.07657, 1.07302, -1.50104, 0.07131, 1.07369, -1.55372
-0.08308, 0.97858, -1.43242, 0.16716, 0.84541, -1.48434, 0.07674, 1.07303, -1.50101, 0.07143, 1.07370, -1.55387
-0.08289, 0.97862, -1.43262, 0.16746, 0.84535, -1.48412, 0.07703, 1.07306, -1.50095, 0.07160, 1.07370, -1.55402
-0.08280, 0.97864, -1.43281, 0.16772, 0.84527, -1.48390, 0.07728, 1.07309, -1.50091, 0.07180, 1.07372, -1.55412
-0.08275, 0.97872, -1.43297, 0.16793, 0.84516, -1.48366, 0.07758, 1.07309, -1.50084, 0.07200, 1.07372, -1.55424
-0.08269, 0.97879, -1.43303, 0.16809, 0.84505, -1.48339, 0.07788, 1.07313, -1.50069, 0.07225, 1.07372, -1.55437
-0.08276, 0.97882, -1.43308, 0.16817, 0.84492, -1.48318, 0.07804, 1.07309, -1.50056, 0.07239, 1.07368, -1.55449
-0.08278, 0.97885, -1.43302, 0.16831, 0.84478, -1.48302, 0.07816, 1.07306, -1.50042, 0.07256, 1.07369, -1.55463
-0.08285, 0.97883, -1.43279, 0.16839, 0.84459, -1.48294, 0.07812, 1.07301, -1.50024, 0.07257, 1.07362, -1.55471
-0.08290, 0.97878, -1.43249, 0.16847, 0.84440, -1.48292, 0.07796, 1.07296, -1.50003, 0.07255, 1.07359, -1.55482
-0.08298, 0.97869, -1.43223, 0.16853, 0.84422, -1.48302, 0.07772, 1.07292, -1.49988, 0.07241, 1.07353, -1.55488
-0.08297, 0.97861, -1.43183, 0.16864, 0.84410, -1.48318, 0.07747, 1.07290, -1.49974, 0.07227, 1.07352, -1.55484
-0.08292, 0.97852, -1.43147, 0.16877, 0.84401, -1.48348, 0.07719, 1.07289, -1.49963, 0.07207, 1.07353, -1.55477
-0.08287, 0.97842, -1.43116, 0.16891, 0.84395, -1.48375, 0.07698, 1.07289, -1.49953, 0.07183, 1.07351, -1.55470
-0.08287, 0.97835, -1.43094, 0.16900, 0.84397, -1.48394, 0.07681, 1.07288, -1.49946, 0.07165, 1.07350, -1.55462
-0.08283, 0.97831, -1.43087, 0.16905, 0.84403, -1.48401, 0.07674, 1.07288, -1.49942, 0.07153, 1.07348, -1.55453
-0.08281, 0.97827, -1.43087, 0.16911, 0.84413, -1.48399, 0.07675, 1.07287, -1.49936, 0.07141, 1.07346, -1.55441
-0.08284, 0.97824, -1.43086, 0.16911, 0.84426, -1.48386, 0.07666, 1.07287, -1.49935, 0.07126, 1.07341, -1.55431
-0.08298, 0.97823, -1.43094, 0.16899, 0.84440, -1.48366, 0.07648, 1.07284, -1.49941, 0.07104, 1.07336, -1.55424
-0.08313, 0.97822, -1.43097, 0.16883, 0.84457, -1.48336, 0.07624, 1.07285, -1.49945, 0.07080, 1.07332, -1.55415
-0.08334, 0.97821, -1.43098, 0.16859, 0.84471, -1.48316, 0.07589, 1.07284, -1.49952, 0.07047, 1.07327, -1.55404
-0.08359, 0.97817, -1.43095, 0.16832, 0.84486, -1.48319, 0.07552, 1.07283, -1.49959, 0.07011, 1.07323, -1.55398
-0.08381, 0.97810, -1.43085, 0.16800, 0.84495, -1.48335, 0.07511, 1.07280, -1.49964, 0.06972, 1.07316, -1.55385
-0.08410, 0.97802, -1.43069, 0.16766, 0.84500, -1.48360, 0.07461, 1.07275, -1.49972, 0.06923, 1.07308, -1.55372
-0.08434, 0.97795, -1.43054, 0.16744, 0.84503, -1.48388, 0.07423, 1.07273, -1.49982, 0.06880, 1.07303, -1.55365
-0.08447, 0.97786, -1.43037, 0.16737, 0.84500, -1.48415, 0.07396, 1.07269, -1.49986, 0.06844, 1.07293, -1.55349
-0.08461, 0.97776, -1.43028, 0.16733, 0.84494, -1.48448, 0.07368, 1.07266, -1.49996, 0.06807, 1.07281, -1.55338
-0.08467, 0.97765, -1.43026, 0.16732, 0.84487, -1.48488, 0.07341, 1.07256, -1.50009, 0.06769, 1.07270, -1.55326
-0.08463, 0.97754, -1.43034, 0.16733, 0.84486, -1.48528, 0.07312, 1.07247, -1.50021, 0.06737, 1.07256, -1.55315
-0.08456, 0.97741, -1.43051, 0.16732, 0.84488, -1.48572, 0.07280, 1.07235, -1.50038, 0.06711, 1.07242, -1.55306
-0.08449, 0.97732, -1.43066, 0.16727, 0.84495, -1.48610, 0.07248, 1.07224, -1.50061, 0.06681, 1.07232, -1.55298
-0.08440, 0.97723, -1.43088, 0.16710, 0.84506, -1.48637, 0.07219, 1.07207, -1.50077, 0.06661, 1.07216, -1.55291
-0.08441, 0.97717, -1.43096, 0.16678, 0.84525, -1.48648, 0.07179, 1.07190, -1.50096, 0.06637, 1.07203, -1.55280
-0.08441, 0.97712, -1.43109, 0.16647, 0.84540, -1.48656, 0.07144, 1.07172, -1.50110, 0.06611, 1.07190, -1.55270
-0.08442, 0.97708, -1.43119, 0.16620, 0.84557, -1.48666, 0.07118, 1.07155, -1.50129, 0.06594, 1.07177, -1.55266
-0.08442, 0.97707, -1.43120, 0.16603, 0.84569, -1.48673, 0.07099, 1.07143, -1.50149, 0.06580, 1.07171, -1.55265
-0.08446, 0.97708, -1.43113, 0.16583, 0.84579, -1.48685, 0.07078, 1.07138, -1.50171, 0.06559, 1.07170, -1.55263
-0.08452, 0.97706, -1.43115, 0.16570, 0.84580, -1.48712, 0.07060, 1.07130, -1.50193, 0.06538, 1.07167, -1.55262
-0.08441, 0.97707, -1.43116, 0.16582, 0.84579, -1.48755, 0.07056, 1.07134, -1.50207, 0.06526, 1.07169, -1.55262
-0.08435, 0.97706, -1.43110, 0.16598, 0.84571, -1.48800, 0.07049, 1.07140, -1.50219, 0.06512, 1.07172, -1.55262
-0.08422, 0.97702, -1.43105, 0.16619, 0.84562, -1.48845, 0.07037, 1.07148, -1.50224, 0.06498, 1.07174, -1.55256
-0.08402, 0.97704, -1.43096, 0.16650, 0.84559, -1.48865, 0.07021, 1.07162, -1.50221, 0.06489, 1.07184, -1.55253
-0.08382, 0.97704, -1.43076, 0.16675, 0.84560, -1.48866, 0.06998, 1.07178, -1.50217, 0.06482, 1.07191, -1.55242
-0.08357, 0.97705, -1.43063, 0.16709, 0.84562, -1.48855, 0.06982, 1.07193, -1.50209, 0.06485, 1.07198, -1.55234
-0.08347, 0.97708, -1.43049, 0.16728, 0.84570, -1.48843, 0.06952, 1.07205, -1.50207, 0.06478, 1.07208, -1.55231
-0.08337, 0.97710, -1.43049, 0.16740, 0.84577, -1.48829, 0.06932, 1.07208, -1.50209, 0.06481, 1.07210, -1.55235
-0.08339, 0.97710, -1.43046, 0.16742, 0.84583, -1.48813, 0.06908, 1.07209, -1.50219, 0.06475, 1.07213, -1.55242
-0.08332, 0.97712, -1.43049, 0.16751, 0.84586, -1.48808, 0.06904, 1.07203, -1.50225, 0.06482, 1.07212, -1.55254
-0.08324, 0.97708, -1.43054, 0.16763, 0.84581, -1.48817, 0.06906, 1.07194, -1.50230, 0.06482, 1.07216, -1.55272
-0.08309, 0.97701, -1.43061, 0.16782, 0.84566, -1.48837, 0.06927, 1.07179, -1.50227, 0.06485, 1.07213, -1.55291
-0.08288, 0.97697, -1.43064, 0.16812, 0.84550, -1.48853, 0.06957, 1.07171, -1.50221, 0.06495, 1.07216, -1.55312
-0.08259, 0.97694, -1.43064, 0.16862, 0.84533, -1.48866, 0.06995, 1.07167, -1.50203, 0.06514, 1.07224, -1.55332
-0.08229, 0.97696, -1.43048, 0.16911, 0.84515, -1.48868, 0.07031, 1.07177, -1.50185, 0.06530, 1.07236, -1.55353
-0.08193, 0.97695, -1.43037, 0.16966, 0.84501, -1.48858, 0.07073, 1.07185, -1.50157, 0.06550, 1.07247, -1.55372
-0.08160, 0.97700, -1.43026, 0.17012, 0.84497, -1.48812, 0.07112, 1.07200, -1.50132, 0.06579, 1.07259, -1.55389
-0.08128, 0.97709, -1.43023, 0.17047, 0.84505, -1.48734, 0.07143, 1.07210, -1.50110, 0.06615, 1.07266, -1.55404
-0.08102, 0.97717, -1.43017, 0.17073, 0.84522, -1.48641, 0.07164, 1.07225, -1.50090, 0.06649, 1.07276, -1.55420
-0.08085, 0.97722, -1.43018, 0.17083, 0.84540, -1.48559, 0.07182, 1.07233, -1.50074, 0.06682, 1.07277, -1.55430
-0.08068, 0.97724, -1.43022, 0.17085, 0.84557, -1.48502, 0.07190, 1.07236, -1.50057, 0.06709, 1.07274, -1.55434
-0.08061, 0.97724, -1.43035, 0.17080, 0.84571, -1.48463, 0.07194, 1.07238, -1.50045, 0.06730, 1.07267, -1.55440
-0.08058, 0.97721, -1.43043, 0.17083, 0.84578, -1.48446, 0.07207, 1.07235, -1.50026, 0.06752, 1.07259, -1.55443
-0.08063, 0.97723, -1.43048, 0.17094, 0.84571, -1.48466, 0.07228, 1.07238, -1.50012, 0.06759, 1.07255, -1.55457
-0.08065, 0.97726, -1.43056, 0.17125, 0.84550, -1.48514, 0.07270, 1.07240, -1.49997, 0.06766, 1.07256, -1.55473
-0.08072, 0.97730, -1.43067, 0.17157, 0.84524, -1.48574, 0.07314, 1.07241, -1.49984, 0.06770, 1.07252, -1.55492
-0.08074, 0.97737, -1.43073, 0.17187, 0.84501, -1.48622, 0.07365, 1.07247, -1.49973, 0.06778, 1.07258, -1.55516
-0.08075, 0.97744, -1.43090, 0.17205, 0.84483, -1.48661, 0.07410, 1.07245, -1.49974, 0.06784, 1.07258, -1.55546
-0.08071, 0.97751, -1.43107, 0.17219, 0.84470, -1.48685, 0.07454, 1.07245, -1.49972, 0.06799, 1.07259, -1.55578
-0.08067, 0.97758, -1.43133, 0.17224, 0.84461, -1.48704, 0.07492, 1.07242, -1.49976, 0.06822, 1.07256, -1.55603
-0.08061, 0.97759, -1.43161, 0.17214, 0.84462, -1.48699, 0.07518, 1.07233, -1.49982, 0.06849, 1.07240, -1.55618
-0.08047, 0.97760, -1.43194, 0.17200, 0.84468, -1.48685, 0.07534, 1.07223, -1.49992, 0.06890, 1.07223, -1.55627
-0.08036, 0.97758, -1.43231, 0.17183, 0.84477, -1.48664, 0.07551, 1.07211, -1.50001, 0.06928, 1.07198, -1.55636
-0.08021, 0.97751, -1.43261, 0.17178, 0.84484, -1.48635, 0.07575, 1.07197, -1.50003, 0.06967, 1.07172, -1.55637
-0.08016, 0.97740, -1.43291, 0.17174, 0.84488, -1.48607, 0.07599, 1.07182, -1.50006, 0.06999, 1.07141, -1.55632
-0.08011, 0.97731, -1.43317, 0.17173, 0.84490, -1.48584, 0.07630, 1.07170, -1.50005, 0.07033, 1.07113, -1.55629
-0.08012, 0.97723, -1.43339, 0.17167, 0.84491, -1.48588, 0.07659, 1.07161, -1.50006, 0.07055, 1.07093, -1.55627
-0.08023, 0.97720, -1.43354, 0.17159, 0.84481, -1.48628, 0.07698, 1.07149, -1.50003, 0.07061, 1.07075, -1.55627
-0.08037, 0.97719, -1.43360, 0.17145, 0.84472, -1.48680, 0.07728, 1.07147, -1.50000, 0.07061, 1.07067, -1.55633
-0.08047, 0.97721, -1.43360, 0.17137, 0.84461, -1.48729, 0.07765, 1.07146, -1.50004, 0.07067, 1.07064, -1.55642
-0.08063, 0.97728, -1.43347, 0.17128, 0.84448, -1.48769, 0.07789, 1.07157, -1.50017, 0.07070, 1.07069, -1.55652
-0.08079, 0.97733, -1.43321, 0.17112, 0.84436, -1.48795, 0.07800, 1.07173, -1.50032, 0.07070, 1.07076, -1.55654
-0.08089, 0.97739, -1.43290, 0.17097, 0.84432, -1.48808, 0.07804, 1.07186, -1.50052, 0.07072, 1.07084, -1.55660
-0.08094, 0.97736, -1.43250, 0.17061, 0.84438, -1.48787, 0.07789, 1.07189, -1.50065, 0.07075, 1.07086, -1.55652
-0.08094, 0.97729, -1.43204, 0.17018, 0.84453, -1.48740, 0.07771, 1.07185, -1.50076, 0.07077, 1.07086, -1.55637
-0.08093, 0.97721, -1.43160, 0.16973, 0.84473, -1.48687, 0.07748, 1.07179, -1.50084, 0.07087, 1.07083, -1.55621
-0.08101, 0.97711, -1.43116, 0.16918, 0.84498, -1.48644, 0.07728, 1.07175, -1.50094, 0.07088, 1.07078, -1.55594
-0.08114, 0.97706, -1.43075, 0.16864, 0.84523, -1.48622, 0.07721, 1.07179, -1.50100, 0.07090, 1.07074, -1.55563
-0.08136, 0.97704, -1.43041, 0.16817, 0.84545, -1.48612, 0.07720, 1.07182, -1.50108, 0.07090, 1.07068, -1.55526
-0.08162, 0.97703, -1.43019, 0.16782, 0.84561, -1.48611, 0.07726, 1.07191, -1.50125, 0.07092, 1.07067, -1.55491
-0.08201, 0.97708, -1.42994, 0.16768, 0.84566, -1.48618, 0.07742, 1.07209, -1.50150, 0.07093, 1.07070, -1.55458
-0.08246, 0.97713, -1.42982, 0.16763, 0.84561, -1.48629, 0.07762, 1.07226, -1.50177, 0.07088, 1.07073, -1.55431
-0.08293, 0.97721, -1.42961, 0.16754, 0.84558, -1.48637, 0.07777, 1.07241, -1.50202, 0.07081, 1.07081, -1.55408
-0.08322, 0.97724, -1.42940, 0.16748, 0.84559, -1.48627, 0.07794, 1.07243, -1.50217, 0.07086, 1.07096, -1.55400
-0.08344, 0.97729, -1.42907, 0.16723, 0.84571, -1.48601, 0.07801, 1.07237, -1.50222, 0.07091, 1.07116, -1.55411
-0.08365, 0.97726, -1.42875, 0.16685, 0.84586, -1.48567, 0.07799, 1.07226, -1.50222, 0.07088, 1.07133, -1.55417
-0.08376, 0.97724, -1.42838, 0.16628, 0.84612, -1.48503, 0.07789, 1.07219, -1.50226, 0.07100, 1.07153, -1.55427
-0.08384, 0.97718, -1.42797, 0.16550, 0.84653, -1.48416, 0.07770, 1.07211, -1.50231, 0.07118, 1.07169, -1.55432
-0.08395, 0.97715, -1.42754, 0.16463, 0.84699, -1.48326, 0.07743, 1.07211, -1.50238, 0.07130, 1.07184, -1.55432
-0.08408, 0.97710, -1.42720, 0.16392, 0.84738, -1.48248, 0.07724, 1.07212, -1.50251, 0.07144, 1.07196, -1.55423
-0.08424, 0.97703, -1.42700, 0.16349, 0.84762, -1.48209, 0.07719, 1.07221, -1.50272, 0.07150, 1.07198, -1.55398
-0.08442, 0.97701, -1.42684, 0.16332, 0.84778, -1.48187, 0.07723, 1.07233, -1.50292, 0.07156, 1.07202, -1.55368
-0.08463, 0.97696, -1.42681, 0.16327, 0.84782, -1.48188, 0.07746, 1.07242, -1.50311, 0.07161, 1.07202, -1.55338
-0.08491, 0.97694, -1.42677, 0.16341, 0.84774, -1.48205, 0.07784, 1.07251, -1.50322, 0.07160, 1.07207, -1.55310
-0.08517, 0.97693, -1.42670, 0.16370, 0.84754, -1.48236, 0.07839, 1.07255, -1.50321, 0.07160, 1.07214, -1.55283
-0.08550, 0.97690, -1.42672, 0.16392, 0.84735, -1.48272, 0.07888, 1.07254, -1.50326, 0.07155, 1.07218, -1.55261
-0.08581, 0.97685, -1.42668, 0.16398, 0.84722, -1.48293, 0.07924, 1.07246, -1.50334, 0.07156, 1.07219, -1.55238
-0.08604, 0.97677, -1.42668, 0.16392, 0.84720, -1.48305, 0.07944, 1.07229, -1.50351, 0.07163, 1.07217, -1.55222
-0.08625, 0.97669, -1.42661, 0.16367, 0.84724, -1.48307, 0.07943, 1.07211, -1.50370, 0.07173, 1.07215, -1.55203
-0.08633, 0.97658, -1.42663, 0.16337, 0.84736, -1.48309, 0.07938, 1.07184, -1.50396, 0.07188, 1.07207, -1.55188
-0.08638, 0.97646, -1.42666, 0.16284, 0.84762, -1.48317, 0.07908, 1.07159, -1.50433, 0.07200, 1.07200, -1.55175
-0.08632, 0.97634, -1.42675, 0.16228, 0.84790, -1.48326, 0.07870, 1.07133, -1.50472, 0.07216, 1.07190, -1.55165
-0.08619, 0.97625, -1.42688, 0.16183, 0.84818, -1.48326, 0.07849, 1.07109, -1.50506, 0.07234, 1.07183, -1.55158
-0.08605, 0.97618, -1.42711, 0.16157, 0.84838, -1.48320, 0.07859, 1.07089, -1.50527, 0.07253, 1.07177, -1.55154
-0.08591, 0.97618, -1.42732, 0.16151, 0.84854, -1.48293, 0.07892, 1.07083, -1.50538, 0.07276, 1.07180, -1.55150
-0.08586, 0.97616, -1.42760, 0.16150, 0.84863, -1.48276, 0.07930, 1.07076, -1.50543, 0.07292, 1.07180, -1.55146
-0.08570, 0.97615, -1.42782, 0.16176, 0.84867, -1.48246, 0.07982, 1.07078, -1.50544, 0.07321, 1.07186, -1.55147
-0.08566, 0.97618, -1.42804, 0.16217, 0.84866, -1.48223, 0.08036, 1.07089, -1.50542, 0.07352, 1.07195, -1.55147
-0.08563, 0.97617, -1.42821, 0.16253, 0.84862, -1.48205, 0.08074, 1.07101, -1.50542, 0.07375, 1.07205, -1.55148
-0.08563, 0.97613, -1.42835, 0.16281, 0.84859, -1.48194, 0.08098, 1.07106, -1.50539, 0.07389, 1.07212, -1.55142
-0.08561, 0.97608, -1.42830, 0.16284, 0.84864, -1.48192, 0.08081, 1.07100, -1.50544, 0.07382, 1.07219, -1.55125
-0.08554, 0.97599, -1.42826, 0.16277, 0.84873, -1.48198, 0.08058, 1.07084, -1.50548, 0.07373, 1.07225, -1.55107
-0.08554, 0.97592, -1.42814, 0.16250, 0.84885, -1.48214, 0.08017, 1.07067, -1.50559, 0.07351, 1.07229, -1.55081
-0.08540, 0.97589, -1.42795, 0.16220, 0.84906, -1.48234, 0.07988, 1.07059, -1.50574, 0.07349, 1.07236, -1.55061
-0.08531, 0.97590, -1.42776, 0.16183, 0.84931, -1.48265, 0.07965, 1.07052, -1.50595, 0.07348, 1.07244, -1.55040
-0.08517, 0.97595, -1.42759, 0.16151, 0.84957, -1.48286, 0.07955, 1.07049, -1.50616, 0.07356, 1.07254, -1.55026
-0.08511, 0.97602, -1.42743, 0.16132, 0.84979, -1.48288, 0.07955, 1.07056, -1.50626, 0.07368, 1.07266, -1.55009
-0.08511, 0.97615, -1.42736, 0.16139, 0.84997, -1.48268, 0.07988, 1.07069, -1.50630, 0.07393, 1.07281, -1.55003
-0.08516, 0.97625, -1.42731, 0.16157, 0.85009, -1.48236, 0.08025, 1.07087, -1.50622, 0.07414, 1.07298, -1.54998
-0.08509, 0.97635, -1.42720, 0.16191, 0.85021, -1.48188, 0.08073, 1.07106, -1.50608, 0.07442, 1.07319, -1.55000
-0.08496, 0.97640, -1.42709, 0.16232, 0.85022, -1.48137, 0.08132, 1.07119, -1.50581, 0.07466, 1.07341, -1.55007
-0.08486, 0.97641, -1.42686, 0.16264, 0.85025, -1.48079, 0.08174, 1.07133, -1.50554, 0.07476, 1.07366, -1.55012
-0.08461, 0.97642, -1.42667, 0.16296, 0.85030, -1.48026, 0.08217, 1.07148, -1.50523, 0.07502, 1.07390, -1.55023
-0.08443, 0.97644, -1.42646, 0.16291, 0.85048, -1.47988, 0.08228, 1.07163, -1.50510, 0.07518, 1.07410, -1.55025
-0.08417, 0.97645, -1.42626, 0.16264, 0.85074, -1.47969, 0.08215, 1.07176, -1.50505, 0.07535, 1.07425, -1.55026
-0.08393, 0.97647, -1.42616, 0.16228, 0.85102, -1.47959, 0.08193, 1.07185, -1.50504, 0.07548, 1.07433, -1.55027
-0.08375, 0.97651, -1.42611, 0.16203, 0.85129, -1.47940, 0.08176, 1.07194, -1.50497, 0.07568, 1.07445, -1.55028
-0.08361, 0.97657, -1.42611, 0.16192, 0.85152, -1.47911, 0.08167, 1.07198, -1.50487, 0.07593, 1.07457, -1.55034
-0.08350, 0.97664, -1.42625, 0.16193, 0.85170, -1.47883, 0.08171, 1.07198, -1.50473, 0.07615, 1.07466, -1.55041
-0.08345, 0.97670, -1.42648, 0.16205, 0.85184, -1.47859, 0.08186, 1.07199, -1.50462, 0.07635, 1.07477, -1.55053
-0.08332, 0.97678, -1.42672, 0.16249, 0.85192, -1.47837, 0.08235, 1.07204, -1.50453, 0.07663, 1.07493, -1.55079
-0.08321, 0.97684, -1.42706, 0.16301, 0.85194, -1.47820, 0.08297, 1.07210, -1.50446, 0.07686, 1.07505, -1.55109
-0.08321, 0.97690, -1.42736, 0.16343, 0.85194, -1.47812, 0.08352, 1.07221, -1.50445, 0.07705, 1.07519, -1.55132
-0.08329, 0.97696, -1.42766, 0.16371, 0.85192, -1.47810, 0.08396, 1.07238, -1.50457, 0.07713, 1.07529, -1.55154
-0.08351, 0.97699, -1.42790, 0.16373, 0.85192, -1.47823, 0.08420, 1.07257, -1.50480, 0.07705, 1.07531, -1.55163
-0.08365, 0.97703, -1.42812, 0.16376, 0.85190, -1.47838, 0.08442, 1.07274, -1.50498, 0.07708, 1.07534, -1.55169
-0.08376, 0.97701, -1.42832, 0.16360, 0.85190, -1.47860, 0.08436, 1.07278, -1.50513, 0.07707, 1.07530, -1.55172
-0.08372, 0.97698, -1.42844, 0.16341, 0.85195, -1.47879, 0.08414, 1.07269, -1.50517, 0.07716, 1.07525, -1.55173
-0.08364, 0.97691, -1.42854, 0.16322, 0.85199, -1.47904, 0.08380, 1.07254, -1.50515, 0.07725, 1.07517, -1.55174
-0.08344, 0.97686, -1.42863, 0.16309, 0.85205, -1.47920, 0.08342, 1.07235, -1.50508, 0.07739, 1.07511, -1.55172
-0.08311, 0.97681, -1.42874, 0.16306, 0.85210, -1.47941, 0.08304, 1.07210, -1.50501, 0.07750, 1.07501, -1.55175
-0.08275, 0.97676, -1.42891, 0.16312, 0.85217, -1.47957, 0.08275, 1.07185, -1.50492, 0.07756, 1.07493, -1.55178
-0.08233, 0.97673, -1.42913, 0.16337, 0.85223, -1.47958, 0.08263, 1.07165, -1.50475, 0.07770, 1.07486, -1.55186
-0.08206, 0.97674, -1.42933, 0.16363, 0.85229, -1.47939, 0.08278, 1.07156, -1.50451, 0.07769, 1.07485, -1.55197
-0.08180, 0.97678, -1.42960, 0.16405, 0.85238, -1.47898, 0.08326, 1.07160, -1.50425, 0.07772, 1.07492, -1.55212
-0.08160, 0.97681, -1.42986, 0.16451, 0.85245, -1.47857, 0.08377, 1.07165, -1.50400, 0.07769, 1.07499, -1.55225
-0.08149, 0.97688, -1.43003, 0.16493, 0.85256, -1.47813, 0.08420, 1.07174, -1.50378, 0.07764, 1.07512, -1.55233
-0.08147, 0.97689, -1.43006, 0.16524, 0.85268, -1.47774, 0.08435, 1.07185, -1.50364, 0.07745, 1.07530, -1.55235
-0.08148, 0.97692, -1.43002, 0.16547, 0.85282, -1.47744, 0.08437, 1.07197, -1.50355, 0.07728, 1.07545, -1.55231
-0.08141, 0.97695, -1.42991, 0.16563, 0.85296, -1.47733, 0.08425, 1.07205, -1.50351, 0.07711, 1.07559, -1.55224
-0.08142, 0.97700, -1.42961, 0.16542, 0.85311, -1.47750, 0.08373, 1.07211, -1.50360, 0.07691, 1.07571, -1.55207
-0.08139, 0.97703, -1.42923, 0.16508, 0.85326, -1.47775, 0.08313, 1.07214, -1.50366, 0.07671, 1.07580, -1.55182
-0.08137, 0.97703, -1.42886, 0.16472, 0.85341, -1.47807, 0.08251, 1.07218, -1.50371, 0.07648, 1.07586, -1.55158
-0.08133, 0.97708, -1.42851, 0.16442, 0.85355, -1.47823, 0.08195, 1.07228, -1.50371, 0.07621, 1.07595, -1.55133
-0.08127, 0.97713, -1.42815, 0.16421, 0.85368, -1.47832, 0.08157, 1.07245, -1.50361, 0.07600, 1.07606, -1.55113
-0.08121, 0.97718, -1.42788, 0.16413, 0.85380, -1.47830, 0.08126, 1.07262, -1.50348, 0.07576, 1.07618, -1.55096
-0.08117, 0.97725, -1.42772, 0.16421, 0.85389, -1.47818, 0.08114, 1.07283, -1.50329, 0.07556, 1.07631, -1.55085
-0.08109, 0.97734, -1.42763, 0.16448, 0.85395, -1.47793, 0.08122, 1.07307, -1.50305, 0.07533, 1.07649, -1.55079
-0.08105, 0.97742, -1.42754, 0.16483, 0.85401, -1.47760, 0.08139, 1.07329, -1.50271, 0.07516, 1.07665, -1.55081
-0.08110, 0.97749, -1.42739, 0.16502, 0.85411, -1.47710, 0.08149, 1.07356, -1.50238, 0.07498, 1.07684, -1.55076
-0.08130, 0.97755, -1.42716, 0.16497, 0.85427, -1.47646, 0.08143, 1.07376, -1.50206, 0.07477, 1.07704, -1.55076
-0.08162, 0.97759, -1.42687, 0.16471, 0.85447, -1.47581, 0.08126, 1.07393, -1.50171, 0.07453, 1.07717, -1.55066
-0.08194, 0.97760, -1.42656, 0.16437, 0.85469, -1.47513, 0.08097, 1.07406, -1.50140, 0.07430, 1.07730, -1.55056
-0.08222, 0.97757, -1.42622, 0.16394, 0.85495, -1.47453, 0.08054, 1.07415, -1.50112, 0.07413, 1.07742, -1.55045
-0.08253, 0.97753, -1.42593, 0.16340, 0.85519, -1.47407, 0.07991, 1.07415, -1.50095, 0.07397, 1.07752, -1.55025
-0.08269, 0.97751, -1.42565, 0.16300, 0.85542, -1.47371, 0.07945, 1.07417, -1.50076, 0.07391, 1.07759, -1.55012
-0.08278, 0.97748, -1.42550, 0.16276, 0.85554, -1.47354, 0.07909, 1.07417, -1.50058, 0.07385, 1.07764, -1.54998
-0.08269, 0.97749, -1.42541, 0.16281, 0.85559, -1.47361, 0.07896, 1.07421, -1.50042, 0.07386, 1.07769, -1.54991
-0.08256, 0.97752, -1.42539, 0.16303, 0.85559, -1.47373, 0.07898, 1.07422, -1.50022, 0.07389, 1.07773, -1.54982
